=== Question Generation Session Started ===
Log file: logs/question_generation_2025-06-06_19-28-35.log
Timestamp: 2025-06-06 19:28:35
================================================================================
Primary user already exists
Initialized - Difficulty: 1, Mock: True
================================================================================
PAPER GENERATION SESSION STARTED
================================================================================
Starting GMAT paper generation - Difficulty: 1
GMAT TA, Error: message received for QuestionTable is:
{
   "tables": [
      {
         "type": "simple table",
         "table_name": "Selected Tech Company Financial Performance (FY2023)",
         "columns": ["Company Name", "Sector", "Revenue (B USD)", "Profit Margin (%)", "R&D Spend (% of Revenue)"],
         "rows": [
            "TechGrowth Inc.",
            "Innovate Solutions",
            "E-Global Retail",
            "FinTech Innovations",
            "CloudCore Corp.",
            "NextGen Devices",
            "Digital Nexus",
            "Quantum Leap Systems"
         ],
         "data": [
            ["TechGrowth Inc.", "Software", 25.5, 18.2, 15.0],
            ["Innovate Solutions", "Hardware", 18.3, 12.5, 10.5],
            ["E-Global Retail", "E-commerce", 32.1, 8.9, 5.2],
            ["FinTech Innovations", "Fintech", 12.8, 22.1, 18.0],
            ["CloudCore Corp.", "Software", 21.0, 16.5, 13.5],
            ["NextGen Devices", "Hardware", 15.7, 10.3, 9.8],
            ["Digital Nexus", "E-commerce", 28.9, 7.5, 6.0],
            ["Quantum Leap Systems", "Fintech", 10.1, 25.0, 20.5]
         ]
      }
   ]
}
Error: 'NoneType' object has no attribute 'group'
Retrying _generate - attempt 1/ 3
GMAT TA, Error: message received for QuestionTable is:
{
   "tables": [
      {
         "type": "simple table",
         "table_name": "Project Resource Allocation Summary",
         "columns": ["Project ID", "Department", "Resource Type", "Allocated Hours", "Actual Hours Used", "Status"],
         "rows": ["P101", "P102", "P103", "P104", "P105", "P106", "P107", "P108"],
         "data": [
            ["P101", "Engineering", "Developer", 120, 115, "On Track"],
            ["P102", "Design", "Designer", 80, 90, "Over Budget"],
            ["P103", "Marketing", "Analyst", 60, 55, "Under Budget"],
            ["P104", "Engineering", "Tester", 100, 100, "On Track"],
            ["P105", "QA", "Tester", 70, 75, "Over Budget"],
            ["P106", "Design", "Developer", 90, 85, "Under Budget"],
            ["P107", "Marketing", "Manager", 50, 50, "On Track"],
            ["P108", "Engineering", "Developer", 150, 160, "Over Budget"]
         ]
      }
   ]
}
Error: 'NoneType' object has no attribute 'group'
Retrying _generate - attempt 1/ 3
GMAT MSR, Error received for SourceInfo is: 
{
   "source_info": "This table provides data on global energy production and associated carbon emissions, broken down by major economic sectors for the year 2022. It includes metrics such as energy produced, carbon emissions, calculated energy efficiency (carbon emitted per unit of energy), and the percentage of renewable energy utilized within each sector's total energy production.",
   "content": {
      "type": "2 Category Table",
      "table_name": "Global Energy Production & Carbon Emissions by Sector (2022)",
      "columns": ["Sector", "Energy Production (Thousand TWh)", "Carbon Emissions (Million Tons CO2)", "Energy Efficiency (CO2/TWh)", "Renewable Share (%)"],
      "rows": ["Industrial", "Residential", "Commercial", "Transportation", "Agriculture", "Power Generation (Fossil)", "Power Generation (Renewable)"],
      "data": [
         ["Industrial", 2500, 8000, 3.20, 15],
         ["Residential", 1800, 4500, 2.50, 20],
         ["Commercial", 1500, 3500, 2.33, 25],
         ["Transportation", 1200, 7000, 5.83, 5],
         ["Agriculture", 800, 1500, 1.88, 30],
         ["Power Generation (Fossil)", 3000, 12000, 4.00, 0],
         ["Power Generation (Renewable)", 1000, 100, 0.10, 100]
      ]
   }
}
Error: 'NoneType' object has no attribute 'group'GMAT GI, Error: message received for questionGraph is:
{
  "graphs": [
    {
      "graph": "bar chart",
      "title": "Operating Expenses by Department and Category - FY2023",
      "description": "This bar chart illustrates the breakdown of operating expenses across different departments (Department A, Department B, Department C) for various expense categories (Salaries, Rent, Utilities, Marketing) for the fiscal year 2023. All values are in thousands of USD.",
      "x-axis": "Expense Categories",
      "y-axis": "Expenditure (in thousands USD)",
      "data": [
        { "category": "Salaries", "Department A": 500, "Department B": 350, "Department C": 200 },
        { "category": "Rent", "Department A": 150, "Department B": 100, "Department C": 80 },
        { "category": "Utilities", "Department A": 50, "Department B": 30, "Department C": 20 },
        { "category": "Marketing", "Department A": 100, "Department B": 120, "Department C": 70 },
        { "category": "Supplies", "Department A": 30, "Department B": 20, "Department C": 15 }
      ]
    }
  ]
}
 Error: 'NoneType' object has no attribute 'group'

GMAT TPA, Error message: received for ParentQuestionContent is: 
{
  "content": {
    "type": "Stacked Bar Chart",
    "graph": "stacked bar chart",
    "title": "Quarterly Budget Allocation by Strategic Area (FY2023)",
    "description": "This chart illustrates the quarterly budget allocation in thousands of USD across four key strategic areas: Research & Development (R&D), Marketing & Sales (M&S), Operations Improvement (Ops), and New Market Expansion (NME) for the fiscal year 2023.",
    "x-axis": "Quarter",
    "y-axis": "Budget (in `000 USD)",
    "data": [
      {
        "category": "Q1",
        "values": [
          { "area": "R&D", "value": 200 },
          { "area": "M&S", "value": 150 },
          { "area": "Ops", "value": 100 },
          { "area": "NME", "value": 50 }
        ]
      },
      {
        "category": "Q2",
        "values": [
          { "area": "R&D", "value": 220 },
          { "area": "M&S", "value": 180 },
          { "area": "Ops", "value": 110 },
          { "area": "NME", "value": 70 }
        ]
      },
      {
        "category": "Q3",
        "values": [
          { "area": "R&D", "value": 180 },
          { "area": "M&S", "value": 200 },
          { "area": "Ops", "value": 120 },
          { "area": "NME", "value": 90 }
        ]
      },
      {
        "category": "Q4",
        "values": [
          { "area": "R&D", "value": 250 },
          { "area": "M&S", "value": 160 },
          { "area": "Ops", "value": 130 },
          { "area": "NME", "value": 100 }
        ]
      }
    ]
  }
}
Error: 'NoneType' object has no attribute 'group'Retrying _generate - attempt 1/ 3Retrying _generate - attempt 1/ 3


Retrying _generate - attempt 1/ 3
GMAT GI, Error: message received for questionGraph is:
{
  "graphs": [
    {
      "graph": "stacked bar chart",
      "title": "Quarterly Investment Portfolio Performance by Asset Class",
      "description": "This chart illustrates the total value of an investment portfolio across four quarters, broken down by the contribution of different asset classes: Stocks, Bonds, and Real Estate. Values are in thousands of US dollars.",
      "x-axis": "Quarter",
      "y-axis": "Portfolio Value (in $ Thousands)",
      "data": [
        {
          "category": "Q1",
          "values": [
            { "asset_class": "Stocks", "value": 150 },
            { "asset_class": "Bonds", "value": 100 },
            { "asset_class": "Real Estate", "value": 50 }
          ]
        },
        {
          "category": "Q2",
          "values": [
            { "asset_class": "Stocks", "value": 180 },
            { "asset_class": "Bonds", "value": 105 },
            { "asset_class": "Real Estate", "value": 60 }
          ]
        },
        {
          "category": "Q3",
          "values": [
            { "asset_class": "Stocks", "value": 210 },
            { "asset_class": "Bonds", "value": 110 },
            { "asset_class": "Real Estate", "value": 55 }
          ]
        },
        {
          "category": "Q4",
          "values": [
            { "asset_class": "Stocks", "value": 240 },
            { "asset_class": "Bonds", "value": 115 },
            { "asset_class": "Real Estate", "value": 65 }
          ]
        }
      ]
    }
  ]
}
 Error: 'NoneType' object has no attribute 'group'
Retrying _generate - attempt 1/ 3
GMAT TA, Error: message received for QuestionTable is:
{
   "tables": [
      {
         "type": "simple table",
         "table_name": "Selected Tech Company Financial Performance (FY2023)",
         "columns": ["Company Name", "Sector", "Revenue (B USD)", "Profit Margin (%)", "R&D Spend (% of Revenue)"],
         "rows": [
            "TechGrowth Inc.",
            "Innovate Solutions",
            "E-Global Retail",
            "FinTech Innovations",
            "CloudCore Corp.",
            "NextGen Devices",
            "Digital Nexus",
            "Quantum Leap Systems"
         ],
         "data": [
            ["TechGrowth Inc.", "Software", 25.5, 18.2, 15.0],
            ["Innovate Solutions", "Hardware", 18.3, 12.5, 10.5],
            ["E-Global Retail", "E-commerce", 32.1, 8.9, 5.2],
            ["FinTech Innovations", "Fintech", 12.8, 22.1, 18.0],
            ["CloudCore Corp.", "Software", 21.0, 16.5, 13.5],
            ["NextGen Devices", "Hardware", 15.7, 10.3, 9.8],
            ["Digital Nexus", "E-commerce", 28.9, 7.5, 6.0],
            ["Quantum Leap Systems", "Fintech", 10.1, 25.0, 20.5]
         ]
      }
   ]
}
Error: 'NoneType' object has no attribute 'group'
Retrying _generate - attempt 2/ 3
GMAT GI, Error: message received for questionText is: 
 {
   "question": "The total cost incurred for Road Transport from January to June was approximately ___________ USD, while the largest monthly cost difference between Road Transport and Rail Transport occurred in ___________. "
}
```
Error: 'NoneType' object has no attribute 'group'GMAT TPA, Error message: received for ParentQuestionContent is: 
{
  "content": {
    "type": "Stacked Bar Chart",
    "graph": "stacked bar chart",
    "title": "Quarterly Budget Allocation by Strategic Area (FY2023)",
    "description": "This chart illustrates the quarterly budget allocation in thousands of USD across four key strategic areas: Research & Development (R&D), Marketing & Sales (M&S), Operations Improvement (Ops), and New Market Expansion (NME) for the fiscal year 2023.",
    "x-axis": "Quarter",
    "y-axis": "Budget (in `000 USD)",
    "data": [
      {
        "category": "Q1",
        "values": [
          { "area": "R&D", "value": 200 },
          { "area": "M&S", "value": 150 },
          { "area": "Ops", "value": 100 },
          { "area": "NME", "value": 50 }
        ]
      },
      {
        "category": "Q2",
        "values": [
          { "area": "R&D", "value": 220 },
          { "area": "M&S", "value": 180 },
          { "area": "Ops", "value": 110 },
          { "area": "NME", "value": 70 }
        ]
      },
      {
        "category": "Q3",
        "values": [
          { "area": "R&D", "value": 180 },
          { "area": "M&S", "value": 200 },
          { "area": "Ops", "value": 120 },
          { "area": "NME", "value": 90 }
        ]
      },
      {
        "category": "Q4",
        "values": [
          { "area": "R&D", "value": 250 },
          { "area": "M&S", "value": 160 },
          { "area": "Ops", "value": 130 },
          { "area": "NME", "value": 100 }
        ]
      }
    ]
  }
}
Error: 'NoneType' object has no attribute 'group'GMAT GI, Error: message received for questionGraph is:
{
  "graphs": [
    {
      "graph": "bar chart",
      "title": "Operating Expenses by Department and Category - FY2023",
      "description": "This bar chart illustrates the breakdown of operating expenses across different departments (Department A, Department B, Department C) for various expense categories (Salaries, Rent, Utilities, Marketing, Supplies) for the fiscal year 2023. All values are in thousands of USD.",
      "x-axis": "Expense Categories",
      "y-axis": "Expenditure (in thousands USD)",
      "data": [
        { "category": "Salaries", "Department A": 500, "Department B": 350, "Department C": 200 },
        { "category": "Rent", "Department A": 150, "Department B": 100, "Department C": 80 },
        { "category": "Utilities", "Department A": 50, "Department B": 30, "Department C": 20 },
        { "category": "Marketing", "Department A": 100, "Department B": 120, "Department C": 70 },
        { "category": "Supplies", "Department A": 30, "Department B": 20, "Department C": 15 }
      ]
    }
  ]
}
 Error: 'NoneType' object has no attribute 'group'


Retrying _generate - attempt 2/ 3
Retrying _generate - attempt 2/ 3Retrying _generate - attempt 1/ 3

GMAT TA, Error: message received for QuestionTable is:
{
   "tables": [
      {
         "type": "simple table",
         "table_name": "Project Resource Allocation Summary",
         "columns": ["Project ID", "Department", "Resource Type", "Allocated Hours", "Actual Hours Used", "Status"],
         "rows": ["P101", "P102", "P103", "P104", "P105", "P106", "P107", "P108"],
         "data": [
            ["P101", "Engineering", "Developer", 120, 115, "On Track"],
            ["P102", "Design", "Designer", 80, 90, "Over Budget"],
            ["P103", "Marketing", "Analyst", 60, 55, "Under Budget"],
            ["P104", "Engineering", "Tester", 100, 100, "On Track"],
            ["P105", "QA", "Tester", 70, 75, "Over Budget"],
            ["P106", "Design", "Developer", 90, 85, "Under Budget"],
            ["P107", "Marketing", "Manager", 50, 50, "On Track"],
            ["P108", "Engineering", "Developer", 150, 160, "Over Budget"]
         ]
      }
   ]
}
Error: 'NoneType' object has no attribute 'group'
Retrying _generate - attempt 2/ 3
GMAT GI, Error: message received for questionGraph is:
{
  "graphs": [
    {
      "graph": "stacked bar chart",
      "title": "Quarterly Investment Portfolio Performance by Asset Class",
      "description": "This chart illustrates the total value of an investment portfolio across four quarters, broken down by the contribution of different asset classes: Stocks, Bonds, and Real Estate. Values are in thousands of US dollars.",
      "x-axis": "Quarter",
      "y-axis": "Portfolio Value (in $ Thousands)",
      "data": [
        {
          "category": "Q1",
          "values": [
            { "asset_class": "Stocks", "value": 150 },
            { "asset_class": "Bonds", "value": 100 },
            { "asset_class": "Real Estate", "value": 50 }
          ]
        },
        {
          "category": "Q2",
          "values": [
            { "asset_class": "Stocks", "value": 180 },
            { "asset_class": "Bonds", "value": 105 },
            { "asset_class": "Real Estate", "value": 60 }
          ]
        },
        {
          "category": "Q3",
          "values": [
            { "asset_class": "Stocks", "value": 210 },
            { "asset_class": "Bonds", "value": 110 },
            { "asset_class": "Real Estate", "value": 55 }
          ]
        },
        {
          "category": "Q4",
          "values": [
            { "asset_class": "Stocks", "value": 240 },
            { "asset_class": "Bonds", "value": 115 },
            { "asset_class": "Real Estate", "value": 65 }
          ]
        }
      ]
    }
  ]
}
 Error: 'NoneType' object has no attribute 'group'
Retrying _generate - attempt 2/ 3
GMAT TA, Error: message received for QuestionTable is:
{
   "tables": [
      {
         "type": "simple table",
         "table_name": "Selected Tech Company Financial Performance (FY2023)",
         "columns": ["Company Name", "Sector", "Revenue (B USD)", "Profit Margin (%)", "R&D Spend (% of Revenue)"],
         "rows": [
            "TechGrowth Inc.",
            "Innovate Solutions",
            "E-Global Retail",
            "FinTech Innovations",
            "CloudCore Corp.",
            "NextGen Devices",
            "Digital Nexus",
            "Quantum Leap Systems"
         ],
         "data": [
            ["TechGrowth Inc.", "Software", 25.5, 18.2, 15.0],
            ["Innovate Solutions", "Hardware", 18.3, 12.5, 10.5],
            ["E-Global Retail", "E-commerce", 32.1, 8.9, 5.2],
            ["FinTech Innovations", "Fintech", 12.8, 22.1, 18.0],
            ["CloudCore Corp.", "Software", 21.0, 16.5, 13.5],
            ["NextGen Devices", "Hardware", 15.7, 10.3, 9.8],
            ["Digital Nexus", "E-commerce", 28.9, 7.5, 6.0],
            ["Quantum Leap Systems", "Fintech", 10.1, 25.0, 20.5]
         ]
      }
   ]
}
Error: 'NoneType' object has no attribute 'group'
Retrying _generate - attempt 3/ 3
GMAT TA, Error: message received for QuestionText is: 
{
   "question": "A financial analyst is evaluating the performance of various tech companies for potential investment. The provided table summarizes key financial metrics for selected companies in different sectors for the fiscal year 2023. Based on the data presented, determine whether each of the following statements is true regarding the companies' financial performance."
}
Error: 'NoneType' object has no attribute 'group'
Retrying _generate - attempt 1/ 3
GMAT TPA, Error message: received for ParentQuestionContent is: 
{
  "content": {
    "type": "Stacked Bar Chart",
    "graph": "stacked bar chart",
    "title": "Quarterly Budget Allocation by Strategic Area (FY2023)",
    "description": "This chart illustrates the quarterly budget allocation in thousands of USD across four key strategic areas: Research & Development (R&D), Marketing & Sales (M&S), Operations Improvement (Ops), and New Market Expansion (NME) for the fiscal year 2023.",
    "x-axis": "Quarter",
    "y-axis": "Budget (in `000 USD)",
    "data": [
      {
        "category": "Q1",
        "values": [
          { "area": "R&D", "value": 200 },
          { "area": "M&S", "value": 150 },
          { "area": "Ops", "value": 100 },
          { "area": "NME", "value": 50 }
        ]
      },
      {
        "category": "Q2",
        "values": [
          { "area": "R&D", "value": 220 },
          { "area": "M&S", "value": 180 },
          { "area": "Ops", "value": 110 },
          { "area": "NME", "value": 70 }
        ]
      },
      {
        "category": "Q3",
        "values": [
          { "area": "R&D", "value": 180 },
          { "area": "M&S", "value": 200 },
          { "area": "Ops", "value": 120 },
          { "area": "NME", "value": 90 }
        ]
      },
      {
        "category": "Q4",
        "values": [
          { "area": "R&D", "value": 250 },
          { "area": "M&S", "value": 160 },
          { "area": "Ops", "value": 130 },
          { "area": "NME", "value": 100 }
        ]
      }
    ]
  }
}
Error: 'NoneType' object has no attribute 'group'
Retrying _generate - attempt 3/ 3
GMAT TA, Error: message received for QuestionText is: 
{
   "question": "A financial analyst is evaluating the performance of various tech companies for potential investment. The provided table summarizes key financial metrics for selected companies in different sectors for the fiscal year 2023. Based on the data presented, determine whether each of the following statements is true regarding the companies` financial performance."
}
Error: 'NoneType' object has no attribute 'group'
Retrying _generate - attempt 2/ 3
GMAT MSR, Error received for SourceInfo is: 
{
   "source_info": "This table provides data on global energy production and associated carbon emissions, broken down by major economic sectors for the year 2022. It includes metrics such as energy produced, carbon emissions, calculated energy efficiency (carbon emitted per unit of energy), and the percentage of renewable energy utilized within each sector`s total energy production.",
   "content": {
      "type": "2 Category Table",
      "table_name": "Global Energy Production & Carbon Emissions by Sector (2022)",
      "columns": ["Sector", "Energy Production (Thousand TWh)", "Carbon Emissions (Million Tons CO2)", "Energy Efficiency (CO2/TWh)", "Renewable Share (%)"],
      "rows": ["Industrial", "Residential", "Commercial", "Transportation", "Agriculture", "Power Generation (Fossil)", "Power Generation (Renewable)"],
      "data": [
         ["Industrial", 2500, 8000, 3.20, 15],
         ["Residential", 1800, 4500, 2.50, 20],
         ["Commercial", 1500, 3500, 2.33, 25],
         ["Transportation", 1200, 7000, 5.83, 5],
         ["Agriculture", 800, 1500, 1.88, 30],
         ["Power Generation (Fossil)", 3000, 12000, 4.00, 0],
         ["Power Generation (Renewable)", 1000, 100, 0.10, 100]
      ]
   }
}
Error: 'NoneType' object has no attribute 'group'
Retrying _generate - attempt 2/ 3
GMAT TA, Error: message received for QuestionText is: 
{
   "question": "A financial analyst is evaluating the performance of various tech companies for potential investment. The provided table summarizes key financial metrics for selected companies in different sectors for the fiscal year 2023. Based on the data presented, determine whether each of the following statements is true regarding the companies` financial performance."
}
Error: 'NoneType' object has no attribute 'group'
Retrying _generate - attempt 3/ 3
GMAT GI, Error: message received for questionGraph is:
{
  "graphs": [
    {
      "graph": "bar chart",
      "title": "Operating Expenses by Department and Category - FY2023",
      "description": "This bar chart illustrates the breakdown of operating expenses across different departments (Department A, Department B, Department C) for various expense categories (Salaries, Rent, Utilities, Marketing, Supplies) for the fiscal year 2023. All values are in thousands of USD.",
      "x-axis": "Expense Categories",
      "y-axis": "Expenditure (in thousands USD)",
      "data": [
        { "category": "Salaries", "Department A": 500, "Department B": 350, "Department C": 200 },
        { "category": "Rent", "Department A": 150, "Department B": 100, "Department C": 80 },
        { "category": "Utilities", "Department A": 50, "Department B": 30, "Department C": 20 },
        { "category": "Marketing", "Department A": 100, "Department B": 120, "Department C": 70 },
        { "category": "Supplies", "Department A": 30, "Department B": 20, "Department C": 15 }
      ]
    }
  ]
}
 Error: 'NoneType' object has no attribute 'group'
Retrying _generate - attempt 3/ 3
GMAT GI, Error: message received for questionText is: 
 {
   "question": "Based on the operating profit trends, the department that demonstrated the most consistent quarter-over-quarter profit increase throughout FY2023 was ___________, and its average quarterly operating profit was approximately ___________ thousands of USD."
}
Error: 'NoneType' object has no attribute 'group'
GMAT TPA, Error message: received for QuestionText:
{
  "question": "What was the total budget allocated to Marketing & Sales (M&S) across all four quarters in FY2023, in thousands of USD?"
}
Error: 'NoneType' object has no attribute 'group'
Retrying _generate - attempt 1/ 3
Retrying _generate - attempt 1/ 3
GMAT TA, Error: message received for QuestionTable is:
{
   "tables": [
      {
         "type": "simple table",
         "table_name": "Project Resource Allocation Summary",
         "columns": ["Project ID", "Department", "Resource Type", "Allocated Hours", "Actual Hours Used", "Status"],
         "rows": ["P101", "P102", "P103", "P104", "P105", "P106", "P107", "P108"],
         "data": [
            ["P101", "Engineering", "Developer", 120, 115, "On Track"],
            ["P102", "Design", "Designer", 80, 90, "Over Budget"],
            ["P103", "Marketing", "Analyst", 60, 55, "Under Budget"],
            ["P104", "Engineering", "Tester", 100, 100, "On Track"],
            ["P105", "QA", "Tester", 70, 75, "Over Budget"],
            ["P106", "Design", "Developer", 90, 85, "Under Budget"],
            ["P107", "Marketing", "Manager", 50, 50, "On Track"],
            ["P108", "Engineering", "Developer", 150, 160, "Over Budget"]
         ]
      }
   ]
}
Error: 'NoneType' object has no attribute 'group'
Retrying _generate - attempt 3/ 3
GMAT TA, Error: message received for QuestionTitle is: 
{
   "title": "Analysis of Tech Company Financial Performance for Investment"
}
Error: 'NoneType' object has no attribute 'group'
Retrying _generate - attempt 1/ 3
GMAT GI, Error: message received for questionText is: 
 {
  "question": "The total operating expenditure for Department A in FY2023 was ___________ thousand USD, while the total expenditure on Marketing across all departments combined amounted to ___________ thousand USD."
}
Error: 'NoneType' object has no attribute 'group'
Retrying _generate - attempt 1/ 3
GMAT TA, Error: message received for QuestionTitle is: 
{
   "title": "Analysis of Tech Company Financial Performance for Investment"
}
Error: 'NoneType' object has no attribute 'group'
Retrying _generate - attempt 2/ 3
GMAT MSR, Error received for SourceInfo is: 
{
   "source_info": "This table provides data on global energy production and associated carbon emissions, broken down by major economic sectors for the year 2022. It includes metrics such as energy produced, carbon emissions, calculated energy efficiency (carbon emitted per unit of energy), and the percentage of renewable energy utilized within each sector`s total energy production.",
   "content": {
      "type": "2 Category Table",
      "table_name": "Global Energy Production & Carbon Emissions by Sector (2022)",
      "columns": ["Sector", "Energy Production (Thousand TWh)", "Carbon Emissions (Million Tons CO2)", "Energy Efficiency (CO2/TWh)", "Renewable Share (%)"],
      "rows": ["Industrial", "Residential", "Commercial", "Transportation", "Agriculture", "Power Generation (Fossil)", "Power Generation (Renewable)"],
      "data": [
         ["Industrial", 2500, 8000, 3.20, 15],
         ["Residential", 1800, 4500, 2.50, 20],
         ["Commercial", 1500, 3500, 2.33, 25],
         ["Transportation", 1200, 7000, 5.83, 5],
         ["Agriculture", 800, 1500, 1.88, 30],
         ["Power Generation (Fossil)", 3000, 12000, 4.00, 0],
         ["Power Generation (Renewable)", 1000, 100, 0.10, 100]
      ]
   }
}
Error: 'NoneType' object has no attribute 'group'
Retrying _generate - attempt 3/ 3
GMAT TPA, Error message: received for QuestionText:
{
  "question": "What was the total budget allocated to Marketing & Sales (M&S) across all four quarters in FY2023, in thousands of USD?"
}
Error: 'NoneType' object has no attribute 'group'
Retrying _generate - attempt 2/ 3
GMAT TA, Error: message received for QuestionText is: 
{
   "question": "A project management firm is evaluating the efficiency of its resource allocation across various departments. The `Project Resource Allocation Summary` table details the allocated versus actual hours used for different projects and their current status. The firm aims to identify patterns in resource utilization and project performance. Based on the information provided in the table, determine whether each of the following statements is true."
}
Error: 'NoneType' object has no attribute 'group'
Retrying _generate - attempt 1/ 3
GMAT TA, Error: message received for QuestionTitle is: 
{
   "title": "Analysis of Tech Company Financial Performance for Investment"
}
Error: 'NoneType' object has no attribute 'group'
Retrying _generate - attempt 3/ 3
Rate limit safety: waiting 37.7s (requests: 9, elapsed: 23.3s)
GMAT GI, Error: message received for questionText is: 
 {
   "question": "Based on the operating profit trends, the department that demonstrated the most consistent quarter-over-quarter profit increase throughout FY2023 was ___________, and its average quarterly operating profit was approximately ___________ thousands of USD."
}
Error: 'NoneType' object has no attribute 'group'
Retrying _generate - attempt 2/ 3
GMAT TPA, Error message: received for QuestionText:
{
  "question": "What was the total budget allocated to Marketing & Sales (M&S) across all four quarters in FY2023, in thousands of USD?"
}
Error: 'NoneType' object has no attribute 'group'
Retrying _generate - attempt 3/ 3

Attempt 1 failed:
Error type: IndexError
Error message: list index out of range
Generator class: Generate_TPA
Traceback:
  File "/Users/tanmaykumar/Desktop/LangChain-py/GMAT/Mock.py", line 159, in generate_question_with_retry
    question_data = question_generator.generate_question()
                    ^^^^^^^^^^^^^^^^^^^^^^^^^^^^^^^^^^^^^^
  File "/Users/tanmaykumar/Desktop/LangChain-py/GMAT/Integrated_Reasoning/files/TPA.py", line 55, in generate_question
    q1["question"] = questions[0]
                     ~~~~~~~~~^^^
Error: list index out of range

Attempt 1 failed, retrying: list index out of range
Prompt: TPA - <Strategy and Management> - <Data Interpretation> - <Stacked Bar Chart> - <difficulty_level: 4>


GMAT TA, Error: message received for QuestionText is: 
{
   "question": "A project management firm is evaluating the efficiency of its resource allocation across various departments. The `Project Resource Allocation Summary` table details the allocated versus actual hours used for different projects and their current status. The firm aims to identify patterns in resource utilization and project performance. Based on the information provided in the table, determine whether each of the following statements is true."
}
Error: 'NoneType' object has no attribute 'group'
Retrying _generate - attempt 2/ 3
GMAT GI, Error: message received for questionGraph is:
{
  "graphs": [
    {
      "graph": "stacked bar chart",
      "title": "Quarterly Investment Portfolio Performance by Asset Class",
      "description": "This chart illustrates the total value of an investment portfolio across four quarters, broken down by the contribution of different asset classes: Stocks, Bonds, and Real Estate. Values are in thousands of US dollars.",
      "x-axis": "Quarter",
      "y-axis": "Portfolio Value (in $ Thousands)",
      "data": [
        {
          "category": "Q1",
          "values": [
            { "asset_class": "Stocks", "value": 150 },
            { "asset_class": "Bonds", "value": 100 },
            { "asset_class": "Real Estate", "value": 50 }
          ]
        },
        {
          "category": "Q2",
          "values": [
            { "asset_class": "Stocks", "value": 180 },
            { "asset_class": "Bonds", "value": 105 },
            { "asset_class": "Real Estate", "value": 60 }
          ]
        },
        {
          "category": "Q3",
          "values": [
            { "asset_class": "Stocks", "value": 210 },
            { "asset_class": "Bonds", "value": 110 },
            { "asset_class": "Real Estate", "value": 55 }
          ]
        },
        {
          "category": "Q4",
          "values": [
            { "asset_class": "Stocks", "value": 240 },
            { "asset_class": "Bonds", "value": 115 },
            { "asset_class": "Real Estate", "value": 65 }
          ]
        }
      ]
    }
  ]
}
 Error: 'NoneType' object has no attribute 'group'
Retrying _generate - attempt 3/ 3
GMAT GI, Error: message received for questionText is: 
 {
  "question": "The total operating expenditure for Department A in FY2023 was ___________ thousand USD, while the total expenditure on Marketing across all departments combined amounted to ___________ thousand USD."
}
Error: 'NoneType' object has no attribute 'group'
Retrying _generate - attempt 2/ 3
GMAT TA, Error: message received for QuestionText is: 
{
   "question": "A project management firm is evaluating the efficiency of its resource allocation across various departments. The `Project Resource Allocation Summary` table details the allocated versus actual hours used for different projects and their current status. The firm aims to identify patterns in resource utilization and project performance. Based on the information provided in the table, determine whether each of the following statements is true."
}
Error: 'NoneType' object has no attribute 'group'
Retrying _generate - attempt 3/ 3
GMAT GI, Error: message received for questionText is: 
 {
   "question": "Based on the operating profit trends, the department that demonstrated the most consistent quarter-over-quarter profit increase throughout FY2023 was ___________, and its average quarterly operating profit was approximately ___________ thousands of USD."
}
Error: 'NoneType' object has no attribute 'group'
Retrying _generate - attempt 3/ 3
GMAT GI, Error: message received for questionTitle is: {
   "title": "Departmental Profit Trends and Average Performance"
}
Error: 'NoneType' object has no attribute 'group'
Retrying _generate - attempt 1/ 3
GMAT TA, Error: message received for QuestionTitle is: 
{
   "title": "Project Resource Allocation Efficiency Analysis"
}
Error: 'NoneType' object has no attribute 'group'
Retrying _generate - attempt 1/ 3
GMAT GI, Error: message received for questionText is: 
 {
  "question": "The total operating expenditure for Department A in FY2023 was ___________ thousand USD, while the total expenditure on Marketing across all departments combined amounted to ___________ thousand USD."
}
Error: 'NoneType' object has no attribute 'group'
Retrying _generate - attempt 3/ 3
GMAT MSR, Error received for SourceInfo is: 
{
   "source_info": "This table presents key economic indicators for the same sectors outlined in SourceInfo_1, detailing their respective investments in green technologies and their overall contribution to the national Gross Domestic Product (GDP) for the year 2022. This data aims to provide context on the economic implications and efforts towards sustainability within each sector.",
   "content": {
      "type": "2 Category Table",
      "table_name": "Economic Indicators and Green Investment by Sector (2022)",
      "columns": ["Sector", "Investment in Green Technologies (Billion USD)", "Contribution to National GDP (%)", "Average Sector Employment (Thousands)"],
      "rows": ["Industrial", "Residential", "Commercial", "Transportation", "Agriculture", "Power Generation (Fossil)", "Power Generation (Renewable)"],
      "data": [
         ["Industrial", 180, 28, 15000],
         ["Residential", 40, 10, 5000],
         ["Commercial", 90, 15, 8000],
         ["Transportation", 60, 12, 6000],
         ["Agriculture", 25, 7, 3000],
         ["Power Generation (Fossil)", 15, 9, 2000],
         ["Power Generation (Renewable)", 250, 3, 1000]
      ]
   }
}
Error: 'NoneType' object has no attribute 'group'
Retrying _generate - attempt 1/ 3
GMAT GI, Error: message received for questionTitle is: {
  "title": "FY2023 Operating Expenses: Departmental Totals and Marketing Expenditures"
}
Error: 'NoneType' object has no attribute 'group'
Retrying _generate - attempt 1/ 3
GMAT GI, Error: message received for questionTitle is: {
   "title": "Departmental Profit Trends and Average Performance"
}
Error: 'NoneType' object has no attribute 'group'
Retrying _generate - attempt 2/ 3
GMAT TPA, Error message: received for ParentQuestionContent is: 
{
  "type": "Stacked Bar Chart",
  "graph": "stacked bar chart",
  "title": "Quarterly Funding Allocation for Strategic Initiatives (Q1-Q4)",
  "description": "This chart illustrates the total funding distributed across four strategic initiatives for the entire year, broken down by resource type: Budget, Personnel, and Technology. All figures are in thousands of USD.",
  "x-axis": "Strategic Initiative",
  "y-axis": "Allocated Resources (in '000 USD)",
  "data": [
    {
      "category": "Product Innovation",
      "values": [
        { "resource": "Budget", "value": 600 },
        { "resource": "Personnel", "value": 750 },
        { "resource": "Technology", "value": 450 }
      ]
    },
    {
      "category": "Market Expansion",
      "values": [
        { "resource": "Budget", "value": 800 },
        { "resource": "Personnel", "value": 500 },
        { "resource": "Technology", "value": 300 }
      ]
    },
    {
      "category": "Operational Efficiency",
      "values": [
        { "resource": "Budget", "value": 400 },
        { "resource": "Personnel", "value": 600 },
        { "resource": "Technology", "value": 500 }
      ]
    },
    {
      "category": "Customer Engagement",
      "values": [
        { "resource": "Budget", "value": 300 },
        { "resource": "Personnel", "value": 450 },
        { "resource": "Technology", "value": 250 }
      ]
    }
  ]
}
Error: 'NoneType' object has no attribute 'group'
Retrying _generate - attempt 1/ 3
GMAT MSR, Error received for SourceInfo is: 
{
   "source_info": "This table presents key economic indicators for the same sectors outlined in SourceInfo_1, detailing their respective investments in green technologies and their overall contribution to the national Gross Domestic Product (GDP) for the year 2022. This data aims to provide context on the economic implications and efforts towards sustainability within each sector.",
   "content": {
      "type": "2 Category Table",
      "table_name": "Economic Indicators and Green Investment by Sector (2022)",
      "columns": ["Sector", "Investment in Green Technologies (Billion USD)", "Contribution to National GDP (%)", "Average Sector Employment (Thousands)"],
      "rows": ["Industrial", "Residential", "Commercial", "Transportation", "Agriculture", "Power Generation (Fossil)", "Power Generation (Renewable)"],
      "data": [
         ["Industrial", 180, 28, 15000],
         ["Residential", 40, 10, 5000],
         ["Commercial", 90, 15, 8000],
         ["Transportation", 60, 12, 6000],
         ["Agriculture", 25, 7, 3000],
         ["Power Generation (Fossil)", 15, 9, 2000],
         ["Power Generation (Renewable)", 250, 3, 1000]
      ]
   }
}
Error: 'NoneType' object has no attribute 'group'
Retrying _generate - attempt 2/ 3
GMAT TA, Error: message received for QuestionTitle is: 
{
   "title": "Project Resource Allocation Efficiency Analysis"
}
Error: 'NoneType' object has no attribute 'group'
Retrying _generate - attempt 2/ 3
GMAT GI, Error: message received for questionTitle is: {
  "title": "FY2023 Operating Expenses: Departmental Totals and Marketing Expenditures"
}
Error: 'NoneType' object has no attribute 'group'
Retrying _generate - attempt 2/ 3
GMAT GI, Error: message received for questionTitle is: {
   "title": "Departmental Profit Trends and Average Performance"
}
Error: 'NoneType' object has no attribute 'group'
Retrying _generate - attempt 3/ 3
GMAT GI, Error: message received for questionGraph is:
{
   "graphs": [
    {
      "graph": "scatter plot",
      "title": "Project Budget vs. Actual Cost for Q3 2023",
      "description": "This scatter plot illustrates the original allocated budget against the actual expenditures for various projects completed by the company in Q3 2023. Each point represents a unique project.",
      "x-axis": "Original Budget (in $000s)",
      "y-axis": "Actual Cost (in $000s)",
      "data": [
        { "label": "Project Alpha", "x": 50, "y": 55 },
        { "label": "Project Beta", "x": 80, "y": 75 },
        { "label": "Project Gamma", "x": 60, "y": 60 },
        { "label": "Project Delta", "x": 100, "y": 110 },
        { "label": "Project Epsilon", "x": 70, "y": 65 }
      ]
    }
   ]
}
 Error: 'NoneType' object has no attribute 'group'
Retrying _generate - attempt 1/ 3
GMAT TA, Error: message received for QuestionTitle is: 
{
   "title": "Project Resource Allocation Efficiency Analysis"
}
Error: 'NoneType' object has no attribute 'group'
Retrying _generate - attempt 3/ 3
Rate limit safety: waiting 27.9s (requests: 9, elapsed: 33.1s)
GMAT GI, Error: message received for questionTitle is: {
  "title": "FY2023 Operating Expenses: Departmental Totals and Marketing Expenditures"
}
Error: 'NoneType' object has no attribute 'group'
Retrying _generate - attempt 3/ 3
Rate limit safety: waiting 27.8s (requests: 9, elapsed: 33.2s)
GMAT GI, Error: message received for questionText is: 
 {
  "question": "The total investment portfolio experienced an approximate growth of ___________ thousand US dollars from Q1 to Q4, whereas the largest single-quarter percentage increase for the Stocks asset class occurred in Q___________, based on the previous quarter's value."
}
Error: 'NoneType' object has no attribute 'group'
Retrying _generate - attempt 1/ 3
GMAT MSR, Error received for SourceInfo is: 
{
   "source_info": "This table presents key economic indicators for the same sectors outlined in SourceInfo_1, detailing their respective investments in green technologies and their overall contribution to the national Gross Domestic Product (GDP) for the year 2022. This data aims to provide context on the economic implications and efforts towards sustainability within each sector.",
   "content": {
      "type": "2 Category Table",
      "table_name": "Economic Indicators and Green Investment by Sector (2022)",
      "columns": ["Sector", "Investment in Green Technologies (Billion USD)", "Contribution to National GDP (%)", "Average Sector Employment (Thousands)"],
      "rows": ["Industrial", "Residential", "Commercial", "Transportation", "Agriculture", "Power Generation (Fossil)", "Power Generation (Renewable)"],
      "data": [
         ["Industrial", 180, 28, 15000],
         ["Residential", 40, 10, 5000],
         ["Commercial", 90, 15, 8000],
         ["Transportation", 60, 12, 6000],
         ["Agriculture", 25, 7, 3000],
         ["Power Generation (Fossil)", 15, 9, 2000],
         ["Power Generation (Renewable)", 250, 3, 1000]
      ]
   }
}
Error: 'NoneType' object has no attribute 'group'
Retrying _generate - attempt 3/ 3
GMAT GI, Error: message received for questionGraph is:
{
   "graphs": [
    {
      "graph": "scatter plot",
      "title": "Project Budget vs. Actual Cost for Q3 2023",
      "description": "This scatter plot illustrates the original allocated budget against the actual expenditures for various projects completed by the company in Q3 2023. Each point represents a unique project.",
      "x-axis": "Original Budget (in `000s)",
      "y-axis": "Actual Cost (in `000s)",
      "data": [
        { "label": "Project Alpha", "x": 50, "y": 55 },
        { "label": "Project Beta", "x": 80, "y": 75 },
        { "label": "Project Gamma", "x": 60, "y": 60 },
        { "label": "Project Delta", "x": 100, "y": 110 },
        { "label": "Project Epsilon", "x": 70, "y": 65 }
      ]
    }
   ]
}
 Error: 'NoneType' object has no attribute 'group'
Retrying _generate - attempt 2/ 3
GMAT TPA, Error message: received for ParentQuestionContent is: 
{
  "type": "Stacked Bar Chart",
  "graph": "stacked bar chart",
  "title": "Quarterly Funding Allocation for Strategic Initiatives (Q1-Q4)",
  "description": "This chart illustrates the total funding distributed across four strategic initiatives for the entire year, broken down by resource type: Budget, Personnel, and Technology. All figures are in thousands of USD.",
  "x-axis": "Strategic Initiative",
  "y-axis": "Allocated Resources (in '000 USD)",
  "data": [
    {
      "category": "Product Innovation",
      "values": [
        { "resource": "Budget", "value": 600 },
        { "resource": "Personnel", "value": 750 },
        { "resource": "Technology", "value": 450 }
      ]
    },
    {
      "category": "Market Expansion",
      "values": [
        { "resource": "Budget", "value": 800 },
        { "resource": "Personnel", "value": 500 },
        { "resource": "Technology", "value": 300 }
      ]
    },
    {
      "category": "Operational Efficiency",
      "values": [
        { "resource": "Budget", "value": 400 },
        { "resource": "Personnel", "value": 600 },
        { "resource": "Technology", "value": 500 }
      ]
    },
    {
      "category": "Customer Engagement",
      "values": [
        { "resource": "Budget", "value": 300 },
        { "resource": "Personnel", "value": 450 },
        { "resource": "Technology", "value": 250 }
      ]
    }
  ]
}
Error: 'NoneType' object has no attribute 'group'
Retrying _generate - attempt 2/ 3
GMAT GI, Error: message received for questionText is: 
 {
  "question": "The total investment portfolio experienced an approximate growth of ___________ thousand US dollars from Q1 to Q4, whereas the largest single-quarter percentage increase for the Stocks asset class occurred in Q___________, based on the previous quarter`s value."
}
Error: 'NoneType' object has no attribute 'group'
Retrying _generate - attempt 2/ 3
GMAT GI, Error: message received for questionGraph is:
{
   "graphs": [
    {
      "graph": "scatter plot",
      "title": "Project Budget vs. Actual Cost for Q3 2023",
      "description": "This scatter plot illustrates the original allocated budget against the actual expenditures for various projects completed by the company in Q3 2023. Each point represents a unique project.",
      "x-axis": "Original Budget (in `000s)",
      "y-axis": "Actual Cost (in `000s)",
      "data": [
        { "label": "Project Alpha", "x": 50, "y": 55 },
        { "label": "Project Beta", "x": 80, "y": 75 },
        { "label": "Project Gamma", "x": 60, "y": 60 },
        { "label": "Project Delta", "x": 100, "y": 110 },
        { "label": "Project Epsilon", "x": 70, "y": 65 }
      ]
    }
   ]
}
 Error: 'NoneType' object has no attribute 'group'
Retrying _generate - attempt 3/ 3
Rate limit safety: waiting 21.6s (requests: 9, elapsed: 39.4s)
GMAT GI, Error: message received for questionText is: 
 {
  "question": "The total investment portfolio experienced an approximate growth of ___________ thousand US dollars from Q1 to Q4, whereas the largest single-quarter percentage increase for the Stocks asset class occurred in Q___________, based on the previous quarter`s value."
}
Error: 'NoneType' object has no attribute 'group'
Retrying _generate - attempt 3/ 3
GMAT MSR, Error received for SourceInfo is: 
{
   "source_info": "This pie chart illustrates the global distribution of investments across various types of green technologies in 2022. It shows how the total capital allocated towards sustainable energy solutions and environmental improvements was segmented, providing insight into the prevailing focus areas within green technology development.",
   "content": {
      "type": "pie chart",
      "graph": "pie chart",
      "title": "Global Investment in Green Technologies by Type (2022)",
      "description": "This chart shows the percentage breakdown of total global investment in green technologies across different technology categories for the year 2022.",
      "data": [
         { "label": "Solar PV", "value": 38 },
         { "label": "Wind Power", "value": 30 },
         { "label": "Energy Storage (Batteries)", "value": 15 },
         { "label": "Green Hydrogen", "value": 10 },
         { "label": "Other Renewables & Efficiency", "value": 7 }
      ]
   }
}
Error: 'NoneType' object has no attribute 'group'
Retrying _generate - attempt 1/ 3
GMAT GI, Error: message received for questionTitle is: {
  "title": "Quarterly Investment Portfolio Growth and Asset Class Performance Analysis"
}
Error: 'NoneType' object has no attribute 'group'
Retrying _generate - attempt 1/ 3
GMAT TPA, Error message: received for ParentQuestionContent is: 
{
  "content": {
    "type": "Stacked Bar Chart",
    "graph": "stacked bar chart",
    "title": "Annual Resource Allocation for Strategic Initiatives (by Department)",
    "description": "This stacked bar chart illustrates the total annual resource allocation (in thousands of USD) for five key strategic initiatives across three primary departments: Research & Development (R&D), Marketing, and Operations. The data represents the consolidated budget, personnel, and technology expenditure for each initiative.",
    "x-axis": "Strategic Initiative",
    "y-axis": "Total Allocated Resources (in `000 USD)",
    "data": [
      {
        "category": "Digital Transformation",
        "values": [
          { "department": "R&D", "value": 700 },
          { "department": "Marketing", "value": 300 },
          { "department": "Operations", "value": 500 }
        ]
      },
      {
        "category": "Customer Loyalty Program",
        "values": [
          { "department": "R&D", "value": 150 },
          { "department": "Marketing", "value": 450 },
          { "department": "Operations", "value": 200 }
        ]
      },
      {
        "category": "Supply Chain Optimization",
        "values": [
          { "department": "R&D", "value": 200 },
          { "department": "Marketing", "value": 100 },
          { "department": "Operations", "value": 800 }
        ]
      },
      {
        "category": "New Market Entry",
        "values": [
          { "department": "R&D", "value": 400 },
          { "department": "Marketing", "value": 600 },
          { "department": "Operations", "value": 100 }
        ]
      },
      {
        "category": "Talent Development",
        "values": [
          { "department": "R&D", "value": 250 },
          { "department": "Marketing", "value": 200 },
          { "department": "Operations", "value": 350 }
        ]
      }
    ]
  }
}
Error: 'NoneType' object has no attribute 'group'
Retrying _generate - attempt 3/ 3
Rate limit safety: waiting 17.6s (requests: 9, elapsed: 43.4s)
GMAT MSR, Error received for SourceInfo is: 
{
   "source_info": "This pie chart illustrates the global distribution of investments across various types of green technologies in 2022. It shows how the total capital allocated towards sustainable energy solutions and environmental improvements was segmented, providing insight into the prevailing focus areas within green technology development.",
   "content": {
      "type": "pie chart",
      "graph": "pie chart",
      "title": "Global Investment in Green Technologies by Type (2022)",
      "description": "This chart shows the percentage breakdown of total global investment in green technologies across different technology categories for the year 2022.",
      "data": [
         { "label": "Solar PV", "value": 38 },
         { "label": "Wind Power", "value": 30 },
         { "label": "Energy Storage (Batteries)", "value": 15 },
         { "label": "Green Hydrogen", "value": 10 },
         { "label": "Other Renewables & Efficiency", "value": 7 }
      ]
   }
}
Error: 'NoneType' object has no attribute 'group'
Retrying _generate - attempt 2/ 3
GMAT GI, Error: message received for questionTitle is: {
  "title": "Quarterly Investment Portfolio Growth and Asset Class Performance Analysis"
}
Error: 'NoneType' object has no attribute 'group'
Retrying _generate - attempt 2/ 3
GMAT GI, Error: message received for questionTitle is: {
  "title": "Quarterly Investment Portfolio Growth and Asset Class Performance Analysis"
}
Error: 'NoneType' object has no attribute 'group'
Retrying _generate - attempt 3/ 3
Rate limit safety: waiting 14.5s (requests: 9, elapsed: 46.5s)
GMAT MSR, Error received for SourceInfo is: 
{
   "source_info": "This pie chart illustrates the global distribution of investments across various types of green technologies in 2022. It shows how the total capital allocated towards sustainable energy solutions and environmental improvements was segmented, providing insight into the prevailing focus areas within green technology development.",
   "content": {
      "type": "pie chart",
      "graph": "pie chart",
      "title": "Global Investment in Green Technologies by Type (2022)",
      "description": "This chart shows the percentage breakdown of total global investment in green technologies across different technology categories for the year 2022.",
      "data": [
         { "label": "Solar PV", "value": 38 },
         { "label": "Wind Power", "value": 30 },
         { "label": "Energy Storage (Batteries)", "value": 15 },
         { "label": "Green Hydrogen", "value": 10 },
         { "label": "Other Renewables & Efficiency", "value": 7 }
      ]
   }
}
Error: 'NoneType' object has no attribute 'group'
Retrying _generate - attempt 3/ 3
Rate limit safety: waiting 14.5s (requests: 9, elapsed: 46.5s)
Rate limit safety: waiting 13.1s (requests: 9, elapsed: 47.9s)
GMAT MSR, Error: message received for MainQuestionTitle is:
{
   "title": "Global Energy Dynamics, Carbon Footprint, and Green Investment Landscape"
}
Error: 'NoneType' object has no attribute 'group'
Retrying _generate - attempt 1/ 3
GMAT GI, Error: message received for questionText is: 
 {
   "question": "The total original budget for projects that were completed at or under their allocated budget was _________ thousand dollars, while the combined amount by which projects exceeded their original budgets was _________ thousand dollars."
}
Error: 'NoneType' object has no attribute 'group'
Retrying _generate - attempt 1/ 3
GMAT TA, Error: message received for QuestionOptions is: 
{
   "options": {
      "A": "All projects managed by the Engineering department are currently `On Track`.",
      "B": "The total actual hours used by the Design department across all its projects is less than its total allocated hours.",
      "C": "At least one project utilizing a `Developer` resource type is `Under Budget`."
   },
   "answer": {
      "A": "No",
      "B": "No",
      "C": "Yes"
   }
}
Error: 'NoneType' object has no attribute 'group'
Retrying _generate - attempt 1/ 3
GMAT MSR, Error: message received for MainQuestionTitle is:
{
   "title": "Global Energy Dynamics, Carbon Footprint, and Green Investment Landscape"
}
Error: 'NoneType' object has no attribute 'group'
Retrying _generate - attempt 2/ 3
GMAT TA, Error: message received for QuestionOptions is: 
{
   "options": {
      "A": "Is the company with the highest Revenue also the company with the highest Profit Margin?",
      "B": "Do all companies in the Software sector have a Profit Margin greater than 15%?",
      "C": "Is the R&D Spend (% of Revenue) for FinTech Innovations lower than that of CloudCore Corp.?"
   },
   "answer": {
      "A": "No",
      "B": "Yes",
      "C": "No"
   }
}
Error: 'NoneType' object has no attribute 'group'
Retrying _generate - attempt 1/ 3
GMAT GI, Error: message received for questionSolution is: {
  "solution": "To determine the total operating expenditure for Department A in FY2023, we sum the expenses for Department A across all categories:\n\n~~\\text{Total Expenditure for Department A} = \\text{Salaries} + \\text{Rent} + \\text{Utilities} + \\text{Marketing} + \\text{Supplies}~~ \n~~\\text{Total Expenditure for Department A} = 500 + 150 + 50 + 100 + 30 = 830~~ \n\nTherefore, the total operating expenditure for Department A was ~~830~~ thousand USD.\n\nTo determine the total expenditure on Marketing across all departments combined, we sum the Marketing expenses for Department A, Department B, and Department C:\n\n~~\\text{Total Marketing Expenditure} = \\text{Marketing (Dept A)} + \\text{Marketing (Dept B)} + \\text{Marketing (Dept C)}~~ \n~~\\text{Total Marketing Expenditure} = 100 + 120 + 70 = 290~~ \n\nTherefore, the total expenditure on Marketing across all departments combined amounted to ~~290~~ thousand USD."
}
Error: 'NoneType' object has no attribute 'group'
Retrying _generate - attempt 1/ 3
GMAT GI, Error: message received for questionText is: 
 {
   "question": "The total original budget for projects that were completed at or under their allocated budget was _________ thousand dollars, while the combined amount by which projects exceeded their original budgets was _________ thousand dollars."
}
Error: 'NoneType' object has no attribute 'group'
Retrying _generate - attempt 2/ 3
GMAT TPA, Error message: received for QuestionText:
{
  "question": "Which strategic initiative exhibits the highest percentage of its total resources being allocated from a single department, and what is the approximate percentage contribution of that department to the initiative's overall allocation?"
}
Error: 'NoneType' object has no attribute 'group'
Retrying _generate - attempt 1/ 3
GMAT MSR, Error: message received for MainQuestionTitle is:
{
   "title": "Global Energy Dynamics, Carbon Footprint, and Green Investment Landscape"
}
Error: 'NoneType' object has no attribute 'group'
Retrying _generate - attempt 3/ 3
GMAT GI, Error: message received for questionText is: 
 {
   "question": "The total original budget for projects that were completed at or under their allocated budget was _________ thousand dollars, while the combined amount by which projects exceeded their original budgets was _________ thousand dollars."
}
Error: 'NoneType' object has no attribute 'group'
Retrying _generate - attempt 3/ 3
GMAT TA, Error: message received for QuestionOptions is: 
{
   "options": {
      "A": "All projects managed by the Engineering department are currently `On Track`.",
      "B": "The total actual hours used by the Design department across all its projects is less than its total allocated hours.",
      "C": "At least one project utilizing a `Developer` resource type is `Under Budget`."
   },
   "answer": {
      "A": "No",
      "B": "No",
      "C": "Yes"
   }
}
Error: 'NoneType' object has no attribute 'group'
Retrying _generate - attempt 2/ 3
GMAT TA, Error: message received for QuestionOptions is: 
{
   "options": {
      "A": "Is the company with the highest Revenue also the company with the highest Profit Margin?",
      "B": "Do all companies in the Software sector have a Profit Margin greater than 15%?",
      "C": "Is the R&D Spend (% of Revenue) for FinTech Innovations lower than that of CloudCore Corp.?"
   },
   "answer": {
      "A": "No",
      "B": "Yes",
      "C": "No"
   }
}
Error: 'NoneType' object has no attribute 'group'
Retrying _generate - attempt 2/ 3
GMAT GI, Error: message received for questionSolution is: {
  "solution": "To determine the total operating expenditure for Department A in FY2023, we sum the expenses for Department A across all categories:\n\n~~\\text{Total Expenditure for Department A} = \\text{Salaries} + \\text{Rent} + \\text{Utilities} + \\text{Marketing} + \\text{Supplies}~~ \n~~\\text{Total Expenditure for Department A} = 500 + 150 + 50 + 100 + 30 = 830~~ \n\nTherefore, the total operating expenditure for Department A was ~~830~~ thousand USD.\n\nTo determine the total expenditure on Marketing across all departments combined, we sum the Marketing expenses for Department A, Department B, and Department C:\n\n~~\\text{Total Marketing Expenditure} = \\text{Marketing (Dept A)} + \\text{Marketing (Dept B)} + \\text{Marketing (Dept C)}~~ \n~~\\text{Total Marketing Expenditure} = 100 + 120 + 70 = 290~~ \n\nTherefore, the total expenditure on Marketing across all departments combined amounted to ~~290~~ thousand USD."
}
Error: 'NoneType' object has no attribute 'group'
Retrying _generate - attempt 2/ 3
GMAT GI, Error: message received for questionTitle is: {
   "title": "Analysis of Project Budget Performance and Overruns in Q3 2023"
}
Error: 'NoneType' object has no attribute 'group'
Retrying _generate - attempt 1/ 3
GMAT TA, Error: message received for QuestionOptions is: 
{
   "options": {
      "A": "Is the company with the highest Revenue also the company with the highest Profit Margin?",
      "B": "Do all companies in the Software sector have a Profit Margin greater than 15%?",
      "C": "Is the R&D Spend (% of Revenue) for FinTech Innovations lower than that of CloudCore Corp.?"
   },
   "answer": {
      "A": "No",
      "B": "Yes",
      "C": "No"
   }
}
Error: 'NoneType' object has no attribute 'group'
Retrying _generate - attempt 3/ 3

Attempt 1 failed:
Error type: TypeError
Error message: cannot unpack non-iterable NoneType object
Generator class: Generate_TA
Traceback:
  File "/Users/tanmaykumar/Desktop/LangChain-py/GMAT/Mock.py", line 159, in generate_question_with_retry
    question_data = question_generator.generate_question()
                    ^^^^^^^^^^^^^^^^^^^^^^^^^^^^^^^^^^^^^^
  File "/Users/tanmaykumar/Desktop/LangChain-py/GMAT/Integrated_Reasoning/files/TA.py", line 34, in generate_question
    options, answers = ta.generate_QuestionOptions()
                       ^^^^^^^^^^^^^^^^^^^^^^^^^^^^^
  File "/Users/tanmaykumar/Desktop/LangChain-py/GMAT/Integrated_Reasoning/files/questionComponents.py", line 560, in generate_QuestionOptions
    result_options, result_answer = self._retry_generate(_generate)
    ^^^^^^^^^^^^^^^^^^^^^^^^^^^^^
Error: cannot unpack non-iterable NoneType object

Attempt 1 failed, retrying: cannot unpack non-iterable NoneType object
Prompt: TA - <Finance> - <Comparative Analysis> - <Simple Table> - <Yes/No type> - <difficulty_level: 1>


GMAT GI, Error: message received for questionTitle is: {
   "title": "Analysis of Project Budget Performance and Overruns in Q3 2023"
}
Error: 'NoneType' object has no attribute 'group'
Retrying _generate - attempt 2/ 3
GMAT TA, Error: message received for QuestionOptions is: 
{
   "options": {
      "A": "All projects managed by the Engineering department are currently `On Track`.",
      "B": "The total actual hours used by the Design department across all its projects is less than its total allocated hours.",
      "C": "At least one project utilizing a `Developer` resource type is `Under Budget`."
   },
   "answer": {
      "A": "No",
      "B": "No",
      "C": "Yes"
   }
}
Error: 'NoneType' object has no attribute 'group'
Retrying _generate - attempt 3/ 3

Attempt 1 failed:
Error type: TypeError
Error message: cannot unpack non-iterable NoneType object
Generator class: Generate_TA
Traceback:
  File "/Users/tanmaykumar/Desktop/LangChain-py/GMAT/Mock.py", line 159, in generate_question_with_retry
    question_data = question_generator.generate_question()
                    ^^^^^^^^^^^^^^^^^^^^^^^^^^^^^^^^^^^^^^
  File "/Users/tanmaykumar/Desktop/LangChain-py/GMAT/Integrated_Reasoning/files/TA.py", line 34, in generate_question
    options, answers = ta.generate_QuestionOptions()
                       ^^^^^^^^^^^^^^^^^^^^^^^^^^^^^
  File "/Users/tanmaykumar/Desktop/LangChain-py/GMAT/Integrated_Reasoning/files/questionComponents.py", line 560, in generate_QuestionOptions
    result_options, result_answer = self._retry_generate(_generate)
    ^^^^^^^^^^^^^^^^^^^^^^^^^^^^^
Error: cannot unpack non-iterable NoneType object

Attempt 1 failed, retrying: cannot unpack non-iterable NoneType object
Prompt: TA - <Resource Management> - <Critical Reasoning> - <Simple Table> - <Yes/No type> - <difficulty_level: 1>


GMAT TPA, Error message: received for QuestionText:
{
  "question": "Which strategic initiative exhibits the highest percentage of its total resources being allocated from a single department, and what is the approximate percentage contribution of that department to the initiative`s overall allocation?"
}
Error: 'NoneType' object has no attribute 'group'
Retrying _generate - attempt 2/ 3
GMAT GI, Error: message received for questionTitle is: {
   "title": "Analysis of Project Budget Performance and Overruns in Q3 2023"
}
Error: 'NoneType' object has no attribute 'group'
Retrying _generate - attempt 3/ 3
GMAT GI, Error: message received for questionSolution is: {
  "solution": "To determine the total operating expenditure for Department A in FY2023, we sum the expenses for Department A across all categories:\n\n~~\\text{Total Expenditure for Department A} = \\text{Salaries} + \\text{Rent} + \\text{Utilities} + \\text{Marketing} + \\text{Supplies}~~ \n~~\\text{Total Expenditure for Department A} = 500 + 150 + 50 + 100 + 30 = 830~~ \n\nTherefore, the total operating expenditure for Department A was ~~830~~ thousand USD.\n\nTo determine the total expenditure on Marketing across all departments combined, we sum the Marketing expenses for Department A, Department B, and Department C:\n\n~~\\text{Total Marketing Expenditure} = \\text{Marketing (Dept A)} + \\text{Marketing (Dept B)} + \\text{Marketing (Dept C)}~~ \n~~\\text{Total Marketing Expenditure} = 100 + 120 + 70 = 290~~ \n\nTherefore, the total expenditure on Marketing across all departments combined amounted to ~~290~~ thousand USD."
}
Error: 'NoneType' object has no attribute 'group'
Retrying _generate - attempt 3/ 3
GMAT TPA, Error message: received for QuestionText:
{
  "question": "Which strategic initiative exhibits the highest percentage of its total resources being allocated from a single department, and what is the approximate percentage contribution of that department to the initiative`s overall allocation?"
}
Error: 'NoneType' object has no attribute 'group'
Retrying _generate - attempt 3/ 3

Attempt 2 failed:
Error type: IndexError
Error message: list index out of range
Generator class: Generate_TPA
Traceback:
  File "/Users/tanmaykumar/Desktop/LangChain-py/GMAT/Mock.py", line 159, in generate_question_with_retry
    question_data = question_generator.generate_question()
                    ^^^^^^^^^^^^^^^^^^^^^^^^^^^^^^^^^^^^^^
  File "/Users/tanmaykumar/Desktop/LangChain-py/GMAT/Integrated_Reasoning/files/TPA.py", line 55, in generate_question
    q1["question"] = questions[0]
                     ~~~~~~~~~^^^
Error: list index out of range

Attempt 2 failed, retrying: list index out of range
Prompt: TPA - <Strategy and Management> - <Data Interpretation> - <Stacked Bar Chart> - <difficulty_level: 4>


GMAT GI, Error: message received for questionOptions is: {
  "options": {
    "blank_1": {
      "A": "830",
      "B": "800",
      "C": "880"
    },
    "blank_2": {
      "A": "290",
      "B": "120",
      "C": "340"
    }
  },
  "answer": {
    "blank_1": "A",
    "blank_2": "A"
  }
}
Error: 'NoneType' object has no attribute 'group'
Retrying _generate - attempt 1/ 3
GMAT GI, Error: message received for questionOptions is: {
  "options": {
    "blank_1": {
      "A": "120",
      "B": "105",
      "C": "90"
    },
    "blank_2": {
      "A": "2",
      "B": "3",
      "C": "4"
    }
  },
  "answer": {
    "blank_1": "A",
    "blank_2": "A"
  }
}
Error: 'NoneType' object has no attribute 'group'GMAT GI, Error: message received for questionSolution is: {
   "solution": "To solve this question, we need to analyze the data from the scatter plot and perform calculations for two distinct conditions.\n\n**Step 1: Identify projects completed at or under budget and sum their original budgets.**\nProjects that were completed at or under their allocated budget are those where the Actual Cost (Y-axis value) is less than or equal to the Original Budget (X-axis value). Looking at the graph:\n- **Project Beta**: Original Budget = ~~\\$80,000~~, Actual Cost = ~~\\$75,000~~ (Under budget)\n- **Project Gamma**: Original Budget = ~~\\$60,000~~, Actual Cost = ~~\\$60,000~~ (At budget)\n- **Project Epsilon**: Original Budget = ~~\\$70,000~~, Actual Cost = ~~\\$65,000~~ (Under budget)\n\nThe total original budget for these projects is the sum of their individual original budgets:\n~~\\text{Total Original Budget (at or under)} = \\$80,000 + \\$60,000 + \\$70,000 = \\$210,000~~\nSo, the first blank is 210.\n\n**Step 2: Identify projects that exceeded their budget and calculate the combined overrun amount.**\nProjects that exceeded their budget are those where the Actual Cost (Y-axis value) is greater than the Original Budget (X-axis value).\n- **Project Alpha**: Original Budget = ~~\\$50,000~~, Actual Cost = ~~\\$55,000~~\n  Overrun for Project Alpha = ~~\\$55,000 - \\$50,000 = \\$5,000~~\n- **Project Delta**: Original Budget = ~~\\$100,000~~, Actual Cost = ~~\\$110,000~~\n  Overrun for Project Delta = ~~\\$110,000 - \\$100,000 = \\$10,000~~\n\nThe combined amount by which projects exceeded their original budgets is the sum of these overruns:\n~~\\text{Combined Overrun} = \\$5,000 + \\$10,000 = \\$15,000~~\nSo, the second blank is 15.\n\nTherefore, the total original budget for projects that were completed at or under their allocated budget was ~~\\$210~~ thousand dollars, while the combined amount by which projects exceeded their original budgets was ~~\\$15~~ thousand dollars."
}
Error: 'NoneType' object has no attribute 'group'

Retrying _generate - attempt 1/ 3
Retrying _generate - attempt 1/ 3
GMAT TPA, Error message: received for ParentQuestionContent is: 
{
  "content": {
    "type": "Stacked Bar Chart",
    "graph": "stacked bar chart",
    "title": "Project Resource Allocation by Department (2023-2024)",
    "description": "This chart illustrates the total budget allocated to four key strategic projects for the fiscal years 2023 and 2024, broken down by the contributing departments: Engineering, Marketing, Operations, and R&D. All budget figures are in thousands of USD.",
    "x-axis": "Strategic Projects",
    "y-axis": "Allocated Budget (in `000 USD)",
    "data": [
      {
        "category": "Project Alpha",
        "values": [
          { "department": "Engineering", "value": 150 },
          { "department": "Marketing", "value": 70 },
          { "department": "Operations", "value": 100 },
          { "department": "R&D", "value": 180 }
        ]
      },
      {
        "category": "Project Beta",
        "values": [
          { "department": "Engineering", "value": 120 },
          { "department": "Marketing", "value": 90 },
          { "department": "Operations", "value": 110 },
          { "department": "R&D", "value": 60 }
        ]
      },
      {
        "category": "Project Gamma",
        "values": [
          { "department": "Engineering", "value": 180 },
          { "department": "Marketing", "value": 60 },
          { "department": "Operations", "value": 80 },
          { "department": "R&D", "value": 130 }
        ]
      },
      {
        "category": "Project Delta",
        "values": [
          { "department": "Engineering", "value": 90 },
          { "department": "Marketing", "value": 110 },
          { "department": "Operations", "value": 120 },
          { "department": "R&D", "value": 50 }
        ]
      }
    ]
  }
}
Error: 'NoneType' object has no attribute 'group'
Retrying _generate - attempt 1/ 3
GMAT GI, Error: message received for questionOptions is: {
  "options": {
    "blank_1": {
      "A": "830",
      "B": "800",
      "C": "880"
    },
    "blank_2": {
      "A": "290",
      "B": "120",
      "C": "340"
    }
  },
  "answer": {
    "blank_1": "A",
    "blank_2": "A"
  }
}
Error: 'NoneType' object has no attribute 'group'
Retrying _generate - attempt 2/ 3
GMAT MSR, Error: message received for QuestionText generation is:
{
   "question": "Evaluate the following statement based on the provided information. Select 'Inferable' if the statement can be logically concluded or reasonably suggested from the data, and 'Not Inferable' if it cannot."
}
Error: 'NoneType' object has no attribute 'group'
Retrying _generate - attempt 1/ 3
GMAT MSR, Error: message received for QuestionText generation is:
{
   "question": "Evaluate the following statement based on the provided information. Select 'Inferable' if the statement can be logically concluded or reasonably suggested from the data, and 'Not Inferable' if it cannot."
}
Error: 'NoneType' object has no attribute 'group'
Retrying _generate - attempt 2/ 3
GMAT TPA, Error message: received for ParentQuestionContent is: 
{
  "content": {
    "type": "Stacked Bar Chart",
    "graph": "stacked bar chart",
    "title": "Project Resource Allocation by Department (2023-2024)",
    "description": "This chart illustrates the total budget allocated to four key strategic projects for the fiscal years 2023 and 2024, broken down by the contributing departments: Engineering, Marketing, Operations, and R&D. All budget figures are in thousands of USD.",
    "x-axis": "Strategic Projects",
    "y-axis": "Allocated Budget (in `000 USD)",
    "data": [
      {
        "category": "Project Alpha",
        "values": [
          { "department": "Engineering", "value": 150 },
          { "department": "Marketing", "value": 70 },
          { "department": "Operations", "value": 100 },
          { "department": "R&D", "value": 180 }
        ]
      },
      {
        "category": "Project Beta",
        "values": [
          { "department": "Engineering", "value": 120 },
          { "department": "Marketing", "value": 90 },
          { "department": "Operations", "value": 110 },
          { "department": "R&D", "value": 60 }
        ]
      },
      {
        "category": "Project Gamma",
        "values": [
          { "department": "Engineering", "value": 180 },
          { "department": "Marketing", "value": 60 },
          { "department": "Operations", "value": 80 },
          { "department": "R&D", "value": 130 }
        ]
      },
      {
        "category": "Project Delta",
        "values": [
          { "department": "Engineering", "value": 90 },
          { "department": "Marketing", "value": 110 },
          { "department": "Operations", "value": 120 },
          { "department": "R&D", "value": 50 }
        ]
      }
    ]
  }
}
Error: 'NoneType' object has no attribute 'group'
Retrying _generate - attempt 2/ 3
GMAT GI, Error: message received for questionOptions is: {
  "options": {
    "blank_1": {
      "A": "120",
      "B": "105",
      "C": "90"
    },
    "blank_2": {
      "A": "2",
      "B": "3",
      "C": "4"
    }
  },
  "answer": {
    "blank_1": "A",
    "blank_2": "A"
  }
}
Error: 'NoneType' object has no attribute 'group'
Retrying _generate - attempt 2/ 3
GMAT GI, Error: message received for questionSolution is: {
   "solution": "To solve this question, we need to analyze the data from the scatter plot and perform calculations for two distinct conditions.\n\n**Step 1: Identify projects completed at or under budget and sum their original budgets.**\nProjects that were completed at or under their allocated budget are those where the Actual Cost (Y-axis value) is less than or equal to the Original Budget (X-axis value). Looking at the graph:\n- **Project Beta**: Original Budget = ~~\\$80,000~~, Actual Cost = ~~\\$75,000~~ (Under budget)\n- **Project Gamma**: Original Budget = ~~\\$60,000~~, Actual Cost = ~~\\$60,000~~ (At budget)\n- **Project Epsilon**: Original Budget = ~~\\$70,000~~, Actual Cost = ~~\\$65,000~~ (Under budget)\n\nThe total original budget for these projects is the sum of their individual original budgets:\n~~\\text{Total Original Budget (at or under)} = \\$80,000 + \\$60,000 + \\$70,000 = \\$210,000~~\nSo, the first blank value is 210.\n\n**Step 2: Identify projects that exceeded their budget and calculate the combined overrun amount.**\nProjects that exceeded their budget are those where the Actual Cost (Y-axis value) is greater than the Original Budget (X-axis value).\n- **Project Alpha**: Original Budget = ~~\\$50,000~~, Actual Cost = ~~\\$55,000~~\n  Overrun for Project Alpha = ~~\\$55,000 - \\$50,000 = \\$5,000~~\n- **Project Delta**: Original Budget = ~~\\$100,000~~, Actual Cost = ~~\\$110,000~~\n  Overrun for Project Delta = ~~\\$110,000 - \\$100,000 = \\$10,000~~\n\nThe combined amount by which projects exceeded their original budgets is the sum of these overruns:\n~~\\text{Combined Overrun} = \\$5,000 + \\$10,000 = \\$15,000~~\nSo, the second blank value is 15.\n\nTherefore, the total original budget for projects that were completed at or under their allocated budget was ~~\\$210~~ thousand dollars, while the combined amount by which projects exceeded their original budgets was ~~\\$15~~ thousand dollars."
}
Error: 'NoneType' object has no attribute 'group'
Retrying _generate - attempt 2/ 3
GMAT TPA, Error message: received for ParentQuestionContent is: 
{
  "content": {
    "type": "Stacked Bar Chart",
    "graph": "stacked bar chart",
    "title": "Project Resource Allocation by Department (2023-2024)",
    "description": "This chart illustrates the total budget allocated to four key strategic projects for the fiscal years 2023 and 2024, broken down by the contributing departments: Engineering, Marketing, Operations, and R&D. All budget figures are in thousands of USD.",
    "x-axis": "Strategic Projects",
    "y-axis": "Allocated Budget (in `000 USD)",
    "data": [
      {
        "category": "Project Alpha",
        "values": [
          { "department": "Engineering", "value": 150 },
          { "department": "Marketing", "value": 70 },
          { "department": "Operations", "value": 100 },
          { "department": "R&D", "value": 180 }
        ]
      },
      {
        "category": "Project Beta",
        "values": [
          { "department": "Engineering", "value": 120 },
          { "department": "Marketing", "value": 90 },
          { "department": "Operations", "value": 110 },
          { "department": "R&D", "value": 60 }
        ]
      },
      {
        "category": "Project Gamma",
        "values": [
          { "department": "Engineering", "value": 180 },
          { "department": "Marketing", "value": 60 },
          { "department": "Operations", "value": 80 },
          { "department": "R&D", "value": 130 }
        ]
      },
      {
        "category": "Project Delta",
        "values": [
          { "department": "Engineering", "value": 90 },
          { "department": "Marketing", "value": 110 },
          { "department": "Operations", "value": 120 },
          { "department": "R&D", "value": 50 }
        ]
      }
    ]
  }
}
Error: 'NoneType' object has no attribute 'group'
GMAT GI, Error: message received for questionOptions is: {
  "options": {
    "blank_1": {
      "A": "830",
      "B": "800",
      "C": "880"
    },
    "blank_2": {
      "A": "290",
      "B": "120",
      "C": "340"
    }
  },
  "answer": {
    "blank_1": "A",
    "blank_2": "A"
  }
}
Error: 'NoneType' object has no attribute 'group'
Retrying _generate - attempt 3/ 3
Retrying _generate - attempt 3/ 3

Attempt 1 failed:
Error type: TypeError
Error message: cannot unpack non-iterable NoneType object
Generator class: Generate_GI
Traceback:
  File "/Users/tanmaykumar/Desktop/LangChain-py/GMAT/Mock.py", line 159, in generate_question_with_retry
    question_data = question_generator.generate_question()
                    ^^^^^^^^^^^^^^^^^^^^^^^^^^^^^^^^^^^^^^
  File "/Users/tanmaykumar/Desktop/LangChain-py/GMAT/Integrated_Reasoning/files/GI.py", line 32, in generate_question
    options_list, correct_option = gi.generate_questionOptions()
                                   ^^^^^^^^^^^^^^^^^^^^^^^^^^^^^
  File "/Users/tanmaykumar/Desktop/LangChain-py/GMAT/Integrated_Reasoning/files/questionComponents.py", line 244, in generate_questionOptions
    result_options, result_answer = self._retry_generate(_generate)
    ^^^^^^^^^^^^^^^^^^^^^^^^^^^^^
Error: cannot unpack non-iterable NoneType object

Attempt 1 failed, retrying: cannot unpack non-iterable NoneType object
Prompt: GI - <Accounting> - <Data Interpretation> - <Bar Chart> - <difficulty_level: 1>


GMAT GI, Error: message received for questionOptions is: {
  "options": {
    "blank_1": {
      "A": "120",
      "B": "105",
      "C": "90"
    },
    "blank_2": {
      "A": "2",
      "B": "3",
      "C": "4"
    }
  },
  "answer": {
    "blank_1": "A",
    "blank_2": "A"
  }
}
Error: 'NoneType' object has no attribute 'group'
Retrying _generate - attempt 3/ 3

Attempt 1 failed:
Error type: TypeError
Error message: cannot unpack non-iterable NoneType object
Generator class: Generate_GI
Traceback:
  File "/Users/tanmaykumar/Desktop/LangChain-py/GMAT/Mock.py", line 159, in generate_question_with_retry
    question_data = question_generator.generate_question()
                    ^^^^^^^^^^^^^^^^^^^^^^^^^^^^^^^^^^^^^^
  File "/Users/tanmaykumar/Desktop/LangChain-py/GMAT/Integrated_Reasoning/files/GI.py", line 32, in generate_question
    options_list, correct_option = gi.generate_questionOptions()
                                   ^^^^^^^^^^^^^^^^^^^^^^^^^^^^^
  File "/Users/tanmaykumar/Desktop/LangChain-py/GMAT/Integrated_Reasoning/files/questionComponents.py", line 244, in generate_questionOptions
    result_options, result_answer = self._retry_generate(_generate)
    ^^^^^^^^^^^^^^^^^^^^^^^^^^^^^
Error: cannot unpack non-iterable NoneType object

Attempt 1 failed, retrying: cannot unpack non-iterable NoneType object
Prompt: GI - <Finance> - <Pattern Recognition> - <Stacked Bar Chart> - <difficulty_level: 1>


GMAT GI, Error: message received for questionSolution is: {
   "solution": "To solve this question, we need to analyze the data from the scatter plot and perform calculations for two distinct conditions.\n\n**Step 1: Identify projects completed at or under budget and sum their original budgets.**\nProjects that were completed at or under their allocated budget are those where the Actual Cost (Y-axis value) is less than or equal to the Original Budget (X-axis value). Looking at the graph:\n- **Project Beta**: Original Budget = ~~\\$80,000~~, Actual Cost = ~~\\$75,000~~ (Under budget)\n- **Project Gamma**: Original Budget = ~~\\$60,000~~, Actual Cost = ~~\\$60,000~~ (At budget)\n- **Project Epsilon**: Original Budget = ~~\\$70,000~~, Actual Cost = ~~\\$65,000~~ (Under budget)\n\nTo find the total original budget for these projects, we sum their individual original budgets:\n~~\\text{Total Original Budget (at or under)} = \\$80,000 + \\$60,000 + \\$70,000 = \\$210,000~~\nSince the values are in `000s, the first blank is 210.\n\n**Step 2: Identify projects that exceeded their budget and calculate the combined overrun amount.**\nProjects that exceeded their budget are those where the Actual Cost (Y-axis value) is greater than the Original Budget (X-axis value).\n- **Project Alpha**: Original Budget = ~~\\$50,000~~, Actual Cost = ~~\\$55,000~~\n  Overrun for Project Alpha = ~~\\$55,000 - \\$50,000 = \\$5,000~~\n- **Project Delta**: Original Budget = ~~\\$100,000~~, Actual Cost = ~~\\$110,000~~\n  Overrun for Project Delta = ~~\\$110,000 - \\$100,000 = \\$10,000~~\n\nThe combined amount by which projects exceeded their original budgets is the sum of these individual overruns:\n~~\\text{Combined Overrun} = \\$5,000 + \\$10,000 = \\$15,000~~\nSince the values are in `000s, the second blank is 15.\n\nTherefore, the total original budget for projects that were completed at or under their allocated budget was ~~210~~ thousand dollars, while the combined amount by which projects exceeded their original budgets was ~~15~~ thousand dollars."
}
Error: 'NoneType' object has no attribute 'group'
Retrying _generate - attempt 3/ 3
Rate limit safety: waiting 29.3s (requests: 9, elapsed: 31.7s)
GMAT Quants, Error message received for questionText is: 'NoneType' object has no attribute 'group'
Retrying _generate - attempt 1/3
Rate limit safety: waiting 28.6s (requests: 9, elapsed: 32.4s)
GMAT TPA, Error message: received for QuestionText:
{
  "question": "If the company`s strategic objective is to minimize R&D expenditure across all projects, which two projects, when combined, would represent the lowest total R&D allocation?"
}
Error: 'NoneType' object has no attribute 'group'
Retrying _generate - attempt 1/ 3
GMAT TPA, Error message: received for QuestionText:
{
  "question": "If the company`s strategic objective is to minimize R&D expenditure across all projects, which two projects, when combined, would represent the lowest total R&D allocation?"
}
Error: 'NoneType' object has no attribute 'group'
Retrying _generate - attempt 2/ 3
GMAT Quants, Error message received for questionText is: 'NoneType' object has no attribute 'group'
Retrying _generate - attempt 1/3
GMAT GI, Error: message received for questionGraph is:
{
  "graphs": [
    {
      "graph": "stacked bar chart",
      "title": "Quarterly Revenue Breakdown by Product Category for Tech Solutions Inc.",
      "description": "This stacked bar chart illustrates the total quarterly revenue for Tech Solutions Inc., broken down into three main product categories: Software Licenses, Hardware Sales, and Consulting Services, for the fiscal year.",
      "x-axis": "Fiscal Quarter",
      "y-axis": "Revenue (in Thousands of USD)",
      "data": [
        {
          "category": "Q1",
          "values": [
            { "product_category": "Software Licenses", "value": 200 },
            { "product_category": "Hardware Sales", "value": 150 },
            { "product_category": "Consulting Services", "value": 50 }
          ]
        },
        {
          "category": "Q2",
          "values": [
            { "product_category": "Software Licenses", "value": 220 },
            { "product_category": "Hardware Sales", "value": 180 },
            { "product_category": "Consulting Services", "value": 60 }
          ]
        },
        {
          "category": "Q3",
          "values": [
            { "product_category": "Software Licenses", "value": 250 },
            { "product_category": "Hardware Sales", "value": 170 },
            { "product_category": "Consulting Services", "value": 70 }
          ]
        },
        {
          "category": "Q4",
          "values": [
            { "product_category": "Software Licenses", "value": 280 },
            { "product_category": "Hardware Sales", "value": 200 },
            { "product_category": "Consulting Services", "value": 80 }
          ]
        }
      ]
    }
  ]
}
 Error: 'NoneType' object has no attribute 'group'
Retrying _generate - attempt 1/ 3
GMAT TPA, Error message: received for QuestionText:
{
  "question": "If the company`s strategic objective is to minimize R&D expenditure across all projects, which two projects, when combined, would represent the lowest total R&D allocation?"
}
Error: 'NoneType' object has no attribute 'group'
Retrying _generate - attempt 3/ 3

Attempt 3 failed:
Error type: IndexError
Error message: list index out of range
Generator class: Generate_TPA
Traceback:
  File "/Users/tanmaykumar/Desktop/LangChain-py/GMAT/Mock.py", line 159, in generate_question_with_retry
    question_data = question_generator.generate_question()
                    ^^^^^^^^^^^^^^^^^^^^^^^^^^^^^^^^^^^^^^
  File "/Users/tanmaykumar/Desktop/LangChain-py/GMAT/Integrated_Reasoning/files/TPA.py", line 55, in generate_question
    q1["question"] = questions[0]
                     ~~~~~~~~~^^^
Error: list index out of range

Failed after 3 attempts for:
Section: GMAT_IR
Generator: TPA_gen
Prompt: TPA - <Strategy and Management> - <Data Interpretation> - <Stacked Bar Chart> - <difficulty_level: 4>
GMAT paper generation failed: cannot unpack non-iterable NoneType object
Sleeping for 60 seconds for API rate limit reset
GMAT MSR, Error: message received for QuestionText generation is:
{
   "question": "Evaluate the following statement based on the provided information. Select 'Inferable' if the statement can be logically concluded or reasonably suggested from the data, and 'Not Inferable' if it cannot."
}
{
   "options": {
      "Inferable_1": "The Transportation sector has the highest carbon emissions per unit of energy produced among all non-power generation sectors, despite its relatively low investment in green technologies compared to other large GDP-contributing sectors.",
      "Inferable_2": "The total investment in green technologies globally from all sectors, as depicted in Source 2, primarily targets Solar PV and Wind Power, together accounting for over 65% of the total green technology investment across all categories shown in Source 3.",
      "Not Inferable_1": "Despite having the lowest renewable share among all sectors, the Power Generation (Fossil) sector generates more employment than the Industrial sector, suggesting a trade-off between sustainability efforts and job creation in high-emission industries."
   }
}
Error: 'NoneType' object has no attribute 'group'
Retrying _generate - attempt 3/ 3
GMAT Quants, Error message received for questionText is: 'NoneType' object has no attribute 'group'
Retrying _generate - attempt 1/3
Rate limit safety: waiting 21.6s (requests: 9, elapsed: 39.4s)
GMAT Quants, Error message received for questionText is: 'NoneType' object has no attribute 'group'
Retrying _generate - attempt 2/3
GMAT MSR, Error: message received for QuestionTitle generation is:
{
   "title": "Sectoral Performance and Green Investment Correlation Analysis"
}
Error: 'NoneType' object has no attribute 'group'
Retrying _generate - attempt 1/ 3
Rate limit safety: waiting 20.1s (requests: 9, elapsed: 40.9s)
GMAT MSR, Error: message received for QuestionTitle generation is:
{
   "title": "Sectoral Performance and Green Investment Correlation Analysis"
}
Error: 'NoneType' object has no attribute 'group'
Retrying _generate - attempt 2/ 3
GMAT Quants, Error message received for questionText is: 'NoneType' object has no attribute 'group'GMAT MSR, Error: message received for QuestionTitle generation is:
{"title": "Sectoral Performance and Green Investment Correlation Analysis"}
Error: 'NoneType' object has no attribute 'group'

Retrying _generate - attempt 3/3
Retrying _generate - attempt 3/ 3
Attempt 1 failed:
Error type: TypeError

Error message: cannot unpack non-iterable NoneType objectRate limit safety: waiting 17.8s (requests: 9, elapsed: 43.2s)

Generator class: DataSufficiencyQuestionGeneration
Traceback:
  File "/Users/tanmaykumar/Desktop/LangChain-py/GMAT/Mock.py", line 159, in generate_question_with_retry
    question_data = question_generator.generate_question()
                    ^^^^^^^^^^^^^^^^^^^^^^^^^^^^^^^^^^^^^^
  File "/Users/tanmaykumar/Desktop/LangChain-py/GMAT/Quants/files/dataSufficiencyQuestionGeneration.py", line 22, in generate_question
    passages, statements, question = questionContent.generate_questionText()
                                     ^^^^^^^^^^^^^^^^^^^^^^^^^^^^^^^^^^^^^^^
  File "/Users/tanmaykumar/Desktop/LangChain-py/GMAT/Quants/files/questionComponents.py", line 343, in generate_questionText
    result_message_question_passage, result_statements, result_question = self._retry_generate(
    ^^^^^^^^^^^^^^^^^^^^^^^^^^^^^^^^^^^^^^^^^^^^^^^^^^^^^^^^^^^^^^^^^^^
Error: cannot unpack non-iterable NoneType object

Attempt 1 failed, retrying: cannot unpack non-iterable NoneType object
Prompt: DS - <Arithmetic> - <Logical Reasoning> - <difficulty_level: 2>


GMAT GI, Error: message received for questionGraph is:
{
  "graphs": [
    {
      "graph": "stacked bar chart",
      "title": "Quarterly Revenue Breakdown by Product Category for Tech Solutions Inc.",
      "description": "This stacked bar chart illustrates the total quarterly revenue for Tech Solutions Inc., broken down into three main product categories: Software Licenses, Hardware Sales, and Consulting Services, for the fiscal year.",
      "x-axis": "Fiscal Quarter",
      "y-axis": "Revenue (in Thousands of USD)",
      "data": [
        {
          "category": "Q1",
          "values": [
            { "product_category": "Software Licenses", "value": 200 },
            { "product_category": "Hardware Sales", "value": 150 },
            { "product_category": "Consulting Services", "value": 50 }
          ]
        },
        {
          "category": "Q2",
          "values": [
            { "product_category": "Software Licenses", "value": 220 },
            { "product_category": "Hardware Sales", "value": 180 },
            { "product_category": "Consulting Services", "value": 60 }
          ]
        },
        {
          "category": "Q3",
          "values": [
            { "product_category": "Software Licenses", "value": 250 },
            { "product_category": "Hardware Sales", "value": 170 },
            { "product_category": "Consulting Services", "value": 70 }
          ]
        },
        {
          "category": "Q4",
          "values": [
            { "product_category": "Software Licenses", "value": 280 },
            { "product_category": "Hardware Sales", "value": 200 },
            { "product_category": "Consulting Services", "value": 80 }
          ]
        }
      ]
    }
  ]
}
 Error: 'NoneType' object has no attribute 'group'
Retrying _generate - attempt 2/ 3
GMAT GI, Error: message received for questionGraph is:
{
  "graphs": [
    {
      "graph": "stacked bar chart",
      "title": "Quarterly Revenue Breakdown by Product Category for Innovate Solutions Inc.",
      "description": "This stacked bar chart displays the total quarterly revenue for Innovate Solutions Inc., categorized into Software Licenses, Hardware Sales, and Professional Services, across the fiscal year (Q1 to Q4). All revenue figures are presented in thousands of USD.",
      "x-axis": "Fiscal Quarter",
      "y-axis": "Revenue (in Thousands of USD)",
      "data": [
        {
          "category": "Q1",
          "values": [
            { "product_category": "Software Licenses", "value": 250 },
            { "product_category": "Hardware Sales", "value": 120 },
            { "product_category": "Professional Services", "value": 80 }
          ]
        },
        {
          "category": "Q2",
          "values": [
            { "product_category": "Software Licenses", "value": 280 },
            { "product_category": "Hardware Sales", "value": 140 },
            { "product_category": "Professional Services", "value": 90 }
          ]
        },
        {
          "category": "Q3",
          "values": [
            { "product_category": "Software Licenses", "value": 310 },
            { "product_category": "Hardware Sales", "value": 130 },
            { "product_category": "Professional Services", "value": 100 }
          ]
        },
        {
          "category": "Q4",
          "values": [
            { "product_category": "Software Licenses", "value": 350 },
            { "product_category": "Hardware Sales", "value": 160 },
            { "product_category": "Professional Services", "value": 110 }
          ]
        }
      ]
    }
  ]
}
 Error: 'NoneType' object has no attribute 'group'
Retrying _generate - attempt 3/ 3
GMAT Quants, Error message received for questionText is: 'NoneType' object has no attribute 'group'
Retrying _generate - attempt 1/3
Rate limit safety: waiting 3.4s (requests: 9, elapsed: 57.6s)
GMAT GI, Error: message received for questionText is: 
 {
  "question": "Analyzing the quarterly revenue data, the projected Software Licenses revenue for Q1 of the next fiscal year, assuming the average quarterly growth rate observed from Q1 to Q4 continues, would be approximately ___________ thousands of USD. Additionally, the total revenue generated by Professional Services over the entire fiscal year was ___________ thousands of USD."
}
Error: 'NoneType' object has no attribute 'group'
Retrying _generate - attempt 1/ 3
GMAT Quants, Error message received for questionText is: 'NoneType' object has no attribute 'group'
Retrying _generate - attempt 2/3
GMAT GI, Error: message received for questionText is: 
 {
  "question": "Analyzing the quarterly revenue data, the projected Software Licenses revenue for Q1 of the next fiscal year, assuming the average quarterly growth rate observed from Q1 to Q4 continues, would be approximately ___________ thousands of USD. Additionally, the total revenue generated by Professional Services over the entire fiscal year was ___________ thousands of USD."
}
Error: 'NoneType' object has no attribute 'group'
Retrying _generate - attempt 2/ 3
GMAT GI, Error: message received for questionOptions is: {
   "options": {
    "blank_1":{
      "A": "210",
      "B": "200",
      "C": "360"
    },
    "blank_2":{
      "A": "5",
      "B": "165",
      "C": "15"
    }
   },
   "answer": {
    "blank_1": "A",
    "blank_2": "C"
   }
}
Error: 'NoneType' object has no attribute 'group'
Retrying _generate - attempt 1/ 3
GMAT Quants, Error message received for questionText is: 'NoneType' object has no attribute 'group'
Retrying _generate - attempt 2/3
GMAT Quants, Error message received for questionText is: 'NoneType' object has no attribute 'group'
Retrying _generate - attempt 2/3
GMAT GI, Error: message received for questionOptions is: {
   "options": {
    "blank_1":{
      "A": "210",
      "B": "200",
      "C": "360"
    },
    "blank_2":{
      "A": "5",
      "B": "165",
      "C": "15"
    }
   },
   "answer": {
    "blank_1": "A",
    "blank_2": "C"
   }
}
Error: 'NoneType' object has no attribute 'group'
Retrying _generate - attempt 2/ 3
GMAT Quants, Error message received for questionText is: 'NoneType' object has no attribute 'group'
Retrying _generate - attempt 3/3

Attempt 1 failed:
Error type: TypeError
Error message: cannot unpack non-iterable NoneType object
Generator class: DataSufficiencyQuestionGeneration
Traceback:
  File "/Users/tanmaykumar/Desktop/LangChain-py/GMAT/Mock.py", line 159, in generate_question_with_retry
    question_data = question_generator.generate_question()
                    ^^^^^^^^^^^^^^^^^^^^^^^^^^^^^^^^^^^^^^
  File "/Users/tanmaykumar/Desktop/LangChain-py/GMAT/Quants/files/dataSufficiencyQuestionGeneration.py", line 22, in generate_question
    passages, statements, question = questionContent.generate_questionText()
                                     ^^^^^^^^^^^^^^^^^^^^^^^^^^^^^^^^^^^^^^^
  File "/Users/tanmaykumar/Desktop/LangChain-py/GMAT/Quants/files/questionComponents.py", line 343, in generate_questionText
    result_message_question_passage, result_statements, result_question = self._retry_generate(
    ^^^^^^^^^^^^^^^^^^^^^^^^^^^^^^^^^^^^^^^^^^^^^^^^^^^^^^^^^^^^^^^^^^^
Error: cannot unpack non-iterable NoneType object

Attempt 1 failed, retrying: cannot unpack non-iterable NoneType object
Prompt: DS - <Algebra> - <Efficiency and Time Management> - <difficulty_level: 3>


GMAT Quants, Error message received for questionText is: 'NoneType' object has no attribute 'group'
Retrying _generate - attempt 3/3

Attempt 2 failed:
Error type: TypeError
Error message: cannot unpack non-iterable NoneType object
Generator class: DataSufficiencyQuestionGeneration
Traceback:
  File "/Users/tanmaykumar/Desktop/LangChain-py/GMAT/Mock.py", line 159, in generate_question_with_retry
    question_data = question_generator.generate_question()
                    ^^^^^^^^^^^^^^^^^^^^^^^^^^^^^^^^^^^^^^
  File "/Users/tanmaykumar/Desktop/LangChain-py/GMAT/Quants/files/dataSufficiencyQuestionGeneration.py", line 22, in generate_question
    passages, statements, question = questionContent.generate_questionText()
                                     ^^^^^^^^^^^^^^^^^^^^^^^^^^^^^^^^^^^^^^^
  File "/Users/tanmaykumar/Desktop/LangChain-py/GMAT/Quants/files/questionComponents.py", line 343, in generate_questionText
    result_message_question_passage, result_statements, result_question = self._retry_generate(
    ^^^^^^^^^^^^^^^^^^^^^^^^^^^^^^^^^^^^^^^^^^^^^^^^^^^^^^^^^^^^^^^^^^^
Error: cannot unpack non-iterable NoneType object

Attempt 2 failed, retrying: cannot unpack non-iterable NoneType object
Prompt: DS - <Arithmetic> - <Logical Reasoning> - <difficulty_level: 2>


GMAT GI, Error: message received for questionText is: 
 {
  "question": "Analyzing the quarterly revenue data, the projected Software Licenses revenue for Q1 of the next fiscal year, assuming the average quarterly growth continues, would be approximately ___________ thousands of USD. Additionally, the total revenue generated by Professional Services over the entire fiscal year was ___________ thousands of USD."
}
Error: 'NoneType' object has no attribute 'group'
Retrying _generate - attempt 3/ 3
GMAT GI, Error: message received for questionTitle is: {
  "title": "Innovate Solutions Inc.`s Revenue Projections and Annual Performance Analysis"
}
Error: 'NoneType' object has no attribute 'group'
GMAT Quants, Error message received for questionText is: 'NoneType' object has no attribute 'group'
Retrying _generate - attempt 3/3
Retrying _generate - attempt 1/ 3

Attempt 1 failed:
Error type: TypeError
Error message: cannot unpack non-iterable NoneType object
Generator class: DataSufficiencyQuestionGeneration
Traceback:
  File "/Users/tanmaykumar/Desktop/LangChain-py/GMAT/Mock.py", line 159, in generate_question_with_retry
    question_data = question_generator.generate_question()
                    ^^^^^^^^^^^^^^^^^^^^^^^^^^^^^^^^^^^^^^
  File "/Users/tanmaykumar/Desktop/LangChain-py/GMAT/Quants/files/dataSufficiencyQuestionGeneration.py", line 22, in generate_question
    passages, statements, question = questionContent.generate_questionText()
                                     ^^^^^^^^^^^^^^^^^^^^^^^^^^^^^^^^^^^^^^^
  File "/Users/tanmaykumar/Desktop/LangChain-py/GMAT/Quants/files/questionComponents.py", line 343, in generate_questionText
    result_message_question_passage, result_statements, result_question = self._retry_generate(
    ^^^^^^^^^^^^^^^^^^^^^^^^^^^^^^^^^^^^^^^^^^^^^^^^^^^^^^^^^^^^^^^^^^^
Error: cannot unpack non-iterable NoneType object

Attempt 1 failed, retrying: cannot unpack non-iterable NoneType object
Prompt: DS - <Word Problems> - <Attention to Detail> - <difficulty_level: 1>


GMAT GI, Error: message received for questionOptions is: {
   "options": {
    "blank_1":{
      "A": "210",
      "B": "200",
      "C": "360"
    },
    "blank_2":{
      "A": "5",
      "B": "165",
      "C": "15"
    }
   },
   "answer": {
    "blank_1": "A",
    "blank_2": "C"
   }
}
Error: 'NoneType' object has no attribute 'group'
Retrying _generate - attempt 3/ 3

Attempt 1 failed:
Error type: TypeError
Error message: cannot unpack non-iterable NoneType object
Generator class: Generate_GI
Traceback:
  File "/Users/tanmaykumar/Desktop/LangChain-py/GMAT/Mock.py", line 159, in generate_question_with_retry
    question_data = question_generator.generate_question()
                    ^^^^^^^^^^^^^^^^^^^^^^^^^^^^^^^^^^^^^^
  File "/Users/tanmaykumar/Desktop/LangChain-py/GMAT/Integrated_Reasoning/files/GI.py", line 32, in generate_question
    options_list, correct_option = gi.generate_questionOptions()
                                   ^^^^^^^^^^^^^^^^^^^^^^^^^^^^^
  File "/Users/tanmaykumar/Desktop/LangChain-py/GMAT/Integrated_Reasoning/files/questionComponents.py", line 244, in generate_questionOptions
    result_options, result_answer = self._retry_generate(_generate)
    ^^^^^^^^^^^^^^^^^^^^^^^^^^^^^
Error: cannot unpack non-iterable NoneType object

Attempt 1 failed, retrying: cannot unpack non-iterable NoneType object
Prompt: GI - <Budget> - <Quantitative Reasoning> - <Scatter Plot> - <difficulty_level: 1>


GMAT GI, Error: message received for questionTitle is: {
  "title": "Innovate Solutions Inc.`s Revenue Projections and Annual Performance Analysis"
}
Error: 'NoneType' object has no attribute 'group'
Retrying _generate - attempt 2/ 3
GMAT GI, Error: message received for questionTitle is: {
  "title": "Innovate Solutions Inc.`s Revenue Projections and Annual Performance Analysis"
}
Error: 'NoneType' object has no attribute 'group'
Retrying _generate - attempt 3/ 3
GMAT GI, Error: message received for questionGraph is:
{
  "graphs": [
    {
      "graph": "scatter plot",
      "title": "Estimated Project Budget vs. Actual Project Duration for IT Projects",
      "description": "This scatter plot displays the estimated budget and actual duration for several IT projects completed by a technology firm over the past year. Each point represents a unique project.",
      "x-axis": "Estimated Project Budget (in `000 USD)",
      "y-axis": "Actual Project Duration (in Weeks)",
      "data": [
        { "label": "Project Alpha", "x": 50, "y": 10 },
        { "label": "Project Beta", "x": 70, "y": 12 },
        { "label": "Project Gamma", "x": 40, "y": 8 },
        { "label": "Project Delta", "x": 90, "y": 15 },
        { "label": "Project Epsilon", "x": 60, "y": 11 },
        { "label": "Project Zeta", "x": 80, "y": 13 }
      ]
    }
  ]
}
 Error: 'NoneType' object has no attribute 'group'
Retrying _generate - attempt 1/ 3
GMAT Quants, Error message received for questionText is: 'NoneType' object has no attribute 'group'
Retrying _generate - attempt 1/3
GMAT Quants, Error message received for questionText is: 'NoneType' object has no attribute 'group'
Retrying _generate - attempt 1/3
GMAT GI, Error: message received for questionGraph is:
{
  "graphs": [
    {
      "graph": "scatter plot",
      "title": "Estimated Project Budget vs. Actual Project Duration for IT Projects",
      "description": "This scatter plot displays the estimated budget (in thousands of USD) and actual duration (in weeks) for several IT projects completed by a technology firm. Each data point represents a specific project.",
      "x-axis": "Estimated Project Budget (`000 USD)",
      "y-axis": "Actual Project Duration (Weeks)",
      "data": [
        { "label": "Project A", "x": 50, "y": 10 },
        { "label": "Project B", "x": 70, "y": 12 },
        { "label": "Project C", "x": 40, "y": 8 },
        { "label": "Project D", "x": 90, "y": 15 },
        { "label": "Project E", "x": 60, "y": 11 },
        { "label": "Project F", "x": 80, "y": 13 }
      ]
    }
  ]
}
 Error: 'NoneType' object has no attribute 'group'
Retrying _generate - attempt 2/ 3
GMAT Quants, Error message received for questionText is: 'NoneType' object has no attribute 'group'
Retrying _generate - attempt 2/3
GMAT GI, Error: message received for questionSolution is: {
  "solution": "To determine the projected Software Licenses revenue for Q1 of the next fiscal year and the total revenue generated by Professional Services over the entire fiscal year, we need to extract and calculate values from the provided stacked bar chart data.\n\n**Calculation for Blank 1: Projected Software Licenses revenue for Q1 of the next fiscal year**\n1.  First, identify the Software Licenses revenue for each quarter:\n    *   Q1: ~~\\$250~~ thousands\n    *   Q2: ~~\\$280~~ thousands\n    *   Q3: ~~\\$310~~ thousands\n    *   Q4: ~~\\$350~~ thousands\n\n2.  Calculate the quarterly growth rates for Software Licenses revenue:\n    *   Growth rate from Q1 to Q2: ~~\\left(\\frac{280 - 250}{250}\\right) = \\frac{30}{250} = 0.12 = 12\\%~~\n    *   Growth rate from Q2 to Q3: ~~\\left(\\frac{310 - 280}{280}\\right) = \\frac{30}{280} \\approx 0.1071 = 10.71\\%~~\n    *   Growth rate from Q3 to Q4: ~~\\left(\\frac{350 - 310}{310}\\right) = \\frac{40}{310} \\approx 0.1290 = 12.90\\%~~\n\n3.  Calculate the average quarterly growth rate:\n    *   ~~\\text{Average Growth Rate} = \\frac{0.12 + 0.1071 + 0.1290}{3} = \\frac{0.3461}{3} \\approx 0.115366 = 11.54\\%~~\n\n4.  Project the Q1 revenue for the next fiscal year using the Q4 revenue of the current year and the average growth rate:\n    *   ~~\\text{Projected Q1 Revenue (next year)} = \\text{Q4 Revenue} \\times (1 + \\text{Average Growth Rate})~~\n    *   ~~\\text{Projected Q1 Revenue (next year)} = 350 \\times (1 + 0.115366) = 350 \\times 1.115366 \\approx 390.38~~\n\n**Calculation for Blank 2: Total revenue generated by Professional Services over the entire fiscal year**\n1.  Identify the Professional Services revenue for each quarter:\n    *   Q1: ~~\\$80~~ thousands\n    *   Q2: ~~\\$90~~ thousands\n    *   Q3: ~~\\$100~~ thousands\n    *   Q4: ~~\\$110~~ thousands\n\n2.  Sum the quarterly revenues for Professional Services:\n    *   ~~\\text{Total Professional Services Revenue} = 80 + 90 + 100 + 110 = 380~~\n\nTherefore, the projected Software Licenses revenue for Q1 of the next fiscal year is approximately ~~\\$390.38~~ thousands of USD, and the total revenue generated by Professional Services over the entire fiscal year was ~~\\$380~~ thousands of USD."
}
Error: 'NoneType' object has no attribute 'group'
Retrying _generate - attempt 1/ 3
Error in refining response: Invalid \escape: line 2 column 915 (char 916)
GMAT MSR, Error: message received for QuestionSolution generation is:
```json
{
   "solution": "Let's analyze each statement:\n\n**Statement 1: The Transportation sector has the highest carbon emissions per unit of energy produced among all non-power generation sectors, despite its relatively low investment in green technologies compared to other large GDP-contributing sectors.**\n\n1.  **Carbon Emissions per unit of energy (Energy Efficiency - CO2/TWh) for non-power generation sectors (from SourceInfo_1):**\n    *   Industrial: ~~3.20~~ CO2/TWh\n    *   Residential: ~~2.50~~ CO2/TWh\n    *   Commercial: ~~2.33~~ CO2/TWh\n    *   Transportation: ~~5.83~~ CO2/TWh\n    *   Agriculture: ~~1.88~~ CO2/TWh\n    Comparing these values, the Transportation sector's ~~5.83~~ CO2/TWh is indeed the highest among the listed non-power generation sectors.\n\n2.  **Investment in Green Technologies and GDP Contribution (from SourceInfo_2):**\n    *   Transportation: Investment = ~~\\$60\\text{ Billion}~~, GDP Contribution = ~~12\\%~~\n    *   Industrial: Investment = ~~\\$180\\text{ Billion}~~, GDP Contribution = ~~28\\%~~\n    *   Commercial: Investment = ~~\\$90\\text{ Billion}~~, GDP Contribution = ~~15\\%~~\n    The Transportation sector's investment of ~~\\$60\\text{ Billion}~~ is lower than both Industrial (~~\\$180\\text{ Billion}~~) and Commercial (~~\\$90\\text{ Billion}~~) sectors. Both Industrial and Commercial sectors have a higher GDP contribution than the Transportation sector. Therefore, the Transportation sector's investment is relatively low compared to other large GDP-contributing sectors.\n\nSince both parts of the statement are supported by the data, this statement is **Inferable**.\n\n**Statement 2: The total investment in green technologies globally from all sectors, as depicted in Source 2, primarily targets Solar PV and Wind Power, together accounting for over 65% of the total green technology investment across all categories shown in Source 3.**\n\n1.  **Combined share of Solar PV and Wind Power (from SourceInfo_3):**\n    *   Solar PV share: ~~38\\%~~\n    *   Wind Power share: ~~30\\%~~\n    *   Combined share: ~~38\\% + 30\\% = 68\\%~~\n    The combined share of ~~68\\%~~ is indeed "over ~~65\\%~~".\n\n2.  **Linking Source 2 and Source 3:**\n    SourceInfo_2 provides investment in green technologies by specific sectors. SourceInfo_3 provides the percentage distribution of 'Global Investment in Green Technologies by Type'. The statement implies that the sum of investments from all sectors in Source 2 constitutes the 'Total global investment' referred to in Source 3, and thus the percentages in Source 3 directly apply to the sum from Source 2. However, Source 2 does not explicitly state that the sum of its sector-specific investments represents the *entire* 'Global Investment in Green Technologies' whose distribution is shown in Source 3. There might be other sources of global green technology investment not covered by the listed sectors in Source 2. Therefore, while the individual facts are correct, the direct linkage as a foundational premise for inference is not explicitly supported by the data.\n\nGiven the lack of explicit connection between the absolute total in Source 2 and the global total represented by percentages in Source 3, this statement is **Not Inferable**.\n\n**Statement 3: Despite having the lowest renewable share among all sectors, the Power Generation (Fossil) sector generates more employment than the Industrial sector, suggesting a trade-off between sustainability efforts and job creation in high-emission industries.**\n\n1.  **Lowest Renewable Share (from SourceInfo_1):**\n    *   Power Generation (Fossil) sector has a Renewable Share of ~~0\\%~~, which is the lowest among all sectors listed.\n\n2.  **Employment Comparison (from SourceInfo_2):**\n    *   Average Sector Employment for Power Generation (Fossil): ~~2,000\\text{ Thousands}~~ (~2 million)\n    *   Average Sector Employment for Industrial: ~~15,000\\text{ Thousands}~~ (~15 million)\n    The Power Generation (Fossil) sector generates ~~2,000\\text{ Thousands}~~ jobs, which is significantly less than the Industrial sector's ~~15,000\\text{ Thousands}~~ jobs. The statement claims it generates "more employment," which is contradicted by the data.\n\nSince a factual claim within the statement is directly contradicted by the data, this statement is **Not Inferable**."
}
```
Error: the JSON object must be str, bytes or bytearray, not NoneType
Retrying _generate - attempt 1/ 3
GMAT GI, Error: message received for questionGraph is:
{
  "graphs": [
    {
      "graph": "scatter plot",
      "title": "Estimated Project Budget vs. Actual Project Duration for IT Projects",
      "description": "This scatter plot displays the estimated budget (in thousands of USD) and actual duration (in weeks) for several IT projects completed by a technology firm. Each data point represents a specific project.",
      "x-axis": "Estimated Project Budget (`000 USD)",
      "y-axis": "Actual Project Duration (Weeks)",
      "data": [
        { "label": "Project A", "x": 50, "y": 10 },
        { "label": "Project B", "x": 70, "y": 12 },
        { "label": "Project C", "x": 40, "y": 8 },
        { "label": "Project D", "x": 90, "y": 15 },
        { "label": "Project E", "x": 60, "y": 11 },
        { "label": "Project F", "x": 80, "y": 13 }
      ]
    }
  ]
}
 Error: 'NoneType' object has no attribute 'group'
Retrying _generate - attempt 3/ 3
GMAT Quants, Error message received for questionText is: 'NoneType' object has no attribute 'group'
Retrying _generate - attempt 3/3

Attempt 2 failed:
Error type: TypeError
Error message: cannot unpack non-iterable NoneType object
Generator class: DataSufficiencyQuestionGeneration
Traceback:
  File "/Users/tanmaykumar/Desktop/LangChain-py/GMAT/Mock.py", line 159, in generate_question_with_retry
    question_data = question_generator.generate_question()
                    ^^^^^^^^^^^^^^^^^^^^^^^^^^^^^^^^^^^^^^
  File "/Users/tanmaykumar/Desktop/LangChain-py/GMAT/Quants/files/dataSufficiencyQuestionGeneration.py", line 22, in generate_question
    passages, statements, question = questionContent.generate_questionText()
                                     ^^^^^^^^^^^^^^^^^^^^^^^^^^^^^^^^^^^^^^^
  File "/Users/tanmaykumar/Desktop/LangChain-py/GMAT/Quants/files/questionComponents.py", line 343, in generate_questionText
    result_message_question_passage, result_statements, result_question = self._retry_generate(
    ^^^^^^^^^^^^^^^^^^^^^^^^^^^^^^^^^^^^^^^^^^^^^^^^^^^^^^^^^^^^^^^^^^^
Error: cannot unpack non-iterable NoneType object

Attempt 2 failed, retrying: cannot unpack non-iterable NoneType object
Prompt: DS - <Word Problems> - <Attention to Detail> - <difficulty_level: 1>


GMAT Quants, Error message received for questionText is: 'NoneType' object has no attribute 'group'
Retrying _generate - attempt 2/3
GMAT GI, Error: message received for questionText is: 
 {
  "question": "Based on the provided scatter plot, the average actual duration for projects with an estimated budget exceeding `60,000 USD is approximately ___________ weeks, and the total estimated budget for all projects with an actual duration of less than 11 weeks is `___________."
}
Error: 'NoneType' object has no attribute 'group'
Retrying _generate - attempt 1/ 3
GMAT GI, Error: message received for questionSolution is: {
  "solution": "To determine the projected Software Licenses revenue for Q1 of the next fiscal year and the total revenue generated by Professional Services over the entire fiscal year, we need to extract and calculate values from the provided stacked bar chart data.\n\n**Calculation for Blank 1: Projected Software Licenses revenue for Q1 of the next fiscal year**\n1.  First, identify the Software Licenses revenue for each quarter:\n    *   Q1: ~~\\$250~~ thousands\n    *   Q2: ~~\\$280~~ thousands\n    *   Q3: ~~\\$310~~ thousands\n    *   Q4: ~~\\$350~~ thousands\n\n2.  Calculate the quarterly growth rates for Software Licenses revenue:\n    *   Growth rate from Q1 to Q2: ~~\\left(\\frac{280 - 250}{250}\\right) = \\frac{30}{250} = 0.12 = 12\\%~~\n    *   Growth rate from Q2 to Q3: ~~\\left(\\frac{310 - 280}{280}\\right) = \\frac{30}{280} \\approx 0.1071 = 10.71\\%~~\n    *   Growth rate from Q3 to Q4: ~~\\left(\\frac{350 - 310}{310}\\right) = \\frac{40}{310} \\approx 0.1290 = 12.90\\%~~\n\n3.  Calculate the average quarterly growth rate:\n    *   ~~\\text{Average Growth Rate} = \\frac{0.12 + 0.1071 + 0.1290}{3} = \\frac{0.3461}{3} \\approx 0.115366~~\n\n4.  Project the Q1 revenue for the next fiscal year using the Q4 revenue of the current year and the average growth rate:\n    *   ~~\\text{Projected Q1 Revenue (next year)} = \\text{Q4 Revenue} \\times (1 + \\text{Average Growth Rate})~~\n    *   ~~\\text{Projected Q1 Revenue (next year)} = 350 \\times (1 + 0.115366) = 350 \\times 1.115366 \\approx 390.38~~\n\n**Calculation for Blank 2: Total revenue generated by Professional Services over the entire fiscal year**\n1.  Identify the Professional Services revenue for each quarter:\n    *   Q1: ~~\\$80~~ thousands\n    *   Q2: ~~\\$90~~ thousands\n    *   Q3: ~~\\$100~~ thousands\n    *   Q4: ~~\\$110~~ thousands\n\n2.  Sum the quarterly revenues for Professional Services:\n    *   ~~\\text{Total Professional Services Revenue} = 80 + 90 + 100 + 110 = 380~~\n\nTherefore, the projected Software Licenses revenue for Q1 of the next fiscal year is approximately ~~\\$390.38~~ thousands of USD, and the total revenue generated by Professional Services over the entire fiscal year was ~~\\$380~~ thousands of USD."
}
Error: 'NoneType' object has no attribute 'group'
Retrying _generate - attempt 2/ 3
GMAT Quants, Error message received for questionText is: 'NoneType' object has no attribute 'group'
Retrying _generate - attempt 1/3
GMAT GI, Error: message received for questionText is: 
 {
  "question": "Based on the provided scatter plot, the average actual duration for projects with an estimated budget exceeding `60,000 USD is approximately ___________ weeks, and the total estimated budget for all projects with an actual duration of less than 11 weeks is `___________."
}
Error: 'NoneType' object has no attribute 'group'
Retrying _generate - attempt 2/ 3
GMAT Quants, Error message received for questionText is: 'NoneType' object has no attribute 'group'
Retrying _generate - attempt 1/3
GMAT Quants, Error message received for questionText is: 'NoneType' object has no attribute 'group'
Retrying _generate - attempt 3/3

Attempt 3 failed:
Error type: TypeError
Error message: cannot unpack non-iterable NoneType object
Generator class: DataSufficiencyQuestionGeneration
Traceback:
  File "/Users/tanmaykumar/Desktop/LangChain-py/GMAT/Mock.py", line 159, in generate_question_with_retry
    question_data = question_generator.generate_question()
                    ^^^^^^^^^^^^^^^^^^^^^^^^^^^^^^^^^^^^^^
  File "/Users/tanmaykumar/Desktop/LangChain-py/GMAT/Quants/files/dataSufficiencyQuestionGeneration.py", line 22, in generate_question
    passages, statements, question = questionContent.generate_questionText()
                                     ^^^^^^^^^^^^^^^^^^^^^^^^^^^^^^^^^^^^^^^
  File "/Users/tanmaykumar/Desktop/LangChain-py/GMAT/Quants/files/questionComponents.py", line 343, in generate_questionText
    result_message_question_passage, result_statements, result_question = self._retry_generate(
    ^^^^^^^^^^^^^^^^^^^^^^^^^^^^^^^^^^^^^^^^^^^^^^^^^^^^^^^^^^^^^^^^^^^
Error: cannot unpack non-iterable NoneType object

Failed after 3 attempts for:
Section: GMAT_IR
Generator: Q_DS_gen
Prompt: DS - <Arithmetic> - <Logical Reasoning> - <difficulty_level: 2>
GMAT GI, Error: message received for questionText is: 
 {
  "question": "Based on the provided scatter plot, the average actual duration for projects with an estimated budget exceeding `60,000 USD is approximately ___________ weeks, and the total estimated budget for all projects with an actual duration of less than 11 weeks is `___________."
}
Error: 'NoneType' object has no attribute 'group'
Retrying _generate - attempt 3/ 3
Rate limit safety: waiting 25.1s (requests: 9, elapsed: 35.9s)
Starting GRE paper generation - Difficulty: 1
GMAT Quants, Error message received for questionText is: 'NoneType' object has no attribute 'group'
Retrying _generate - attempt 2/3
GMAT GI, Error: message received for questionSolution is: {
  "solution": "To determine the projected Software Licenses revenue for Q1 of the next fiscal year and the total revenue generated by Professional Services over the entire fiscal year, we need to extract and calculate values from the provided stacked bar chart data.\n\n**Calculation for Blank 1: Projected Software Licenses revenue for Q1 of the next fiscal year**\n1.  First, identify the Software Licenses revenue for each quarter:\n    *   Q1: ~~\\$250~~ thousands\n    *   Q2: ~~\\$280~~ thousands\n    *   Q3: ~~\\$310~~ thousands\n    *   Q4: ~~\\$350~~ thousands\n\n2.  Calculate the quarterly growth rates for Software Licenses revenue:\n    *   Growth rate from Q1 to Q2: ~~\\left(\\frac{280 - 250}{250}\\right) = \\frac{30}{250} = 0.12 = 12.00\\%~~\n    *   Growth rate from Q2 to Q3: ~~\\left(\\frac{310 - 280}{280}\\right) = \\frac{30}{280} \\approx 0.1071 = 10.71\\%~~\n    *   Growth rate from Q3 to Q4: ~~\\left(\\frac{350 - 310}{310}\\right) = \\frac{40}{310} \\approx 0.1290 = 12.90\\%~~\n\n3.  Calculate the average quarterly growth rate:\n    *   ~~\\text{Average Growth Rate} = \\frac{0.12 + 0.1071 + 0.1290}{3} = \\frac{0.3461}{3} \\approx 0.115366~~\n\n4.  Project the Q1 revenue for the next fiscal year using the Q4 revenue of the current year and the average growth rate:\n    *   ~~\\text{Projected Q1 Revenue (next year)} = \\text{Q4 Revenue} \\times (1 + \\text{Average Growth Rate})~~\n    *   ~~\\text{Projected Q1 Revenue (next year)} = 350 \\times (1 + 0.115366) = 350 \\times 1.115366 \\approx 390.38~~\n\n**Calculation for Blank 2: Total revenue generated by Professional Services over the entire fiscal year**\n1.  Identify the Professional Services revenue for each quarter:\n    *   Q1: ~~\\$80~~ thousands\n    *   Q2: ~~\\$90~~ thousands\n    *   Q3: ~~\\$100~~ thousands\n    *   Q4: ~~\\$110~~ thousands\n\n2.  Sum the quarterly revenues for Professional Services:\n    *   ~~\\text{Total Professional Services Revenue} = 80 + 90 + 100 + 110 = 380~~\n\nTherefore, the projected Software Licenses revenue for Q1 of the next fiscal year is approximately ~~\\$390.38~~ thousands of USD, and the total revenue generated by Professional Services over the entire fiscal year was ~~\\$380~~ thousands of USD."
}
Error: 'NoneType' object has no attribute 'group'
Retrying _generate - attempt 3/ 3
GMAT Quants, Error message received for questionText is: 'NoneType' object has no attribute 'group'
Retrying _generate - attempt 2/3
GMAT Quants, Error message received for questionText is: 'NoneType' object has no attribute 'group'
Retrying _generate - attempt 3/3

Attempt 2 failed:
Error type: TypeError
Error message: cannot unpack non-iterable NoneType object
Generator class: DataSufficiencyQuestionGeneration
Traceback:
  File "/Users/tanmaykumar/Desktop/LangChain-py/GMAT/Mock.py", line 159, in generate_question_with_retry
    question_data = question_generator.generate_question()
                    ^^^^^^^^^^^^^^^^^^^^^^^^^^^^^^^^^^^^^^
  File "/Users/tanmaykumar/Desktop/LangChain-py/GMAT/Quants/files/dataSufficiencyQuestionGeneration.py", line 22, in generate_question
    passages, statements, question = questionContent.generate_questionText()
                                     ^^^^^^^^^^^^^^^^^^^^^^^^^^^^^^^^^^^^^^^
  File "/Users/tanmaykumar/Desktop/LangChain-py/GMAT/Quants/files/questionComponents.py", line 343, in generate_questionText
    result_message_question_passage, result_statements, result_question = self._retry_generate(
    ^^^^^^^^^^^^^^^^^^^^^^^^^^^^^^^^^^^^^^^^^^^^^^^^^^^^^^^^^^^^^^^^^^^
Error: cannot unpack non-iterable NoneType object

Attempt 2 failed, retrying: cannot unpack non-iterable NoneType object
Prompt: DS - <Algebra> - <Efficiency and Time Management> - <difficulty_level: 3>


GRE Quants, Error: message received for questionGraph is: 
{
   "graph/table": [
      {
         "graph": {
            "title": "Impact of Local Squirrel Population Density on Daily Drone Deliveries in Urban Zones",
            "xAxis": "Average Squirrels per Square Kilometer",
            "yAxis": "Daily Drone Deliveries",
            "data": [
               {"x": 5, "y": 120},
               {"x": 10, "y": 115},
               {"x": 15, "y": 108},
               {"x": 20, "y": 100},
               {"x": 25, "y": 92},
               {"x": 30, "y": 85},
               {"x": 35, "y": 77},
               {"x": 40, "y": 70},
               {"x": 45, "y": 63},
               {"x": 50, "y": 55}
            ]
         },
         "type": "scatter plot",
         "description": "This scatter plot illustrates the relationship between the average squirrel population density (squirrels per square kilometer) and the number of daily drone deliveries in various urban zones during a specific quarter. Each point represents data from a different urban zone, allowing for an analysis of how environmental factors, such as local wildlife, might influence logistical operations like drone delivery services."
      }
   ],
   "relation": "The provided scatter plot presents a single dataset correlating local squirrel population density with daily drone deliveries, intended for data interpretation and trend analysis."
}
Error: 'NoneType' object has no attribute 'group'


Retrying _generate - attempt 1/ 3
GRE Quants, Error: message received for questionText is: 
{"question": "A high-end boutique owner procures a bespoke artisan scarf for $250. She determines the retail price by marking up the procurement cost by 60%. During an exclusive spring promotional event, the scarf is offered with an initial discount of 20% off the marked-up price. Subsequently, due to subdued demand, the owner applies a further discount of 10% on the already reduced price. What was the percentage profit the boutique owner realized from the sale of the scarf, calculated relative to the original procurement cost?"}
Error: 'NoneType' object has no attribute 'group'


Retrying _generate - attempt 1/ 3
GRE Quants, Error: message received for questionText is: 
{"question": "A wholesale distributor acquires a batch of specialized electronic components at a cost of $250 per unit. To account for operational overheads and desired profit margins, the distributor initially marks up the price of each component by 60% of its cost. During a promotional sales event, the distributor offers a direct discount of 25% on the marked price of each component. Subsequently, to clear the remaining inventory, an additional seasonal discount of 10% is applied to the already discounted price. If a customer purchases one such component during this final clearance, what is the approximate profit percentage the distributor realizes on that single unit, calculated with respect to the initial cost price?"}
Error: 'NoneType' object has no attribute 'group'


Retrying _generate - attempt 1/ 3
QuestionText: <percentage>- <difficulty-level: 2>, 
WARNING: please retry this, your output should strictly follow json format so that python program can capture question component properly, use (`) symbol instead of single quote and every key and value should be enclosed in double quotes
failed in generating response by self.llm.invoke
429 RESOURCE_EXHAUSTED. {'error': {'code': 429, 'message': 'You exceeded your current quota, please check your plan and billing details. For more information on this error, head to: https://ai.google.dev/gemini-api/docs/rate-limits.', 'status': 'RESOURCE_EXHAUSTED', 'details': [{'@type': 'type.googleapis.com/google.rpc.QuotaFailure', 'violations': [{'quotaMetric': 'generativelanguage.googleapis.com/generate_content_free_tier_requests', 'quotaId': 'GenerateRequestsPerMinutePerProjectPerModel-FreeTier', 'quotaDimensions': {'location': 'global', 'model': 'gemini-2.5-flash'}, 'quotaValue': '10'}]}, {'@type': 'type.googleapis.com/google.rpc.Help', 'links': [{'description': 'Learn more about Gemini API quotas', 'url': 'https://ai.google.dev/gemini-api/docs/rate-limits'}]}, {'@type': 'type.googleapis.com/google.rpc.RetryInfo', 'retryDelay': '39s'}]}}
GRE Quants, Error: message received for questionGraph is: 
{
   "graph/table": [
      {
         "graph": {
            "title": "Impact of Local Squirrel Population Density on Daily Drone Deliveries in Urban Zones",
            "xAxis": "Average Squirrels per Square Kilometer",
            "yAxis": "Daily Drone Deliveries",
            "data": [
               {"x": 5, "y": 120},
               {"x": 10, "y": 115},
               {"x": 15, "y": 108},
               {"x": 20, "y": 100},
               {"x": 25, "y": 92},
               {"x": 30, "y": 85},
               {"x": 35, "y": 77},
               {"x": 40, "y": 70},
               {"x": 45, "y": 63},
               {"x": 50, "y": 55}
            ]
         },
         "type": "scatter plot",
         "description": "This scatter plot illustrates the relationship between the average squirrel population density (squirrels per square kilometer) and the number of daily drone deliveries in various urban zones during a specific quarter. Each point represents data from a different urban zone, allowing for an analysis of how environmental factors, such as local wildlife, might influence logistical operations like drone delivery services. A higher squirrel density appears to correlate with a decrease in daily drone deliveries, suggesting a potential impedance on drone operations."
      }
   ],
   "relation": "The provided scatter plot presents a single dataset correlating local squirrel population density with daily drone deliveries, intended for data interpretation and trend analysis, highlighting a peculiar environmental factor`s influence on logistical efficiency."
}
Error: 'NoneType' object has no attribute 'group'


Retrying _generate - attempt 2/ 3
GMAT GI, Error: message received for questionOptions is: {
  "options": {
    "blank_1": {
      "A": "390.4",
      "B": "350.0",
      "C": "383.3"
    },
    "blank_2": {
      "A": "370.0",
      "B": "550.0",
      "C": "380.0"
    }
  },
  "answer": {
    "blank_1": "A",
    "blank_2": "C"
  }
}
Error: 'NoneType' object has no attribute 'group'
Retrying _generate - attempt 1/ 3
GRE Quants, Error: message received for questionText is: 
{"question": "At a large technology firm, the initial distribution of employees across three strategic departments—Innovations (I), Operations (O), and Client Relations (C)—is such that the ratio of employees in Innovations to Operations is 3:5, and the ratio of employees in Operations to Client Relations is 4:3. The total number of employees across these three departments is 470. Subsequently, the firm undergoes two phases of workforce restructuring. \n\nIn the first phase, 20 employees are transferred from the Innovations department to the Operations department, and simultaneously, 30 new employees are hired directly into the Client Relations department. \n\nIn the second phase, 10% of the employees in the Operations department are laid off due to automation, while 40 new employees are hired into the Innovations department to bolster research and development initiatives. The number of employees in Client Relations remains unchanged during this second phase.\n\nAfter both phases of restructuring are completed, which of the following statements are true based on the final employee distribution? Indicate all that apply."}
Error: 'NoneType' object has no attribute 'group'


Retrying _generate - attempt 1/ 3
GRE Quants, Error: message received for questionText is: 
{
  "passage": "A certain company has employees distributed across two departments, Department X and Department Y. The ratio of male employees to female employees in Department X is $3:2$. The ratio of male employees to female employees in Department Y is $5:3$.",
  "statements": [
    "The number of employees in Department X is equal to the number of employees in Department Y.",
    "The total number of male employees in Department X is equal to the total number of male employees in Department Y."
  ],
  "question": "What is the ratio of the total number of male employees to the total number of female employees in the entire company?"
}
Error: 'NoneType' object has no attribute 'group'


Retrying _generate - attempt 1/ 3
QuestionText: <ratio and proportion>- <difficulty-level: 1>, 
WARNING: please retry this, your output should strictly follow json format so that python program can capture question component properly, use (`) symbol instead of single quote and every key and value should be enclosed in double quotes
failed in generating response by self.llm.invoke
429 RESOURCE_EXHAUSTED. {'error': {'code': 429, 'message': 'You exceeded your current quota, please check your plan and billing details. For more information on this error, head to: https://ai.google.dev/gemini-api/docs/rate-limits.', 'status': 'RESOURCE_EXHAUSTED', 'details': [{'@type': 'type.googleapis.com/google.rpc.QuotaFailure', 'violations': [{'quotaMetric': 'generativelanguage.googleapis.com/generate_content_free_tier_requests', 'quotaId': 'GenerateRequestsPerMinutePerProjectPerModel-FreeTier', 'quotaDimensions': {'model': 'gemini-2.5-flash', 'location': 'global'}, 'quotaValue': '10'}]}, {'@type': 'type.googleapis.com/google.rpc.Help', 'links': [{'description': 'Learn more about Gemini API quotas', 'url': 'https://ai.google.dev/gemini-api/docs/rate-limits'}]}, {'@type': 'type.googleapis.com/google.rpc.RetryInfo', 'retryDelay': '33s'}]}}
GRE Quants, Error: message received for questionText is: 
{"question": "An exclusive antique dealer acquires a rare ceramic vase for a cost of $12,000. To establish a preliminary price, the dealer initially marks up the vase by 40% of its acquisition cost. During a special `collector`s exhibition`, the dealer offers a promotional discount of 15% on the marked price of the vase. Later, to facilitate a swift sale, an additional reduction of 10% is applied to the already discounted price. If a discerning collector purchases the vase under these final terms, what is the approximate profit percentage realized by the dealer, calculated with respect to the initial acquisition cost?"}
Error: 'NoneType' object has no attribute 'group'


Retrying _generate - attempt 2/ 3
GRE Quants, Error: message received for questionText is: 
{
  "passage": "Consider two real numbers, `x` and `y`.",
  "statements": ["`3x - 2y > x + y`", "`x + y = 5`"],
  "question": "Is `x > y`?"
}
Error: 'NoneType' object has no attribute 'group'


Retrying _generate - attempt 1/ 3
GRE Quants, Error: message received for questionGraph is: 
{
   "graph/table": [
      {
         "graph": {
            "title": "Impact of Local Squirrel Population Density on Daily Drone Deliveries in Urban Zones",
            "xAxis": "Average Squirrels per Square Kilometer",
            "yAxis": "Daily Drone Deliveries",
            "data": [
               {"x": 5, "y": 120},
               {"x": 10, "y": 115},
               {"x": 15, "y": 108},
               {"x": 20, "y": 100},
               {"x": 25, "y": 92},
               {"x": 30, "y": 85},
               {"x": 35, "y": 77},
               {"x": 40, "y": 70},
               {"x": 45, "y": 63},
               {"x": 50, "y": 55}
            ]
         },
         "type": "scatter plot",
         "description": "This scatter plot illustrates the relationship between the average squirrel population density (squirrels per square kilometer) and the number of daily drone deliveries in various urban zones during a specific quarter. Each point represents data from a different urban zone, allowing for an analysis of how environmental factors, such as local wildlife, might influence logistical operations like drone delivery services. A higher squirrel density appears to correlate with a decrease in daily drone deliveries, suggesting a potential impedance on drone operations. This peculiar environmental factor`s influence is presented for analysis."
      }
   ],
   "relation": "The provided scatter plot presents a single dataset correlating local squirrel population density with daily drone deliveries, intended for data interpretation and trend analysis, highlighting a peculiar environmental factor`s influence on logistical efficiency."
}
Error: 'NoneType' object has no attribute 'group'


Retrying _generate - attempt 3/ 3
GRE Quants, Error: message received for questionText is: 
{
  "passage": "A university committee of 5 members is to be formed from a department consisting solely of professors and lecturers. The number of professors in the department is twice the number of lecturers.",
  "statements": [
    "The committee must include exactly 3 professors.",
    "The total number of members in the department is 18."
  ],
  "question": "How many distinct ways can the committee be formed?"
}
Error: 'NoneType' object has no attribute 'group'


Retrying _generate - attempt 1/ 3
GRE Quants, Error: message received for parentChildQuestion(generate_parentTitle) is: 
{"title": "Analysis of Environmental Impact on Urban Drone Logistics"}
Error: 'NoneType' object has no attribute 'group'


Retrying _generate - attempt 1/ 3
GRE Quants, Error: message received for parentChildQuestion(generate_parentTitle) is: 
{"title": "Environmental Factors Influencing Drone Delivery Efficiency in Urban Zones"}
Error: 'NoneType' object has no attribute 'group'


Retrying _generate - attempt 2/ 3
GMAT GI, Error: message received for questionOptions is: {
  "options": {
    "blank_1": {
      "A": "390.4",
      "B": "350.0",
      "C": "383.3"
    },
    "blank_2": {
      "A": "370.0",
      "B": "550.0",
      "C": "380.0"
    }
  },
  "answer": {
    "blank_1": "A",
    "blank_2": "C"
  }
}
Error: 'NoneType' object has no attribute 'group'
Retrying _generate - attempt 2/ 3
Rate limit safety: waiting 10.0s (requests: 9, elapsed: 51.0s)
GRE Quants, Error: message received for questionText is: 
{"question": "A specialized apparel boutique procures a limited edition designer handbag at a wholesale cost of $800. To establish its retail value and cover anticipated operational expenses, the boutique initially applies a substantial markup of 50% to the acquisition cost. During a `seasonal pre-sale event`, the boutique offers an introductory discount of 20% on the handbag`s marked price. Subsequently, as part of a `clearance incentive`, an additional 10% discount is applied to the already reduced price. If a patron purchases this handbag under these final terms, what is the approximate profit percentage the boutique realizes on this particular item, calculated strictly based on its original wholesale cost?"}
Error: 'NoneType' object has no attribute 'group'


Retrying _generate - attempt 3/ 3
GMAT Quants, Error message received for questionText is: 'NoneType' object has no attribute 'group'
GRE Quants, Error: message received for questionText is: 
{"question": "At a large technology firm, the initial distribution of employees across three strategic departments—Innovations (I), Operations (O), and Client Relations (C)—is such that the ratio of employees in Innovations to Operations is 3:5, and the ratio of employees in Operations to Client Relations is 4:3. The total number of employees across these three departments is 470. Subsequently, the firm undergoes two phases of workforce restructuring. \n\nIn the first phase, 20 employees are transferred from the Innovations department to the Operations department, and simultaneously, 30 new employees are hired directly into the Client Relations department. \n\nIn the second phase, 10% of the employees in the Operations department are laid off due to automation, while 40 new employees are hired into the Innovations department to bolster research and development initiatives. The number of employees in Client Relations remains unchanged during this second phase.\n\nAfter both phases of restructuring are completed, which of the following statements are true based on the final employee distribution? Indicate all that apply."}
Error: 'NoneType' object has no attribute 'group'


Retrying _generate - attempt 1/3
Retrying _generate - attempt 2/ 3
GRE Quants, Error: message received for questionTitle is: 
{"title": "Profit Percentage on a Designer Handbag After Multiple Discounts"}
Error: 'NoneType' object has no attribute 'group'


Retrying _generate - attempt 1/ 3
GRE Quants, Error: message received for parentChildQuestion(generate_parentTitle) is: 
{"title": "Correlation Between Wildlife Population and Urban Drone Delivery Performance"}
Error: 'NoneType' object has no attribute 'group'


Retrying _generate - attempt 3/ 3
GRE Quants, Error: message received for questionText is: 
{
  "passage": "A multinational company consists solely of two departments: Department A and Department B. All employees are assigned to exactly one of these departments.",
  "statements": [
    "In Department A, the ratio of male employees to female employees is 2:1. In Department B, the ratio of male employees to female employees is 1:3.",
    "The total number of employees in Department A is 1.5 times the total number of employees in Department B."
  ],
  "question": "Is the ratio of the total number of male employees to the total number of female employees in the company greater than 1:1?"
}
Error: 'NoneType' object has no attribute 'group'


Retrying _generate - attempt 1/ 3
GRE Quants, Error: message received for questionTitle is: 
{"title": "Calculating Profit Percentage on a Designer Handbag After Initial Markup and Successive Discounts"}
Error: 'NoneType' object has no attribute 'group'


Retrying _generate - attempt 2/ 3
GRE Quants, Error: message received for questionTitle is: 
{"title": "Determining Final Profit Percentage on a Marked-Up Item with Multiple Sequential Discounts"}
Error: 'NoneType' object has no attribute 'group'

GRE Quants, Error: message received for questionText is: 
{
  "passage": "Consider two distinct real numbers, `a` and `b`.",
  "statements": ["`5a - 3b > 2a + b`", "`a + b = 10`"],
  "question": "Is `a` greater than `b`?"
}
Error: 'NoneType' object has no attribute 'group'



Retrying _generate - attempt 3/ 3
Retrying _generate - attempt 2/ 3
GMAT MSR, Error: message received for QuestionText generation is:
{
   "question": "A global environmental organization is seeking to identify the most impactful sector for a new `Green Growth Initiative` aimed at significantly reducing carbon emissions while fostering economic development. Based on the provided data, which of the following conclusions is most strongly supported regarding where this initiative should primarily focus its efforts?",
   "options": {
      "A": "The Industrial sector, due to its highest contribution to GDP and substantial total carbon emissions, suggesting that even marginal improvements would yield significant absolute reductions.",
      "B": "The Transportation sector, given its highest carbon emissions per unit of energy produced among non-power sectors, coupled with its relatively low renewable energy adoption and lower existing green technology investment compared to its economic footprint.",
      "C": "The Power Generation (Fossil) sector, as it accounts for the largest volume of carbon emissions and has no renewable energy share, representing the single largest target for absolute emissions reduction efforts.",
      "D": "The Power Generation (Renewable) sector, because it already attracts the largest green technology investment and has the lowest carbon intensity, making it the most efficient and scalable path for expanding clean energy sources.",
      "E": "The Commercial sector, which exhibits a balanced profile of moderate GDP contribution, reasonable energy efficiency, and a decent renewable share, providing a stable environment for gradual green technology implementation and expansion."
   },
   "answer": "B"
}
Error: 'NoneType' object has no attribute 'group'
Retrying _generate - attempt 1/ 3
GMAT Quants, Error message received for questionText is: 'NoneType' object has no attribute 'group'
Retrying _generate - attempt 2/3
GMAT GI, Error: message received for questionTitle is: {
  "title": "IT Project Performance: Budget and Duration Analysis"
}
Error: 'NoneType' object has no attribute 'group'
Retrying _generate - attempt 1/ 3
GRE Quants, Error: message received for parentChildQuestion(generate_childQuestion) is: 
{"question": "The provided scatter plot delineates the inverse relationship between average squirrel population density and daily drone deliveries. Based on the discernible trend from the data points, if a new urban zone exhibits a squirrel density of 32.5 squirrels per square kilometer, what is the most judicious estimate for the number of daily drone deliveries in that zone, assuming the established linear progression of the trend within the dataset?"}
Error: 'NoneType' object has no attribute 'group'


Retrying _generate - attempt 1/ 3
GMAT Quants, Error message received for questionText is: 'NoneType' object has no attribute 'group'
Retrying _generate - attempt 3/3

Attempt 3 failed:
Error type: TypeError
Error message: cannot unpack non-iterable NoneType object
Generator class: DataSufficiencyQuestionGeneration
Traceback:
  File "/Users/tanmaykumar/Desktop/LangChain-py/GMAT/Mock.py", line 159, in generate_question_with_retry
    question_data = question_generator.generate_question()
                    ^^^^^^^^^^^^^^^^^^^^^^^^^^^^^^^^^^^^^^
  File "/Users/tanmaykumar/Desktop/LangChain-py/GMAT/Quants/files/dataSufficiencyQuestionGeneration.py", line 22, in generate_question
    passages, statements, question = questionContent.generate_questionText()
                                     ^^^^^^^^^^^^^^^^^^^^^^^^^^^^^^^^^^^^^^^
  File "/Users/tanmaykumar/Desktop/LangChain-py/GMAT/Quants/files/questionComponents.py", line 343, in generate_questionText
    result_message_question_passage, result_statements, result_question = self._retry_generate(
    ^^^^^^^^^^^^^^^^^^^^^^^^^^^^^^^^^^^^^^^^^^^^^^^^^^^^^^^^^^^^^^^^^^^
Error: cannot unpack non-iterable NoneType object

Failed after 3 attempts for:
Section: GMAT_IR
Generator: Q_DS_gen
Prompt: DS - <Algebra> - <Efficiency and Time Management> - <difficulty_level: 3>
GMAT MSR, Error: message received for QuestionText generation is:
{
   "question": "A global environmental organization is seeking to identify the most impactful sector for a new `Green Growth Initiative` aimed at significantly reducing carbon emissions while fostering economic development. Based on the provided data, which of the following conclusions is most strongly supported regarding where this initiative should primarily focus its efforts?",
   "options": {
      "A": "The Industrial sector, due to its highest contribution to GDP and substantial total carbon emissions, suggesting that even marginal improvements would yield significant absolute reductions.",
      "B": "The Transportation sector, given its highest carbon emissions per unit of energy produced among non-power sectors, coupled with its relatively low renewable energy adoption and lower existing green technology investment compared to its economic footprint.",
      "C": "The Power Generation (Fossil) sector, as it accounts for the largest volume of carbon emissions and has no renewable energy share, representing the single largest target for absolute emissions reduction efforts.",
      "D": "The Power Generation (Renewable) sector, because it already attracts the largest green technology investment and has the lowest carbon intensity, making it the most efficient and scalable path for expanding clean energy sources.",
      "E": "The Commercial sector, which exhibits a balanced profile of moderate GDP contribution, reasonable energy efficiency, and a decent renewable share, providing a stable environment for gradual green technology implementation and expansion."
   },
   "answer": "B"
}
Error: 'NoneType' object has no attribute 'group'
Retrying _generate - attempt 2/ 3
GRE Quants, Error: message received for questionText is: 
{"question": "At a large technology firm, the initial distribution of employees across three strategic departments—Innovations (I), Operations (O), and Client Relations (C)—is such that the ratio of employees in Innovations to Operations is 3:5, and the ratio of employees in Operations to Client Relations is 4:3. The total number of employees across these three departments is 470. Subsequently, the firm undergoes two phases of workforce restructuring. \n\nIn the first phase, 20 employees are transferred from the Innovations department to the Operations department, and simultaneously, 30 new employees are hired directly into the Client Relations department. \n\nIn the second phase, 10% of the employees in the Operations department are laid off due to automation, while 40 new employees are hired into the Innovations department to bolster research and development initiatives. The number of employees in Client Relations remains unchanged during this second phase.\n\nAfter both phases of restructuring are completed, which of the following statements are true based on the final employee distribution? Indicate all that apply."}
Error: 'NoneType' object has no attribute 'group'


Retrying _generate - attempt 3/ 3
GRE Quants, Error: message received for questionText is: 
{
  "passage": "Consider two real numbers, `m` and `n`.",
  "statements": ["`3m - 5n < 2m - 2n`", "`m = n + 1`"],
  "question": "Is `m` greater than `n`?"
}
Error: 'NoneType' object has no attribute 'group'


Retrying _generate - attempt 3/ 3

Attempt 1 failed:
Error type: TypeError
Error message: cannot unpack non-iterable NoneType object
Generator class: DataSufficiencyQuestionGeneration
Traceback:
  File "/Users/tanmaykumar/Desktop/LangChain-py/GRE/Mock.py", line 143, in generate_question_with_retry
    question_data = question_generator.generate_question()
                    ^^^^^^^^^^^^^^^^^^^^^^^^^^^^^^^^^^^^^^
  File "/Users/tanmaykumar/Desktop/LangChain-py/GRE/Quants/files/dataSufficiencyQuestionGeneration.py", line 36, in generate_question
    passage, statements, question = dataSufficiencyQuestion.generate_questionText()
                                    ^^^^^^^^^^^^^^^^^^^^^^^^^^^^^^^^^^^^^^^^^^^^^^^
  File "/Users/tanmaykumar/Desktop/LangChain-py/GRE/Quants/files/questionComponents.py", line 513, in generate_questionText
    result_passage, result_statements, result_question = self._retry_generate(
    ^^^^^^^^^^^^^^^^^^^^^^^^^^^^^^^^^^^^^^^^^^^^^^^^^^

Attempt 1 failed, retrying: cannot unpack non-iterable NoneType object
Prompt: <linear inequalities>- <difficulty-level: 2>


GMAT GI, Error: message received for questionTitle is: {
  "title": "IT Project Performance: Budget and Duration Analysis"
}
Error: 'NoneType' object has no attribute 'group'
Retrying _generate - attempt 2/ 3
GRE Quants, Error: message received for questionTitle is: 
{"title": "Employee Distribution and Restructuring in a Technology Firm"}
Error: 'NoneType' object has no attribute 'group'


Retrying _generate - attempt 1/ 3
GRE Quants, Error: message received for questionSolution is: 
{
	"solution": "Here`s a step-by-step calculation to determine the profit percentage:\n\n**Step 1: Calculate the Marked Price (MP).**\nThe wholesale cost of the handbag is $800. The boutique applies a 50% markup.\nMarkup Amount = 50% of $800 = 0.50 * $800 = $400\nMarked Price (MP) = Wholesale Cost + Markup Amount = $800 + $400 = $1200\n\n**Step 2: Calculate the price after the first discount.**\nDuring the `seasonal pre-sale event`, a 20% discount is offered on the Marked Price.\nPrice after first discount = MP * (1 - Discount Percentage)\nPrice after first discount = $1200 * (1 - 0.20) = $1200 * 0.80 = $960\n\n**Step 3: Calculate the Final Selling Price (SP) after the second discount.**\nAn additional 10% discount is applied to the already reduced price.\nFinal Selling Price (SP) = Price after first discount * (1 - Second Discount Percentage)\nFinal Selling Price (SP) = $960 * (1 - 0.10) = $960 * 0.90 = $864\n\n**Step 4: Calculate the Profit.**\nProfit = Final Selling Price (SP) - Original Wholesale Cost (CP)\nProfit = $864 - $800 = $64\n\n**Step 5: Calculate the Profit Percentage.**\nProfit Percentage = (Profit / Original Wholesale Cost) * 100\nProfit Percentage = ($64 / $800) * 100\nProfit Percentage = 0.08 * 100 = 8.00%\n\nThe approximate profit percentage the boutique realizes is 8.00%.",
	"answer": 8.00
}
Error: 'NoneType' object has no attribute 'group'


Retrying _generate - attempt 1/ 3
GRE Quants, Error: message received for questionTitle is: 
{"title": "Employee Distribution and Restructuring in a Technology Firm"}
Error: 'NoneType' object has no attribute 'group'


Retrying _generate - attempt 2/ 3
GRE Quants, Error: message received for parentChildQuestion(generate_childQuestion) is: 
{"question": "The provided scatter plot delineates a distinct inverse relationship where an increase in average squirrel population density correlates with a decrease in daily drone deliveries. Based on the discernible trend from the presented data points, if an urban zone exhibits a squirrel density of 42 squirrels per square kilometer, what is the most cogent estimate for the number of daily drone deliveries in that zone, assuming the established linear progression of the trend within the dataset?"}
Error: 'NoneType' object has no attribute 'group'


Retrying _generate - attempt 2/ 3
GMAT GI, Error: message received for questionTitle is: {
  "title": "IT Project Performance: Budget and Duration Analysis"
}
Error: 'NoneType' object has no attribute 'group'
Retrying _generate - attempt 3/ 3
GRE Quants, Error: message received for questionTitle is: 
{"title": "Employee Distribution and Restructuring in a Technology Firm"}
Error: 'NoneType' object has no attribute 'group'


Retrying _generate - attempt 3/ 3
GRE Quants, Error: message received for questionText is: 
{
  "passage": "In a school, all students are members of either the Debate Club or the Chess Club, and no student is a member of both.",
  "statements": [
    "In the Debate Club, the ratio of boys to girls is 3:2. In the Chess Club, the ratio of boys to girls is 1:4.",
    "The total number of members in the Debate Club is 60% of the total number of members in the Chess Club."
  ],
  "question": "Is the ratio of the total number of boys to the total number of girls in the school less than 1:1?"
}
Error: 'NoneType' object has no attribute 'group'


Retrying _generate - attempt 2/ 3
GRE Quants, Error: message received for questionText is: 
{
  "passage": "A university committee of 5 members is to be formed from a department consisting solely of professors and lecturers. The number of professors in the department is twice the number of lecturers.",
  "statements": [
    "The committee must include exactly 3 professors.",
    "The total number of members in the department is 18."
  ],
  "question": "How many distinct ways can the committee be formed?"
}
Error: 'NoneType' object has no attribute 'group'


Retrying _generate - attempt 2/ 3
GRE Quants, Error: message received for questionSolution is: 
{
	"solution": "Here`s a step-by-step calculation to determine the profit percentage:\n\n**Step 1: Calculate the Marked Price (MP).**\nThe wholesale cost of the handbag is $800. The boutique applies a 50% markup.\nMarkup Amount = 50% of $800 = 0.50 * $800 = $400\nMarked Price (MP) = Wholesale Cost + Markup Amount = $800 + $400 = $1200\n\n**Step 2: Calculate the price after the first discount.**\nDuring the `seasonal pre-sale event`, a 20% discount is offered on the Marked Price.\nPrice after first discount = MP * (1 - Discount Percentage)\nPrice after first discount = $1200 * (1 - 0.20) = $1200 * 0.80 = $960\n\n**Step 3: Calculate the Final Selling Price (SP) after the second discount.**\nAn additional 10% discount is applied to the already reduced price.\nFinal Selling Price (SP) = Price after first discount * (1 - Second Discount Percentage)\nFinal Selling Price (SP) = $960 * (1 - 0.10) = $960 * 0.90 = $864\n\n**Step 4: Calculate the Profit.**\nProfit = Final Selling Price (SP) - Original Wholesale Cost (CP)\nProfit = $864 - $800 = $64\n\n**Step 5: Calculate the Profit Percentage.**\nProfit Percentage = (Profit / Original Wholesale Cost) * 100\nProfit Percentage = ($64 / $800) * 100\nProfit Percentage = 0.08 * 100 = 8.00%\n\nThe approximate profit percentage the boutique realizes is 8.00%.",
	"answer": 8.00
}
Error: 'NoneType' object has no attribute 'group'


Retrying _generate - attempt 2/ 3
GRE Quants, Error: message received for parentChildQuestion(generate_childQuestion) is: 
{"question": "The provided scatter plot delineates a consistent inverse relationship where an increase in average squirrel population density correlates with a decrease in daily drone deliveries. Based on the discernible trend from the presented data points, if an urban zone is projected to have a squirrel density of 28 squirrels per square kilometer, what is the most cogent estimate for the number of daily drone deliveries in that zone, assuming the established linear progression of the trend within the dataset?"}
Error: 'NoneType' object has no attribute 'group'


Retrying _generate - attempt 3/ 3
Rate limit safety: waiting 26.7s (requests: 9, elapsed: 34.3s)
GMAT GI, Error: message received for questionSolution is: {
  "solution": "To determine the average actual duration for projects with an estimated budget exceeding `60,000 USD, we first identify the relevant projects from the scatter plot. These are:\n- Project B: Estimated Budget = `70,000 USD, Actual Duration = 12 weeks\n- Project D: Estimated Budget = `90,000 USD, Actual Duration = 15 weeks\n- Project F: Estimated Budget = `80,000 USD, Actual Duration = 13 weeks\n\nNext, we sum their actual durations and divide by the number of projects:\n~~\\text{Sum of durations} = 12 + 15 + 13 = 40 \\text{ weeks}~~ \n~~\\text{Number of projects} = 3~~ \n~~\\text{Average actual duration} = \\frac{40}{3} \\approx 13.33 \\text{ weeks}~~ \n\nTo determine the total estimated budget for all projects with an actual duration of less than 11 weeks, we identify the relevant projects:\n- Project A: Actual Duration = 10 weeks, Estimated Budget = `50,000 USD\n- Project C: Actual Duration = 8 weeks, Estimated Budget = `40,000 USD\n\nNext, we sum their estimated budgets:\n~~\\text{Total estimated budget} = 50 + 40 = 90 \\text{ (`000 USD)}~~ \n\nTherefore, the average actual duration for projects with an estimated budget exceeding `60,000 USD is approximately ~~13.33~~ weeks, and the total estimated budget for all projects with an actual duration of less than 11 weeks is `~~90,000~~."
}
Error: 'NoneType' object has no attribute 'group'
Retrying _generate - attempt 1/ 3
GRE Quants, Error: message received for questionText is: 
{
  "passage": "In a school, all students are members of either the Debate Club or the Chess Club, and no student is a member of both.",
  "statements": [
    "In the Debate Club, the ratio of boys to girls is 3:2. In the Chess Club, the ratio of boys to girls is 1:4.",
    "The total number of members in the Debate Club is 60% of the total number of members in the Chess Club."
  ],
  "question": "Is the ratio of the total number of boys to the total number of girls in the school less than 1:1?"
}
Error: 'NoneType' object has no attribute 'group'


Retrying _generate - attempt 3/ 3

Attempt 1 failed:
Error type: TypeError
Error message: cannot unpack non-iterable NoneType object
Generator class: DataSufficiencyQuestionGeneration
Traceback:
  File "/Users/tanmaykumar/Desktop/LangChain-py/GRE/Mock.py", line 143, in generate_question_with_retry
    question_data = question_generator.generate_question()
                    ^^^^^^^^^^^^^^^^^^^^^^^^^^^^^^^^^^^^^^
  File "/Users/tanmaykumar/Desktop/LangChain-py/GRE/Quants/files/dataSufficiencyQuestionGeneration.py", line 36, in generate_question
    passage, statements, question = dataSufficiencyQuestion.generate_questionText()
                                    ^^^^^^^^^^^^^^^^^^^^^^^^^^^^^^^^^^^^^^^^^^^^^^^
  File "/Users/tanmaykumar/Desktop/LangChain-py/GRE/Quants/files/questionComponents.py", line 513, in generate_questionText
    result_passage, result_statements, result_question = self._retry_generate(
    ^^^^^^^^^^^^^^^^^^^^^^^^^^^^^^^^^^^^^^^^^^^^^^^^^^

Attempt 1 failed, retrying: cannot unpack non-iterable NoneType object
Prompt: <ratio and proportion>- <difficulty-level: 3>


GRE Quants, Error: message received for questionSolution is: 
{
	"solution": "Here`s a step-by-step calculation to determine the profit percentage:\n\n**Step 1: Calculate the Marked Price (MP).**\nThe wholesale cost of the handbag is $800. The boutique applies a 50% markup.\nMarkup Amount = 50% of $800 = 0.50 * $800 = $400\nMarked Price (MP) = Wholesale Cost + Markup Amount = $800 + $400 = $1200\n\n**Step 2: Calculate the price after the first discount.**\nDuring the `seasonal pre-sale event`, a 20% discount is offered on the Marked Price.\nPrice after first discount = MP * (1 - Discount Percentage)\nPrice after first discount = $1200 * (1 - 0.20) = $1200 * 0.80 = $960\n\n**Step 3: Calculate the Final Selling Price (SP) after the second discount.**\nAn additional 10% discount is applied to the already reduced price.\nFinal Selling Price (SP) = Price after first discount * (1 - Second Discount Percentage)\nFinal Selling Price (SP) = $960 * (1 - 0.10) = $960 * 0.90 = $864\n\n**Step 4: Calculate the Profit.**\nProfit = Final Selling Price (SP) - Original Wholesale Cost (CP)\nProfit = $864 - $800 = $64\n\n**Step 5: Calculate the Profit Percentage.**\nProfit Percentage = (Profit / Original Wholesale Cost) * 100\nProfit Percentage = ($64 / $800) * 100\nProfit Percentage = 0.08 * 100 = 8.00%\n\nThe approximate profit percentage the boutique realizes is 8.00%.",
	"answer": 8.00
}
Error: 'NoneType' object has no attribute 'group'


Retrying _generate - attempt 3/ 3

Attempt 1 failed:
Error type: TypeError
Error message: cannot unpack non-iterable NoneType object
Generator class: NumericEntryQuestionGeneration
Traceback:
  File "/Users/tanmaykumar/Desktop/LangChain-py/GRE/Mock.py", line 143, in generate_question_with_retry
    question_data = question_generator.generate_question()
                    ^^^^^^^^^^^^^^^^^^^^^^^^^^^^^^^^^^^^^^
  File "/Users/tanmaykumar/Desktop/LangChain-py/GRE/Quants/files/numericEntryQuestionGeneration.py", line 31, in generate_question
    self.questionData["solution"], self.questionData["answer"] = numericEntryQuestion.generate_questionSolution(isNE = True)
                                                                 ^^^^^^^^^^^^^^^^^^^^^^^^^^^^^^^^^^^^^^^^^^^^^^^^^^^^^^^^^^^
  File "/Users/tanmaykumar/Desktop/LangChain-py/GRE/Quants/files/questionComponents.py", line 406, in generate_questionSolution
    result_solution, result_answer = self._retry_generate(_generate)
    ^^^^^^^^^^^^^^^^^^^^^^^^^^^^^^

Attempt 1 failed, retrying: cannot unpack non-iterable NoneType object
Prompt: <profit, loss and discount>- <difficulty-level: 1>


Rate limit safety: waiting 22.1s (requests: 9, elapsed: 38.9s)
GMAT GI, Error: message received for questionSolution is: {
  "solution": "To determine the average actual duration for projects with an estimated budget exceeding `60,000 USD, we first identify the relevant projects from the scatter plot. These are:\n- Project B: Estimated Budget = `70,000 USD, Actual Duration = 12 weeks\n- Project D: Estimated Budget = `90,000 USD, Actual Duration = 15 weeks\n- Project F: Estimated Budget = `80,000 USD, Actual Duration = 13 weeks\n\nNext, we sum their actual durations and divide by the number of projects:\n~~\\text{Sum of durations} = 12 + 15 + 13 = 40 \\text{ weeks}~~ \n~~\\text{Number of projects} = 3~~ \n~~\\text{Average actual duration} = \\frac{40}{3} \\approx 13.33 \\text{ weeks}~~ \n\nTo determine the total estimated budget for all projects with an actual duration of less than 11 weeks, we identify the relevant projects:\n- Project A: Actual Duration = 10 weeks, Estimated Budget = `50,000 USD\n- Project C: Actual Duration = 8 weeks, Estimated Budget = `40,000 USD\n\nNext, we sum their estimated budgets:\n~~\\text{Total estimated budget} = 50 + 40 = 90 \\text{ (`000 USD)}~~ \n\nTherefore, the average actual duration for projects with an estimated budget exceeding `60,000 USD is approximately ~~13.33~~ weeks, and the total estimated budget for all projects with an actual duration of less than 11 weeks is `~~90,000~~."
}
Error: 'NoneType' object has no attribute 'group'
Retrying _generate - attempt 2/ 3
GMAT GI, Error: message received for questionOptions is: {
  "options": {
    "blank_1": {
      "A": "390.4",
      "B": "350.0",
      "C": "383.3"
    },
    "blank_2": {
      "A": "370.0",
      "B": "550.0",
      "C": "380.0"
    }
  },
  "answer": {
    "blank_1": "A",
    "blank_2": "C"
  }
}
Error: 'NoneType' object has no attribute 'group'
Retrying _generate - attempt 3/ 3

Attempt 2 failed:
Error type: TypeError
Error message: cannot unpack non-iterable NoneType object
Generator class: Generate_GI
Traceback:
  File "/Users/tanmaykumar/Desktop/LangChain-py/GMAT/Mock.py", line 159, in generate_question_with_retry
    question_data = question_generator.generate_question()
                    ^^^^^^^^^^^^^^^^^^^^^^^^^^^^^^^^^^^^^^
  File "/Users/tanmaykumar/Desktop/LangChain-py/GMAT/Integrated_Reasoning/files/GI.py", line 32, in generate_question
    options_list, correct_option = gi.generate_questionOptions()
                                   ^^^^^^^^^^^^^^^^^^^^^^^^^^^^^
  File "/Users/tanmaykumar/Desktop/LangChain-py/GMAT/Integrated_Reasoning/files/questionComponents.py", line 244, in generate_questionOptions
    result_options, result_answer = self._retry_generate(_generate)
    ^^^^^^^^^^^^^^^^^^^^^^^^^^^^^
Error: cannot unpack non-iterable NoneType object

Attempt 2 failed, retrying: cannot unpack non-iterable NoneType object
Prompt: GI - <Finance> - <Pattern Recognition> - <Stacked Bar Chart> - <difficulty_level: 1>


GMAT MSR, Error: message received for QuestionText generation is:
{
   "question": "A global environmental organization is seeking to identify the most impactful sector for a new `Green Growth Initiative` aimed at significantly reducing carbon emissions while fostering economic development. Based on the provided data, which of the following conclusions is most strongly supported regarding where this initiative should primarily focus its efforts?",
   "options": {
      "A": "The Industrial sector, due to its highest contribution to GDP and substantial total carbon emissions, suggesting that even marginal improvements would yield significant absolute reductions.",
      "B": "The Transportation sector, given its highest carbon emissions per unit of energy produced among non-power sectors, coupled with its relatively low renewable energy adoption and lower existing green technology investment compared to its economic footprint.",
      "C": "The Power Generation (Fossil) sector, as it accounts for the largest volume of carbon emissions and has no renewable energy share, representing the single largest target for absolute emissions reduction efforts.",
      "D": "The Power Generation (Renewable) sector, because it already attracts the largest green technology investment and has the lowest carbon intensity, making it the most efficient and scalable path for expanding clean energy sources.",
      "E": "The Commercial sector, which exhibits a balanced profile of moderate GDP contribution, reasonable energy efficiency, and a decent renewable share, providing a stable environment for gradual green technology implementation and expansion."
   },
   "answer": "B"
}
Error: 'NoneType' object has no attribute 'group'
Retrying _generate - attempt 3/ 3
GRE Quants, Error: message received for questionText is: 
{
  "passage": "A university committee of 5 members is to be formed from a department consisting solely of professors and lecturers. The number of professors in the department is twice the number of lecturers.",
  "statements": [
    "The committee must include exactly 3 professors.",
    "The total number of members in the department is 18."
  ],
  "question": "How many distinct ways can the committee be formed?"
}
Error: 'NoneType' object has no attribute 'group'

GRE Quants, Error: message received for questionSolution is: 
{"solution": "<p><b>Step 1: Calculate the initial distribution of employees.</b><br>\nGiven ratios: Innovations (I) : Operations (O) = 3:5, and Operations (O) : Client Relations (C) = 4:3.<br>\nTo combine these ratios, find a common multiple for O. The least common multiple of 5 and 4 is 20.<br>\nI:O = 3:5 = (3*4):(5*4) = 12:20<br>\nO:C = 4:3 = (4*5):(3*5) = 20:15<br>\nSo, the combined ratio I:O:C = 12:20:15.<br>\nTotal ratio parts = 12 + 20 + 15 = 47.<br>\nTotal employees = 470.<br>\nValue per ratio part = 470 / 47 = 10 employees.<br>\nInitial employees:<br>\nInnovations (I) = 12 * 10 = 120 employees<br>\nOperations (O) = 20 * 10 = 200 employees<br>\nClient Relations (C) = 15 * 10 = 150 employees<br>\n(Check: 120 + 200 + 150 = 470)</p>\n\n<p><b>Step 2: Calculate employee distribution after the first phase of restructuring.</b><br>\n- 20 employees transferred from Innovations to Operations.<br>\n- 30 new employees hired into Client Relations.<br>\nEmployees after Phase 1:<br>\nInnovations (I_phase1) = 120 - 20 = 100 employees<br>\nOperations (O_phase1) = 200 + 20 = 220 employees<br>\nClient Relations (C_phase1) = 150 + 30 = 180 employees</p>\n\n<p><b>Step 3: Calculate employee distribution after the second phase of restructuring.</b><br>\n- 10% of employees in Operations laid off.<br>\n- 40 new employees hired into Innovations.<br>\n- Client Relations remains unchanged.<br>\nEmployees after Phase 2 (Final):<br>\nInnovations (I_final) = I_phase1 + 40 = 100 + 40 = 140 employees<br>\nOperations (O_laid_off) = 10% of O_phase1 = 0.10 * 220 = 22 employees<br>\nOperations (O_final) = O_phase1 - O_laid_off = 220 - 22 = 198 employees<br>\nClient Relations (C_final) = C_phase1 = 180 employees</p>\n\n<p><b>Step 4: Evaluate the final employee distribution to determine true statements.</b><br>\nFinal distribution: Innovations = 140, Operations = 198, Client Relations = 180.<br>\nTotal final employees = 140 + 198 + 180 = 518 employees.</p>\n\n<p>Let's consider possible statements and their truthfulness:<br>\n<b>Statement 1: The total number of employees across all three departments increased by exactly 48.</b><br>\nInitial total = 470, Final total = 518.<br>\nIncrease = 518 - 470 = 48. (TRUE)</p>\n\n<p><b>Statement 2: The number of employees in the Operations department is now less than 200.</b><br>\nFinal Operations employees = 198.<br>\n198 < 200. (TRUE)</p>\n\n<p><b>Statement 3: The ratio of employees in Innovations to Operations is now exactly 7:10.</b><br>\nFinal Innovations = 140, Final Operations = 198.<br>\nRatio I:O = 140:198. Simplify by dividing by 2: 70:99.<br>\n70/99 is approximately 0.707. 7/10 is 0.7.<br>\nThis statement implies an *exact* ratio. 70:99 is not exactly 7:10 (which would be 70:100). (FALSE)</p>\n\n<p><b>Statement 4: The Client Relations department has the highest number of employees after both restructuring phases.</b><br>\nFinal employees: Innovations = 140, Operations = 198, Client Relations = 180.<br>\nOperations (198) is the highest. (FALSE)</p>\n\n<p><b>Statement 5: The number of employees in Innovations is now exactly 40 more than its initial count.</b><br>\nInitial Innovations = 120. Final Innovations = 140.<br>\nIncrease = 140 - 120 = 20. Not 40. (FALSE)</p>\n\n<p>Based on these evaluations, the true statements are those affirming that the total number of employees increased by exactly 48 and that the number of employees in the Operations department is now less than 200.</p>", "answer": "Statements 1 and 2"}
Error: 'NoneType' object has no attribute 'group'



Retrying _generate - attempt 1/ 3Retrying _generate - attempt 3/ 3


Attempt 1 failed:
Error type: TypeError
Error message: cannot unpack non-iterable NoneType object
Generator class: DataSufficiencyQuestionGeneration
Traceback:
  File "/Users/tanmaykumar/Desktop/LangChain-py/GRE/Mock.py", line 143, in generate_question_with_retry
    question_data = question_generator.generate_question()
                    ^^^^^^^^^^^^^^^^^^^^^^^^^^^^^^^^^^^^^^
  File "/Users/tanmaykumar/Desktop/LangChain-py/GRE/Quants/files/dataSufficiencyQuestionGeneration.py", line 36, in generate_question
    passage, statements, question = dataSufficiencyQuestion.generate_questionText()
                                    ^^^^^^^^^^^^^^^^^^^^^^^^^^^^^^^^^^^^^^^^^^^^^^^
  File "/Users/tanmaykumar/Desktop/LangChain-py/GRE/Quants/files/questionComponents.py", line 513, in generate_questionText
    result_passage, result_statements, result_question = self._retry_generate(
    ^^^^^^^^^^^^^^^^^^^^^^^^^^^^^^^^^^^^^^^^^^^^^^^^^^

Attempt 1 failed, retrying: cannot unpack non-iterable NoneType object
Prompt: <permutations and combinations>- <difficulty-level: 2>


GMAT MSR, Error: message received for QuestionTitle generation is:
{
   "title": "Strategic Sector Prioritization for Green Growth Initiative"
}
Error: 'NoneType' object has no attribute 'group'
Retrying _generate - attempt 1/ 3
GMAT GI, Error: message received for questionSolution is: {
  "solution": "To determine the average actual duration for projects with an estimated budget exceeding `60,000 USD, we first identify the relevant projects from the scatter plot. These are:\n- Project B: Estimated Budget = `70,000 USD, Actual Duration = 12 weeks\n- Project D: Estimated Budget = `90,000 USD, Actual Duration = 15 weeks\n- Project F: Estimated Budget = `80,000 USD, Actual Duration = 13 weeks\n\nNext, we sum their actual durations and divide by the number of projects:\n~~\\text{Sum of durations} = 12 + 15 + 13 = 40 \\text{ weeks}~~ \n~~\\text{Number of projects} = 3~~ \n~~\\text{Average actual duration} = \\frac{40}{3} \\approx 13.33 \\text{ weeks}~~ \n\nTo determine the total estimated budget for all projects with an actual duration of less than 11 weeks, we identify the relevant projects:\n- Project A: Actual Duration = 10 weeks, Estimated Budget = `50,000 USD\n- Project C: Actual Duration = 8 weeks, Estimated Budget = `40,000 USD\n\nNext, we sum their estimated budgets:\n~~\\text{Total estimated budget} = 50 + 40 = 90 \\text{ (`000 USD)}~~ \n\nTherefore, the average actual duration for projects with an estimated budget exceeding `60,000 USD is approximately ~~13.33~~ weeks, and the total estimated budget for all projects with an actual duration of less than 11 weeks is `~~90,000~~."
}
Error: 'NoneType' object has no attribute 'group'
Retrying _generate - attempt 3/ 3
GMAT MSR, Error: message received for QuestionTitle generation is:
{
   "title": "Strategic Sector Prioritization for Green Growth Initiative"
}
Error: 'NoneType' object has no attribute 'group'
Retrying _generate - attempt 2/ 3
GMAT GI, Error: message received for questionGraph is:
{
  "graphs": [
    {
      "graph": "stacked bar chart",
      "title": "Quarterly Operational Expenses by Department",
      "description": "This chart illustrates the breakdown of a company's total operational expenses across different departments for each quarter of a fiscal year.",
      "x-axis": "Quarter",
      "y-axis": "Expenses (in thousands `$` )",
      "data": [
        {
          "category": "Q1",
          "values": [
            { "department": "Research & Development", "value": 150 },
            { "department": "Marketing", "value": 100 },
            { "department": "Operations", "value": 120 },
            { "department": "Administration", "value": 80 }
          ]
        },
        {
          "category": "Q2",
          "values": [
            { "department": "Research & Development", "value": 165 },
            { "department": "Marketing", "value": 110 },
            { "department": "Operations", "value": 130 },
            { "department": "Administration", "value": 85 }
          ]
        },
        {
          "category": "Q3",
          "values": [
            { "department": "Research & Development", "value": 180 },
            { "department": "Marketing", "value": 120 },
            { "department": "Operations", "value": 140 },
            { "department": "Administration", "value": 90 }
          ]
        },
        {
          "category": "Q4",
          "values": [
            { "department": "Research & Development", "value": 195 },
            { "department": "Marketing", "value": 130 },
            { "department": "Operations", "value": 150 },
            { "department": "Administration", "value": 95 }
          ]
        }
      ]
    }
  ]
}
 Error: 'NoneType' object has no attribute 'group'
Retrying _generate - attempt 1/ 3
GRE Quants, Error: message received for questionSolution is: 
{"solution": "<p><b>Step 1: Calculate the initial distribution of employees.</b><br>\nGiven ratios: Innovations (I) : Operations (O) = 3:5, and Operations (O) : Client Relations (C) = 4:3.<br>\nTo combine these ratios, find a common multiple for O. The least common multiple of 5 and 4 is 20.<br>\nI:O = 3:5 = (3*4):(5*4) = 12:20<br>\nO:C = 4:3 = (4*5):(3*5) = 20:15<br>\nSo, the combined ratio I:O:C = 12:20:15.<br>\nTotal ratio parts = 12 + 20 + 15 = 47.<br>\nTotal employees = 470.<br>\nValue per ratio part = 470 / 47 = 10 employees.<br>\nInitial employees:<br>\nInnovations (I) = 12 * 10 = 120 employees<br>\nOperations (O) = 20 * 10 = 200 employees<br>\nClient Relations (C) = 15 * 10 = 150 employees<br>\n(Check: 120 + 200 + 150 = 470)</p>\n\n<p><b>Step 2: Calculate employee distribution after the first phase of restructuring.</b><br>\n- 20 employees transferred from Innovations to Operations.<br>\n- 30 new employees hired into Client Relations.<br>\nEmployees after Phase 1:<br>\nInnovations (I_phase1) = 120 - 20 = 100 employees<br>\nOperations (O_phase1) = 200 + 20 = 220 employees<br>\nClient Relations (C_phase1) = 150 + 30 = 180 employees</p>\n\n<p><b>Step 3: Calculate employee distribution after the second phase of restructuring.</b><br>\n- 10% of employees in Operations laid off.<br>\n- 40 new employees hired into Innovations.<br>\n- Client Relations remains unchanged.<br>\nEmployees after Phase 2 (Final):<br>\nInnovations (I_final) = I_phase1 + 40 = 100 + 40 = 140 employees<br>\nOperations (O_laid_off) = 10% of O_phase1 = 0.10 * 220 = 22 employees<br>\nOperations (O_final) = O_phase1 - O_laid_off = 220 - 22 = 198 employees<br>\nClient Relations (C_final) = C_phase1 = 180 employees</p>\n\n<p><b>Step 4: Evaluate the final employee distribution to determine true statements.</b><br>\nFinal distribution: Innovations = 140, Operations = 198, Client Relations = 180.<br>\nTotal final employees = 140 + 198 + 180 = 518 employees.</p>\n\n<p>Let's consider possible statements and their truthfulness:<br>\n<b>Statement 1: The total number of employees across all three departments increased by exactly 48.</b><br>\nInitial total = 470, Final total = 518.<br>\nIncrease = 518 - 470 = 48. (TRUE)</p>\n\n<p><b>Statement 2: The number of employees in the Operations department is now less than 200.</b><br>\nFinal Operations employees = 198.<br>\n198 < 200. (TRUE)</p>\n\n<p><b>Statement 3: The ratio of employees in Innovations to Operations is now exactly 7:10.</b><br>\nFinal Innovations = 140, Final Operations = 198.<br>\nRatio I:O = 140:198. Simplify by dividing by 2: 70:99.<br>\n70/99 is approximately 0.707. 7/10 is 0.7.<br>\nThis statement implies an *exact* ratio. 70:99 is not exactly 7:10 (which would be 70:100). (FALSE)</p>\n\n<p><b>Statement 4: The Client Relations department has the highest number of employees after both restructuring phases.</b><br>\nFinal employees: Innovations = 140, Operations = 198, Client Relations = 180.<br>\nOperations (198) is the highest. (FALSE)</p>\n\n<p><b>Statement 5: The number of employees in Innovations is now exactly 40 more than its initial count.</b><br>\nInitial Innovations = 120. Final Innovations = 140.<br>\nIncrease = 140 - 120 = 20. Not 40. (FALSE)</p>\n\n<p>Based on these evaluations, the true statements are those affirming that the total number of employees increased by exactly 48 and that the number of employees in the Operations department is now less than 200.</p>", "answer": "Statements 1 and 2"}
Error: 'NoneType' object has no attribute 'group'


Retrying _generate - attempt 2/ 3
GRE Quants, Error: message received for questionText is: 
{
  "passage": "A committee of three members is to be selected from a group of $N$ candidates. Among these $N$ candidates, there are $K$ women and $M$ men, where $N = K + M$.",
  "statements": ["The number of ways to select a committee consisting only of three women is 10.", "If one particular candidate, Mr. X (a man), must be included in the committee, then the number of ways to form the committee is 21."],
  "question": "What is the total number of distinct committees of three members that can be formed from the group of $N$ candidates?"
}
Error: 'NoneType' object has no attribute 'group'


Retrying _generate - attempt 1/ 3
GRE Quants, Error: message received for questionSolution is: 
{"solution": "<p><b>Step 1: Calculate the initial distribution of employees.</b><br>\nGiven ratios: Innovations (I) : Operations (O) = 3:5, and Operations (O) : Client Relations (C) = 4:3.<br>\nTo combine these ratios, find a common multiple for O. The least common multiple of 5 and 4 is 20.<br>\nI:O = 3:5 = (3*4):(5*4) = 12:20<br>\nO:C = 4:3 = (4*5):(3*5) = 20:15<br>\nSo, the combined ratio I:O:C = 12:20:15.<br>\nTotal ratio parts = 12 + 20 + 15 = 47.<br>\nTotal employees = 470.<br>\nValue per ratio part = 470 / 47 = 10 employees.<br>\nInitial employees:<br>\nInnovations (I) = 12 * 10 = 120 employees<br>\nOperations (O) = 20 * 10 = 200 employees<br>\nClient Relations (C) = 15 * 10 = 150 employees<br>\n(Check: 120 + 200 + 150 = 470)</p>\n\n<p><b>Step 2: Calculate employee distribution after the first phase of restructuring.</b><br>\n- 20 employees transferred from Innovations to Operations.<br>\n- 30 new employees hired into Client Relations.<br>\nEmployees after Phase 1:<br>\nInnovations (I_phase1) = 120 - 20 = 100 employees<br>\nOperations (O_phase1) = 200 + 20 = 220 employees<br>\nClient Relations (C_phase1) = 150 + 30 = 180 employees</p>\n\n<p><b>Step 3: Calculate employee distribution after the second phase of restructuring.</b><br>\n- 10% of employees in Operations laid off.<br>\n- 40 new employees hired into Innovations.<br>\n- Client Relations remains unchanged.<br>\nEmployees after Phase 2 (Final):<br>\nInnovations (I_final) = I_phase1 + 40 = 100 + 40 = 140 employees<br>\nOperations (O_laid_off) = 10% of O_phase1 = 0.10 * 220 = 22 employees<br>\nOperations (O_final) = O_phase1 - O_laid_off = 220 - 22 = 198 employees<br>\nClient Relations (C_final) = C_phase1 = 180 employees</p>\n\n<p><b>Step 4: Evaluate the final employee distribution to determine true statements.</b><br>\nFinal distribution: Innovations = 140, Operations = 198, Client Relations = 180.<br>\nTotal final employees = 140 + 198 + 180 = 518 employees.</p>\n\n<p>Let`s consider possible statements and their truthfulness:<br>\n<b>Statement 1: The total number of employees across all three departments increased by exactly 48.</b><br>\nInitial total = 470, Final total = 518.<br>\nIncrease = 518 - 470 = 48. (TRUE)</p>\n\n<p><b>Statement 2: The number of employees in the Operations department is now less than 200.</b><br>\nFinal Operations employees = 198.<br>\n198 < 200. (TRUE)</p>\n\n<p><b>Statement 3: The ratio of employees in Innovations to Operations is now exactly 7:10.</b><br>\nFinal Innovations = 140, Final Operations = 198.<br>\nRatio I:O = 140:198. Simplify by dividing by 2: 70:99.<br>\n70/99 is approximately 0.707. 7/10 is 0.7.<br>\nThis statement implies an *exact* ratio. 70:99 is not exactly 7:10 (which would be 70:100). (FALSE)</p>\n\n<p><b>Statement 4: The Client Relations department has the highest number of employees after both restructuring phases.</b><br>\nFinal employees: Innovations = 140, Operations = 198, Client Relations = 180.<br>\nOperations (198) is the highest. (FALSE)</p>\n\n<p><b>Statement 5: The number of employees in Innovations is now exactly 40 more than its initial count.</b><br>\nInitial Innovations = 120. Final Innovations = 140.<br>\nIncrease = 140 - 120 = 20. Not 40. (FALSE)</p>\n\n<p>Based on these evaluations, the true statements are those affirming that the total number of employees increased by exactly 48 and that the number of employees in the Operations department is now less than 200.</p>", "answer": ["Statement 1", "Statement 2"]}
Error: 'NoneType' object has no attribute 'group'


Retrying _generate - attempt 3/ 3
Rate limit safety: waiting 5.1s (requests: 9, elapsed: 55.9s)
GMAT GI, Error: message received for questionGraph is:
{
  "graphs": [
    {
      "graph": "stacked bar chart",
      "title": "Quarterly Operational Expenses by Department",
      "description": "This chart illustrates the breakdown of a company`s total operational expenses across different departments for each quarter of a fiscal year.",
      "x-axis": "Quarter",
      "y-axis": "Expenses (in thousands $)",
      "data": [
        {
          "category": "Q1",
          "values": [
            { "department": "Research & Development", "value": 150 },
            { "department": "Marketing", "value": 100 },
            { "department": "Operations", "value": 120 },
            { "department": "Administration", "value": 80 }
          ]
        },
        {
          "category": "Q2",
          "values": [
            { "department": "Research & Development", "value": 165 },
            { "department": "Marketing", "value": 110 },
            { "department": "Operations", "value": 130 },
            { "department": "Administration", "value": 85 }
          ]
        },
        {
          "category": "Q3",
          "values": [
            { "department": "Research & Development", "value": 180 },
            { "department": "Marketing", "value": 120 },
            { "department": "Operations", "value": 140 },
            { "department": "Administration", "value": 90 }
          ]
        },
        {
          "category": "Q4",
          "values": [
            { "department": "Research & Development", "value": 195 },
            { "department": "Marketing", "value": 130 },
            { "department": "Operations", "value": 150 },
            { "department": "Administration", "value": 95 }
          ]
        }
      ]
    }
  ]
}
 Error: 'NoneType' object has no attribute 'group'
Retrying _generate - attempt 2/ 3
GMAT GI, Error: message received for questionOptions is: {
  "options": {
    "blank_1": {
      "A": "13.33",
      "B": "12.75",
      "C": "13.00"
    },
    "blank_2": {
      "A": "`90,000",
      "B": "`150,000",
      "C": "`100,000"
    }
  },
  "answer": {
    "blank_1": "A",
    "blank_2": "A"
  }
}
Error: 'NoneType' object has no attribute 'group'
Retrying _generate - attempt 1/ 3
GRE Quants, Error: message received for questionText is: 
{
  "passage": "A committee of three members is to be selected from a group of $N$ candidates. Among these $N$ candidates, there are $K$ women and $M$ men, where $N = K + M$.",
  "statements": ["The number of ways to select a committee consisting only of three women is 10.", "If one particular candidate, Mr. X (a man), must be included in the committee, then the number of ways to form the committee is 21."],
  "question": "What is the total number of distinct committees of three members that can be formed from the group of $N$ candidates?"
}
Error: 'NoneType' object has no attribute 'group'


Retrying _generate - attempt 2/ 3
GRE Quants, Error: message received for questionText is: 
None
Error: the JSON object must be str, bytes or bytearray, not NoneType


Retrying _generate - attempt 2/ 3
GRE Quants, Error: message received for questionText is: 
None
Error: the JSON object must be str, bytes or bytearray, not NoneType


Retrying _generate - attempt 2/ 3
GMAT GI, Error: message received for questionGraph is:
{
  "graphs": [
    {
      "graph": "stacked bar chart",
      "title": "Quarterly Operational Expenses by Department",
      "description": "This chart illustrates the breakdown of a company`s total operational expenses across different departments for each quarter of a fiscal year, from Q1 to Q4.",
      "x-axis": "Quarter",
      "y-axis": "Expenses (in thousands $)",
      "data": [
        {
          "category": "Q1",
          "values": [
            { "department": "Research & Development", "value": 150 },
            { "department": "Marketing", "value": 100 },
            { "department": "Operations", "value": 120 },
            { "department": "Administration", "value": 80 }
          ]
        },
        {
          "category": "Q2",
          "values": [
            { "department": "Research & Development", "value": 160 },
            { "department": "Marketing", "value": 105 },
            { "department": "Operations", "value": 125 },
            { "department": "Administration", "value": 82 }
          ]
        },
        {
          "category": "Q3",
          "values": [
            { "department": "Research & Development", "value": 170 },
            { "department": "Marketing", "value": 110 },
            { "department": "Operations", "value": 130 },
            { "department": "Administration", "value": 84 }
          ]
        },
        {
          "category": "Q4",
          "values": [
            { "department": "Research & Development", "value": 180 },
            { "department": "Marketing", "value": 115 },
            { "department": "Operations", "value": 135 },
            { "department": "Administration", "value": 86 }
          ]
        }
      ]
    }
  ]
}
 Error: 'NoneType' object has no attribute 'group'
Retrying _generate - attempt 3/ 3
GRE Quants, Error: message received for parentChildQuestion(generate_childQuestionTitle) is: 
{"title": "Estimating Drone Deliveries Based on Squirrel Density"}
Error: 'NoneType' object has no attribute 'group'


Retrying _generate - attempt 1/ 3
GRE Quants, Error: message received for parentChildQuestion(generate_childQuestionTitle) is: 
{"title": "Projected Drone Deliveries with Varying Squirrel Populations"}
Error: 'NoneType' object has no attribute 'group'


Retrying _generate - attempt 2/ 3
GRE Quants, Error: message received for questionText is: 
{"question": "A high-end boutique owner procures a bespoke artisan scarf for $250. She determines the retail price by marking up the procurement cost by 60%. During an exclusive spring promotional event, the scarf is offered with an initial discount of 20% off the marked-up price. Subsequently, due to subdued demand, the owner applies a further discount of 10% on the already reduced price. What was the percentage profit the boutique owner realized from the sale of the scarf, calculated relative to the original procurement cost?"}
Error: 'NoneType' object has no attribute 'group'

GRE Quants, Error: message received for questionText is: 
{"question": "A proprietor of a specialized electronics store procures a specific model of high-fidelity headphones for an acquisition cost of $200. The proprietor then decides to affix a retail price that represents a 50% markup on the initial acquisition cost. Subsequently, during a promotional sales event, the store offers a 20% discount on the established retail price. If the headphones are sold at this discounted rate, what is the approximate percentage profit, rounded to two decimal places, that the proprietor earns on the sale of these headphones?"}
Error: 'NoneType' object has no attribute 'group'


GMAT MSR, Error: message received for QuestionTitle generation is:
```json
{
   "solution": "The question asks to identify the most impactful sector for a 'Green Growth Initiative' aimed at significantly reducing carbon emissions while fostering economic development. We need to evaluate each option based on its potential for carbon reduction and its economic significance.\n\n**Analyze Option A: The Industrial sector**\n*   **Carbon Emissions Reduction Potential (SourceInfo_1):** The Industrial sector has substantial carbon emissions (~~8000\\text{ Million Tons CO2}~~) and a moderate energy efficiency (~~3.20\\text{ CO2/TWh}~~). Its renewable share is ~~15\\%~~, which is not the lowest among non-power sectors. While high absolute emissions mean potential for significant *absolute* reduction, its efficiency is not the worst, suggesting it might not be the *most impactful* in terms of per-unit-of-effort reduction.\n*   **Economic Development (SourceInfo_2):** It has the highest contribution to national GDP (~~28\\%~~) and highest employment (~~15,000\\text{ Thousands}~~), along with a significant green technology investment (~~\\$180\\text{ Billion}~~). This indicates strong economic relevance.\n*   **Conclusion for A:** Good for economic development and potential for absolute reduction, but perhaps not the most 'impactful' for *significantly* reducing emissions *per unit of energy* or addressing the *least sustainable* practices directly.\n\n**Analyze Option B: The Transportation sector**\n*   **Carbon Emissions Reduction Potential (SourceInfo_1):** The Transportation sector has the highest `Energy Efficiency` (~~CO2/TWh~~) among all non-power generation sectors at ~~5.83\\text{ CO2/TWh}~~ (compared to Industrial ~~3.20~~, Residential ~~2.50~~, Commercial ~~2.33~~, Agriculture ~~1.88~~). This indicates it is the most carbon-intensive among these sectors. It also has a very low `Renewable Share` (~~5\\%~~), second only to Power Generation (Fossil). These factors point to a high potential for *significant* emissions reduction if addressed.\n*   **Economic Development (SourceInfo_2):** It contributes ~~12\\%~~ to national GDP and employs ~~6,000\\text{ Thousands}~~ people, indicating significant economic relevance. Its `Investment in Green Technologies` is ~~\\$60\\text{ Billion}~~, which is relatively low compared to Industrial (~~\\$180\\text{ Billion}~~) and Commercial (~~\\$90\\text{ Billion}~~), suggesting a gap where new green investment can foster development.\n*   **Conclusion for B:** This sector presents a strong combination of high carbon intensity (greatest potential for *per-unit* emissions reduction), low existing renewable integration, and significant economic relevance, making it a highly impactful target for a `Green Growth Initiative` that seeks to both reduce emissions and foster economic development by attracting new green investments.\n\n**Analyze Option C: The Power Generation (Fossil) sector**\n*   **Carbon Emissions Reduction Potential (SourceInfo_1):** This sector has the largest volume of `Carbon Emissions` (~~12,000\\text{ Million Tons CO2}~~) and a ~~0\\%~~ `Renewable Share`. This makes it the single largest target for absolute emissions reduction.\n*   **Economic Development (SourceInfo_2):** It contributes ~~9\\%~~ to GDP and has ~~2,000\\text{ Thousands}~~ employees, but its `Investment in Green Technologies` is very low (~~\\$15\\text{ Billion}~~). While reducing emissions from this sector is critical, simply phasing it out without a robust plan for transition may not *foster economic development* in the short to medium term for the sector itself, and might lead to job losses.\n*   **Conclusion for C:** Excellent for emissions reduction, but potentially less straightforward for directly 'fostering economic development' within its current structure, as it implies a transition away from its primary operation.\n\n**Analyze Option D: The Power Generation (Renewable) sector**\n*   **Carbon Emissions Reduction Potential (SourceInfo_1):** This sector already has very low `Carbon Emissions` (~~100\\text{ Million Tons CO2}~~) and a ~~100\\%~~ `Renewable Share`. It is highly efficient in terms of carbon emissions (~~0.10\\text{ CO2/TWh}~~).\n*   **Economic Development (SourceInfo_2):** It attracts the largest `Investment in Green Technologies` (~~\\$250\\text{ Billion}~~), but has the lowest `Contribution to National GDP` (~~3\\%~~) and `Average Sector Employment` (~~1,000\\text{ Thousands}~~). While crucial for future energy, it`s not the most impactful for *reducing existing* high emissions from polluting sectors or for broad economic impact across a high-emission, economically significant sector.\n*   **Conclusion for D:** Already green and growing, but not the primary target for reducing *existing* high emissions or for broad economic impact given its current relatively small scale in GDP and employment.\n\n**Analyze Option E: The Commercial sector**\n*   **Carbon Emissions Reduction Potential (SourceInfo_1):** The Commercial sector has moderate `Carbon Emissions` (~~3500\\text{ Million Tons CO2}~~), good `Energy Efficiency` (~~2.33\\text{ CO2/TWh}~~ - which is better than Industrial and Transportation), and a relatively high `Renewable Share` (~~25\\%~~) among non-power sectors.\n*   **Economic Development (SourceInfo_2):** It has a decent `Contribution to National GDP` (~~15\\%~~) and `Average Sector Employment` (~~8,000\\text{ Thousands}~~), with good `Investment in Green Technologies` (~~\\$90\\text{ Billion}~~).\n*   **Conclusion for E:** It shows a balanced profile, but its relatively good performance in efficiency and renewables means the potential for *significant* new emission reductions through an initiative might be less pronounced compared to sectors with higher inefficiencies or lower existing green adoption.\n\n**Overall Comparison:**\nThe Transportation sector (Option B) stands out as the most impactful because it combines:
    1.  The highest carbon intensity (lowest energy efficiency from a carbon perspective) among non-power sectors, indicating a substantial opportunity for *per-unit* emissions reduction.
    2.  Very low renewable energy adoption, highlighting a clear area for improvement.
    3.  Significant economic relevance (GDP contribution, employment), but relatively low existing green technology investment compared to its economic footprint, meaning new investment can directly foster economic development while greening the sector.\n\nThe final answer is ~~B~~"
}
```
Error: 'title'
Retrying _generate - attempt 3/ 3Retrying _generate - attempt 3/ 3
GRE Quants, Error: message received for parentChildQuestion(generate_childQuestionTitle) is: 
{"title": "Drone Delivery Forecasting Based on Squirrel Density Trends"}
Error: 'NoneType' object has no attribute 'group'

Retrying _generate - attempt 1/ 3



Retrying _generate - attempt 3/ 3
GMAT GI, Error: message received for questionText is: 
 {
  "question": "The total operational expenses for Q3 were approximately ___________ thousand dollars, and the average quarterly expense for the Operations department across all four quarters was approximately ___________ thousand dollars."
}
Error: 'NoneType' object has no attribute 'group'
Retrying _generate - attempt 1/ 3
ChildQuestionSolution: 2GRE Quants, Error: message received for questionTitle is: 
{"title": "Percentage Profit on a Scarf with Successive Discounts."}
Error: 'NoneType' object has no attribute 'group'



failed in generating response by self.llm.invoke
Retrying _generate - attempt 1/ 3
429 RESOURCE_EXHAUSTED. {'error': {'code': 429, 'message': 'You exceeded your current quota, please check your plan and billing details. For more information on this error, head to: https://ai.google.dev/gemini-api/docs/rate-limits.', 'status': 'RESOURCE_EXHAUSTED', 'details': [{'@type': 'type.googleapis.com/google.rpc.QuotaFailure', 'violations': [{'quotaMetric': 'generativelanguage.googleapis.com/generate_content_free_tier_requests', 'quotaId': 'GenerateRequestsPerMinutePerProjectPerModel-FreeTier', 'quotaDimensions': {'model': 'gemini-2.5-flash', 'location': 'global'}, 'quotaValue': '10'}]}, {'@type': 'type.googleapis.com/google.rpc.Help', 'links': [{'description': 'Learn more about Gemini API quotas', 'url': 'https://ai.google.dev/gemini-api/docs/rate-limits'}]}, {'@type': 'type.googleapis.com/google.rpc.RetryInfo', 'retryDelay': '38s'}]}}
GMAT GI, Error: message received for questionOptions is: {
  "options": {
    "blank_1": {
      "A": "13.33",
      "B": "12.75",
      "C": "13.00"
    },
    "blank_2": {
      "A": "`90,000",
      "B": "`150,000",
      "C": "`100,000"
    }
  },
  "answer": {
    "blank_1": "A",
    "blank_2": "A"
  }
}
Error: 'NoneType' object has no attribute 'group'
Retrying _generate - attempt 2/ 3
QuestionTitle, 
WARNING: please retry this, your output should strictly follow json format so that python program can capture question component properly, use (`) symbol instead of single quote and every key and value should be enclosed in double quotes
failed in generating response by self.llm.invoke
429 RESOURCE_EXHAUSTED. {'error': {'code': 429, 'message': 'You exceeded your current quota, please check your plan and billing details. For more information on this error, head to: https://ai.google.dev/gemini-api/docs/rate-limits.', 'status': 'RESOURCE_EXHAUSTED', 'details': [{'@type': 'type.googleapis.com/google.rpc.QuotaFailure', 'violations': [{'quotaMetric': 'generativelanguage.googleapis.com/generate_content_free_tier_requests', 'quotaId': 'GenerateRequestsPerMinutePerProjectPerModel-FreeTier', 'quotaDimensions': {'location': 'global', 'model': 'gemini-2.5-flash'}, 'quotaValue': '10'}]}, {'@type': 'type.googleapis.com/google.rpc.Help', 'links': [{'description': 'Learn more about Gemini API quotas', 'url': 'https://ai.google.dev/gemini-api/docs/rate-limits'}]}, {'@type': 'type.googleapis.com/google.rpc.RetryInfo', 'retryDelay': '37s'}]}}
GRE Quants, Error: message received for questionText is: 
{
  "passage": "A committee of three members is to be selected from a group of $N$ candidates. Among these $N$ candidates, there are $K$ women and $M$ men, where $N = K + M$.",
  "statements": ["The number of ways to select a committee consisting only of three women is 10.", "If one particular candidate, Mr. X (a man), must be included in the committee, then the number of ways to form the committee is 21."],
  "question": "What is the total number of distinct committees of three members that can be formed from the group of $N$ candidates?"
}
Error: 'NoneType' object has no attribute 'group'


Retrying _generate - attempt 3/ 3

Attempt 2 failed:
Error type: TypeError
Error message: cannot unpack non-iterable NoneType object
Generator class: DataSufficiencyQuestionGeneration
Traceback:
  File "/Users/tanmaykumar/Desktop/LangChain-py/GRE/Mock.py", line 143, in generate_question_with_retry
    question_data = question_generator.generate_question()
                    ^^^^^^^^^^^^^^^^^^^^^^^^^^^^^^^^^^^^^^
  File "/Users/tanmaykumar/Desktop/LangChain-py/GRE/Quants/files/dataSufficiencyQuestionGeneration.py", line 36, in generate_question
    passage, statements, question = dataSufficiencyQuestion.generate_questionText()
                                    ^^^^^^^^^^^^^^^^^^^^^^^^^^^^^^^^^^^^^^^^^^^^^^^
  File "/Users/tanmaykumar/Desktop/LangChain-py/GRE/Quants/files/questionComponents.py", line 513, in generate_questionText
    result_passage, result_statements, result_question = self._retry_generate(
    ^^^^^^^^^^^^^^^^^^^^^^^^^^^^^^^^^^^^^^^^^^^^^^^^^^

Attempt 2 failed, retrying: cannot unpack non-iterable NoneType object
Prompt: <permutations and combinations>- <difficulty-level: 2>


GRE Quants, Error: message received for questionText is: 
{"question": "A landscape architect is designing a composite garden feature within a rectangular plot of land, `ABCD`, where `AB` is parallel to `CD` and `AD` is parallel to `BC`. The length of `AB` is 25 meters, and the length of `AD` is 18 meters. A circular pond is to be constructed at the center of this plot. The radius of the pond is precisely one-sixth of the length of the shorter side of the rectangular plot. Additionally, a right-angled triangular paved area, `ADE`, is to be installed at corner `A` of the plot, with `E` being a point on `AB` and `A` being the vertex of the right angle for the triangle. The length of `AE` is 40% of the length of `AB`, and the length of `AD` is one of the legs of this triangle. Assuming the pond and the paved area do not overlap, what is the total area, in square meters, of the remaining portion of the rectangular plot that will be covered with turf, rounded to the nearest hundredth?"}
Error: 'NoneType' object has no attribute 'group'


Retrying _generate - attempt 1/ 3
GMAT GI, Error: message received for questionText is: 
 {
  "question": "The total operational expenses for Q3 were approximately ___________ thousand dollars, and the average quarterly expense for the Operations department across all four quarters was approximately ___________ thousand dollars."
}
Error: 'NoneType' object has no attribute 'group'
Retrying _generate - attempt 2/ 3
GRE Quants, Error: message received for questionOptions is: 
{"options": {
    "A": "The total number of employees across all three departments increased by exactly 48.",
    "B": "The number of employees in the Operations department is now less than 200.",
    "C": "The ratio of employees in Innovations to Operations is now exactly 7:10.",
    "D": "The number of employees in Innovations is now exactly 40 more than its initial count."
   },
   "answer": ["A", "B"]
}
Error: 'NoneType' object has no attribute 'group'


Retrying _generate - attempt 1/ 3
GRE Quants, Error: message received for questionText is: 
{"question": "A proprietor of a specialized electronics store procures a specific model of high-fidelity headphones for an acquisition cost of $200. The proprietor then decides to affix a retail price that represents a 50% markup on the initial acquisition cost. Subsequently, during a promotional sales event, the store offers a 20% discount on the established retail price. If the headphones are sold at this discounted rate, what is the approximate percentage profit, rounded to two decimal places, that the proprietor earns on the sale of these headphones?"}
Error: 'NoneType' object has no attribute 'group'


Retrying _generate - attempt 2/ 3
GRE Quants, Error: message received for questionText is: 
{"question": "A landscape architect is designing a composite garden feature within a rectangular plot of land, `ABCD`, where `AB` is parallel to `CD` and `AD` is parallel to `BC`. The length of `AB` is 25 meters, and the length of `AD` is 18 meters. A circular pond is to be constructed at the center of this plot. The radius of the pond is precisely one-sixth of the length of the shorter side of the rectangular plot. Additionally, a right-angled triangular paved area, `ADE`, is to be installed at corner `A` of the plot, with `E` being a point on `AB` and `A` being the vertex of the right angle for the triangle. The length of `AE` is 40% of the length of `AB`, and the length of `AD` is one of the legs of this triangle. Assuming the pond and the paved area do not overlap, what is the total area, in square meters, of the remaining portion of the rectangular plot that will be covered with turf, rounded to the nearest hundredth?"}
Error: 'NoneType' object has no attribute 'group'


Retrying _generate - attempt 2/ 3
GRE Quants, Error: message received for questionOptions is: 
{"options": {
    "A": "The total number of employees across all three departments increased by exactly 48.",
    "B": "The number of employees in the Operations department is now less than 200.",
    "C": "The ratio of employees in Innovations to Operations is now exactly 7:10.",
    "D": "The number of employees in Innovations is now exactly 40 more than its initial count."
   },
   "answer": ["A", "B"]
}
Error: 'NoneType' object has no attribute 'group'


Retrying _generate - attempt 2/ 3
Error in attempt 1: 'str' object has no attribute 'content'
GMAT GI, Error: message received for questionText is: 
 {
  "question": "The total operational expenses for Q3 were approximately ___________ thousand dollars, and the average quarterly expense for the Operations department across all four quarters was approximately ___________ thousand dollars."
}
Error: 'NoneType' object has no attribute 'group'
Retrying _generate - attempt 3/ 3
GRE Quants, Error: message received for questionText is: 
{
  "passage": "A company has employees in two divisions, Sales and Marketing. In the Sales division, the ratio of employees who have a postgraduate degree to those who do not is $2:3$. In the Marketing division, the ratio of employees who have a postgraduate degree to those who do not is $1:4$.",
  "statements": [
    "The number of employees without a postgraduate degree in the Sales division is equal to the number of employees without a postgraduate degree in the Marketing division.",
    "The total number of employees in the Sales division is $1.5$ times the total number of employees in the Marketing division."
  ],
  "question": "What is the overall ratio of employees with a postgraduate degree to those without a postgraduate degree in the entire company?"
}
Error: 'NoneType' object has no attribute 'group'


Retrying _generate - attempt 3/ 3

Attempt 1 failed:
Error type: TypeError
Error message: cannot unpack non-iterable NoneType object
Generator class: DataSufficiencyQuestionGeneration
Traceback:
  File "/Users/tanmaykumar/Desktop/LangChain-py/GRE/Mock.py", line 143, in generate_question_with_retry
    question_data = question_generator.generate_question()
                    ^^^^^^^^^^^^^^^^^^^^^^^^^^^^^^^^^^^^^^
  File "/Users/tanmaykumar/Desktop/LangChain-py/GRE/Quants/files/dataSufficiencyQuestionGeneration.py", line 36, in generate_question
    passage, statements, question = dataSufficiencyQuestion.generate_questionText()
                                    ^^^^^^^^^^^^^^^^^^^^^^^^^^^^^^^^^^^^^^^^^^^^^^^
  File "/Users/tanmaykumar/Desktop/LangChain-py/GRE/Quants/files/questionComponents.py", line 513, in generate_questionText
    result_passage, result_statements, result_question = self._retry_generate(
    ^^^^^^^^^^^^^^^^^^^^^^^^^^^^^^^^^^^^^^^^^^^^^^^^^^

Attempt 1 failed, retrying: cannot unpack non-iterable NoneType object
Prompt: <ratio and proportion>- <difficulty-level: 1>


ChildSolution: 1, 
WARNING: please retry this, your output should strictly follow json format so that python program can capture question component properly, use (`) symbol instead of single quote and every key and value should be enclosed in double quotes
failed in generating response by self.llm.invoke
429 RESOURCE_EXHAUSTED. {'error': {'code': 429, 'message': 'You exceeded your current quota, please check your plan and billing details. For more information on this error, head to: https://ai.google.dev/gemini-api/docs/rate-limits.', 'status': 'RESOURCE_EXHAUSTED', 'details': [{'@type': 'type.googleapis.com/google.rpc.QuotaFailure', 'violations': [{'quotaMetric': 'generativelanguage.googleapis.com/generate_content_free_tier_requests', 'quotaId': 'GenerateRequestsPerMinutePerProjectPerModel-FreeTier', 'quotaDimensions': {'location': 'global', 'model': 'gemini-2.5-flash'}, 'quotaValue': '10'}]}, {'@type': 'type.googleapis.com/google.rpc.Help', 'links': [{'description': 'Learn more about Gemini API quotas', 'url': 'https://ai.google.dev/gemini-api/docs/rate-limits'}]}, {'@type': 'type.googleapis.com/google.rpc.RetryInfo', 'retryDelay': '30s'}]}}
GRE Quants, Error: message received for questionText is: 
{"question": "A proprietor of a specialized electronics store procures a specific model of high-fidelity headphones for an acquisition cost of $200. The proprietor then decides to affix a retail price that represents a 50% markup on the initial acquisition cost. Subsequently, during a promotional sales event, the store offers a 20% discount on the established retail price. If the headphones are sold at this discounted rate, what is the approximate percentage profit, rounded to two decimal places, that the proprietor earns on the sale of these headphones?"}
Error: 'NoneType' object has no attribute 'group'


Retrying _generate - attempt 3/ 3
GMAT GI, Error: message received for questionTitle is: {
  "title": "Quarterly Operational Expenses: Total Q3 and Operations Department Average"
}
Error: 'NoneType' object has no attribute 'group'
Retrying _generate - attempt 1/ 3
Mode: QuestionTitle return: `title`, 
WARNING: please retry this, your output should strictly follow json format so that python program can capture question component properly, use (`) symbol instead of single quote and every key and value should be enclosed in double quotes
failed in generating response by self.llm.invoke
429 RESOURCE_EXHAUSTED. {'error': {'code': 429, 'message': 'You exceeded your current quota, please check your plan and billing details. For more information on this error, head to: https://ai.google.dev/gemini-api/docs/rate-limits.', 'status': 'RESOURCE_EXHAUSTED', 'details': [{'@type': 'type.googleapis.com/google.rpc.QuotaFailure', 'violations': [{'quotaMetric': 'generativelanguage.googleapis.com/generate_content_free_tier_requests', 'quotaId': 'GenerateRequestsPerMinutePerProjectPerModel-FreeTier', 'quotaDimensions': {'model': 'gemini-2.5-flash', 'location': 'global'}, 'quotaValue': '10'}]}, {'@type': 'type.googleapis.com/google.rpc.Help', 'links': [{'description': 'Learn more about Gemini API quotas', 'url': 'https://ai.google.dev/gemini-api/docs/rate-limits'}]}, {'@type': 'type.googleapis.com/google.rpc.RetryInfo', 'retryDelay': '29s'}]}}
GRE Quants, Error: message received for questionTitle is: 
{"title": "Percentage Profit on Headphones with Markup and Discount"}
Error: 'NoneType' object has no attribute 'group'


Retrying _generate - attempt 1/ 3
GRE Quants, Error: message received for questionTitle is: 
{"title": "Percentage Profit on Headphones with Markup and Discount"}
Error: 'NoneType' object has no attribute 'group'


Retrying _generate - attempt 2/ 3
GMAT GI, Error: message received for questionOptions is: {
  "options": {
    "blank_1": {
      "A": "13.33",
      "B": "12.75",
      "C": "13.00"
    },
    "blank_2": {
      "A": "`90,000",
      "B": "`150,000",
      "C": "`100,000"
    }
  },
  "answer": {
    "blank_1": "A",
    "blank_2": "A"
  }
}
Error: 'NoneType' object has no attribute 'group'
Retrying _generate - attempt 3/ 3

Attempt 2 failed:
Error type: TypeError
Error message: cannot unpack non-iterable NoneType object
Generator class: Generate_GI
Traceback:
  File "/Users/tanmaykumar/Desktop/LangChain-py/GMAT/Mock.py", line 159, in generate_question_with_retry
    question_data = question_generator.generate_question()
                    ^^^^^^^^^^^^^^^^^^^^^^^^^^^^^^^^^^^^^^
  File "/Users/tanmaykumar/Desktop/LangChain-py/GMAT/Integrated_Reasoning/files/GI.py", line 32, in generate_question
    options_list, correct_option = gi.generate_questionOptions()
                                   ^^^^^^^^^^^^^^^^^^^^^^^^^^^^^
  File "/Users/tanmaykumar/Desktop/LangChain-py/GMAT/Integrated_Reasoning/files/questionComponents.py", line 244, in generate_questionOptions
    result_options, result_answer = self._retry_generate(_generate)
    ^^^^^^^^^^^^^^^^^^^^^^^^^^^^^
Error: cannot unpack non-iterable NoneType object

Attempt 2 failed, retrying: cannot unpack non-iterable NoneType object
Prompt: GI - <Budget> - <Quantitative Reasoning> - <Scatter Plot> - <difficulty_level: 1>


Rate limit safety: waiting 7.0s (requests: 9, elapsed: 54.0s)
GRE Quants, Error: message received for questionTitle is: 
{"title": "Percentage Profit on Headphones with Markup and Discount"}
Error: 'NoneType' object has no attribute 'group'


Retrying _generate - attempt 3/ 3
GRE Quants, Error: message received for questionOptions is: 
{"options": {
    "A": "The total number of employees across all three departments increased by exactly 48.",
    "B": "The number of employees in the Operations department is now less than 200.",
    "C": "The ratio of employees in Innovations to Operations is now exactly 7:10.",
    "D": "The number of employees in Innovations is now exactly 40 more than its initial count."
   },
   "answer": ["A", "B"]
}
Error: 'NoneType' object has no attribute 'group'


Retrying _generate - attempt 3/ 3

Attempt 1 failed:
Error type: TypeError
Error message: cannot unpack non-iterable NoneType object
Generator class: SimpleQuestionGeneration
Traceback:
  File "/Users/tanmaykumar/Desktop/LangChain-py/GRE/Mock.py", line 143, in generate_question_with_retry
    question_data = question_generator.generate_question()
                    ^^^^^^^^^^^^^^^^^^^^^^^^^^^^^^^^^^^^^^
  File "/Users/tanmaykumar/Desktop/LangChain-py/GRE/Quants/files/simpleQuestionGeneration.py", line 35, in generate_question
    options, answer = questionContent.generate_questionOptions()
    ^^^^^^^^^^^^^^^

Attempt 1 failed, retrying: cannot unpack non-iterable NoneType object
Prompt: <ratio and proportion>- <difficulty-level: 2> (multi-correct MCQ)


QuestionSolution
failed in generating response by self.llm.invoke
429 RESOURCE_EXHAUSTED. {'error': {'code': 429, 'message': 'You exceeded your current quota, please check your plan and billing details. For more information on this error, head to: https://ai.google.dev/gemini-api/docs/rate-limits.', 'status': 'RESOURCE_EXHAUSTED', 'details': [{'@type': 'type.googleapis.com/google.rpc.QuotaFailure', 'violations': [{'quotaMetric': 'generativelanguage.googleapis.com/generate_content_free_tier_requests', 'quotaId': 'GenerateRequestsPerMinutePerProjectPerModel-FreeTier', 'quotaDimensions': {'location': 'global', 'model': 'gemini-2.5-flash'}, 'quotaValue': '10'}]}, {'@type': 'type.googleapis.com/google.rpc.Help', 'links': [{'description': 'Learn more about Gemini API quotas', 'url': 'https://ai.google.dev/gemini-api/docs/rate-limits'}]}, {'@type': 'type.googleapis.com/google.rpc.RetryInfo', 'retryDelay': '26s'}]}}
GRE Quants, Error: message received for questionText is: 
{"question": "A landscape architect is designing a composite garden feature within a rectangular plot of land, `ABCD`, where `AB` is parallel to `CD` and `AD` is parallel to `BC`. The length of `AB` is 25 meters, and the length of `AD` is 18 meters. A circular pond is to be constructed at the center of this plot. The radius of the pond is precisely one-sixth of the length of the shorter side of the rectangular plot. Additionally, a right-angled triangular paved area, `ADE`, is to be installed at corner `A` of the plot, with `E` being a point on `AB` and `A` being the vertex of the right angle for the triangle. The length of `AE` is 40% of the length of `AB`, and the length of `AD` is one of the legs of this triangle. Assuming the pond and the paved area do not overlap, what is the total area, in square meters, of the remaining portion of the rectangular plot that will be covered with turf, rounded to the nearest hundredth?"}
Error: 'NoneType' object has no attribute 'group'


Retrying _generate - attempt 3/ 3
GRE Quants, Error: message received for questionTitle is: 
{"title": "Calculating Turf Area in a Composite Garden Design with a Rectangular Plot, Circular Pond, and Triangular Paved Area"}
Error: 'NoneType' object has no attribute 'group'


Retrying _generate - attempt 1/ 3
GRE Quants, Error: message received for questionText is: 
{
  "passage": "A cylindrical vat contains a liquid mixture consisting of two compounds, A and B.",
  "statements": ["The ratio of the volume of compound A to the volume of compound B in the vat is $3:5$.", "If $10$ liters of compound A were added to the vat, the new ratio of the volume of compound A to the volume of compound B would be $2:3$."],
  "question": "What is the current total volume of the mixture in the vat?"
}
Error: 'NoneType' object has no attribute 'group'


Retrying _generate - attempt 1/ 3
GRE Quants, Error: message received for questionTitle is: 
{"title": "Calculating Turf Area in a Composite Garden Design with a Rectangular Plot, Circular Pond, and Triangular Paved Area"}
Error: 'NoneType' object has no attribute 'group'


Retrying _generate - attempt 2/ 3
GRE Quants, Error: message received for questionTitle is: 
{"title": "Calculating Turf Area in a Composite Garden Design with a Rectangular Plot, Circular Pond, and Triangular Paved Area"}
Error: 'NoneType' object has no attribute 'group'


Retrying _generate - attempt 3/ 3
GMAT MSR, Error: message received for QuestionSolution generation is:
None
Error: the JSON object must be str, bytes or bytearray, not NoneType
Retrying _generate - attempt 1/ 3
GMAT GI, Error: message received for questionTitle is: None
Error: the JSON object must be str, bytes or bytearray, not NoneType
Retrying _generate - attempt 2/ 3
GMAT GI, Error: message received for questionTitle is: {
  "title": "Analysis of Total Q3 Expenses and Operations Department Quarterly Average"
}
Error: 'NoneType' object has no attribute 'group'
Retrying _generate - attempt 3/ 3
GRE Quants, Error: message received for questionText is: 
{
  "passage": "A committee is formed by selecting members from a larger group of professionals.",
  "statements": ["The initial ratio of men to women on the committee was $5:3$.", "After $4$ men left the committee and $2$ women joined, the new ratio of men to women on the committee became $3:2$."],
  "question": "How many members were initially on the committee?"
}
Error: 'NoneType' object has no attribute 'group'


Retrying _generate - attempt 2/ 3
GRE Quants, Error: message received for questionText is: 
{"question": "A gourmet beverage company formulates two distinct fruit juice concentrates: Blend X and Blend Y. Blend X is composed of apple, cherry, and cranberry concentrates in a volumetric ratio of 3:2:5, respectively. Blend Y, on the other hand, consists of apple, cherry, and cranberry concentrates in a volumetric ratio of 4:1:3, respectively. A tank contains 150 liters of Blend X, and a separate reservoir holds 240 liters of Blend Y. The entire contents of both the tank and the reservoir are meticulously combined into a larger mixing vessel. Which of the following statements about the combined mixture are true? Indicate all such statements."}
Error: 'NoneType' object has no attribute 'group'


Retrying _generate - attempt 1/ 3
GRE Quants, Error: message received for questionText is: 
{
  "passage": "A research institution is tasked with forming a specialized committee consisting of 3 members from a pool of $N$ eligible scientists.",
  "statements": [
    "If 2 more scientists were added to the pool, the number of distinct 3-member committees that could be formed would increase by 100.",
    "The number of distinct 4-member committees that can be formed from the same pool of $N$ eligible scientists is 70."
  ],
  "question": "Is the number of distinct 3-member committees that can be formed from the pool of $N$ eligible scientists greater than 100?"
}
Error: 'NoneType' object has no attribute 'group'


Retrying _generate - attempt 1/ 3
GRE Quants, Error: message received for questionSolution is: 
{"solution": "<p>1. Calculate the area of the rectangular plot:</p><p>The length of the rectangular plot `AB` = 25 meters.</p><p>The width of the rectangular plot `AD` = 18 meters.</p><p>Area of rectangle = Length × Width = 25 × 18 = 450 square meters.</p><p>2. Calculate the area of the circular pond:</p><p>The shorter side of the rectangular plot is `AD` = 18 meters.</p><p>The radius of the pond is one-sixth of the shorter side.</p><p>Radius (r) = (1/6) × 18 = 3 meters.</p><p>Area of circular pond = `π * r^2` = `π * (3)^2` = `9π` square meters.</p><p>Using `π ≈ 3.14159`:</p><p>Area of circular pond = 9 × 3.14159 = 28.27431 square meters.</p><p>3. Calculate the area of the right-angled triangular paved area `ADE`:</p><p>The triangle `ADE` is a right-angled triangle at `A`.</p><p>One leg is `AD` = 18 meters.</p><p>The length of `AE` is 40% of the length of `AB`.</p><p>`AE` = 0.40 × 25 = 10 meters.</p><p>Area of triangle = (1/2) × Base × Height = (1/2) × `AD` × `AE` = (1/2) × 18 × 10 = (1/2) × 180 = 90 square meters.</p><p>4. Calculate the total area of the remaining portion (turf):</p><p>Total turf area = Area of rectangle - Area of circular pond - Area of triangular paved area.</p><p>Total turf area = 450 - 28.27431 - 90</p><p>Total turf area = 360 - 28.27431</p><p>Total turf area = 331.72569 square meters.</p><p>5. Round the total turf area to the nearest hundredth:</p><p>Total turf area = 331.73 square meters.</p>", "answer": "331.73"}
Error: 'NoneType' object has no attribute 'group'


Retrying _generate - attempt 1/ 3
GRE Quants, Error: message received for questionText is: 
{"question": "A gourmet beverage company formulates two distinct fruit juice concentrates: Blend X and Blend Y. Blend X is composed of apple, cherry, and cranberry concentrates in a volumetric ratio of 3:2:5, respectively. Blend Y, on the other hand, consists of apple, cherry, and cranberry concentrates in a volumetric ratio of 4:1:3, respectively. A tank contains 150 liters of Blend X, and a separate reservoir holds 240 liters of Blend Y. The entire contents of both the tank and the reservoir are meticulously combined into a larger mixing vessel. Which of the following statements about the combined mixture are true? Indicate all such statements."}
Error: 'NoneType' object has no attribute 'group'


Retrying _generate - attempt 2/ 3
Error in refining response: Unterminated string starting at: line 2 column 15 (char 16)
GMAT GI, Error: message received for questionSolution is: ```json
{
  "solution": "To determine the answers, we first extract the relevant data from the stacked bar chart for `Quarterly Operational Expenses by Department`.\n\n**For the first blank: Total operational expenses for Q3**\nWe sum the expenses for all departments in Quarter 3 (Q3):\n- Research & Development (Q3): ~~170~~ thousand `$`\n- Marketing (Q3): ~~110~~ thousand `$`\n- Operations (Q3): ~~130~~ thousand `$`\n- Administration (Q3): ~~84~~ thousand `$`\n\nUsing the code interpreter:\n```python\nq3_rd = 170\nq3_marketing = 110\nq3_operations = 130\nq3_admin = 84\ntotal_q3_expenses = q3_rd + q3_marketing + q3_operations + q3_admin\nprint(total_q3_expenses)\n```\n~~\\text{Total Q3 Expenses} = 170 + 110 + 130 + 84 = 494~~ thousand `$`\n\n**For the second blank: Average quarterly expense for the Operations department across all four quarters**\nWe sum the expenses for the Operations department for each quarter and divide by the number of quarters (4):\n- Operations (Q1): ~~120~~ thousand `$`\n- Operations (Q2): ~~125~~ thousand `$`\n- Operations (Q3): ~~130~~ thousand `$`\n- Operations (Q4): ~~135~~ thousand `$`\n\nUsing the code interpreter:\n```python\nops_q1 = 120\nops_q2 = 125\nops_q3 = 130\nops_q4 = 135\ntotal_ops_expenses = ops_q1 + ops_q2 + ops_q3 + ops_q4\naverage_ops_expenses = total_ops_expenses / 4\nprint(average_ops_expenses)\n```\n~~\\text{Total Operations Expenses} = 120 + 125 + 130 + 135 = 510~~ thousand `$`\n~~\\text{Average Operations Expenses} = \\frac{510}{4} = 127.50~~ thousand `$`\n\nTherefore, the total operational expenses for Q3 were approximately ~~494~~ thousand dollars, and the average quarterly expense for the Operations department across all four quarters was approximately ~~127.50~~ thousand dollars."
}
```
Error: the JSON object must be str, bytes or bytearray, not NoneType
Retrying _generate - attempt 1/ 3
GRE Quants, Error: message received for questionGraph is: 
{
   "graph/table": [
      {
         "graph": {
            "title": "Average Global Internet Latency (ms) by Year",
            "xAxis": "Year",
            "yAxis": "Average Latency (ms)",
            "data": {
               "x-axis": [2010, 2011, 2012, 2013, 2014, 2015, 2016, 2017, 2018, 2019, 2020],
               "y-axis": [0, 20, 40, 60, 80, 100, 120, 140, 160, 180, 200],
               "data": [85, 92, 110, 105, 98, 88, 95, 120, 115, 100, 90]
            }
         },
         "type": "line graph",
         "description": "This line graph illustrates the fluctuations in average global internet latency, measured in milliseconds (ms), over a decade from 2010 to 2020. The data reflects yearly average latency values, providing insight into network performance trends."
      },
      {
         "graph": {
            "title": "Quantum Computing Qubit Coherence Time (microseconds) by Year",
            "xAxis": "Year",
            "yAxis": "Average Coherence Time (microseconds)",
            "data": {
               "x-axis": [2010, 2011, 2012, 2013, 2014, 2015, 2016, 2017, 2018, 2019, 2020],
               "y-axis": [0, 10, 20, 30, 40, 50, 60, 70, 80, 90, 100],
               "data": [15, 22, 20, 35, 48, 60, 75, 70, 85, 90, 95]
            }
         },
         "type": "line graph",
         "description": "This line graph displays the average qubit coherence time, in microseconds, for quantum computing systems from 2010 to 2020. Qubit coherence time is a critical metric for quantum computer performance, indicating how long a qubit can maintain its quantum state."
      }
   ],
   "relation": "The two line graphs present data from 2010 to 2020: one tracking global internet latency and the other showing quantum computing qubit coherence time. While seemingly disparate, these metrics are presented as potentially interlinked, with trends in one possibly influencing or correlating with trends in the other, suggesting a broader impact of technological and perhaps even cosmic factors on advanced computing and global connectivity infrastructure."
}
Error: 'NoneType' object has no attribute 'group'


Retrying _generate - attempt 1/ 3
GRE Quants, Error: message received for questionSolution is: 
{"solution": "<p>1. Calculate the area of the rectangular plot:</p><p>The length of the rectangular plot `AB` = 25 meters.</p><p>The width of the rectangular plot `AD` = 18 meters.</p><p>Area of rectangle = Length × Width = 25 × 18 = 450 square meters.</p><p>2. Calculate the area of the circular pond:</p><p>The shorter side of the rectangular plot is `AD` = 18 meters.</p><p>The radius of the pond is one-sixth of the shorter side.</p><p>Radius (r) = (1/6) × 18 = 3 meters.</p><p>Area of circular pond = `π * r^2` = `π * (3)^2` = `9π` square meters.</p><p>Using `π ≈ 3.14159`:</p><p>Area of circular pond = 9 × 3.14159 = 28.27431 square meters.</p><p>3. Calculate the area of the right-angled triangular paved area `ADE`:</p><p>The triangle `ADE` is a right-angled triangle at `A`.</p><p>One leg is `AD` = 18 meters.</p><p>The length of `AE` is 40% of the length of `AB`.</p><p>`AE` = 0.40 × 25 = 10 meters.</p><p>Area of triangle = (1/2) × Base × Height = (1/2) × `AD` × `AE` = (1/2) × 18 × 10 = (1/2) × 180 = 90 square meters.</p><p>4. Calculate the total area of the remaining portion (turf):</p><p>Total turf area = Area of rectangle - Area of circular pond - Area of triangular paved area.</p><p>Total turf area = 450 - 28.27431 - 90</p><p>Total turf area = 360 - 28.27431</p><p>Total turf area = 331.72569 square meters.</p><p>5. Round the total turf area to the nearest hundredth:</p><p>Total turf area = 331.73 square meters.</p>", "answer": "331.73"}
Error: 'NoneType' object has no attribute 'group'


Retrying _generate - attempt 2/ 3
GRE Quants, Error: message received for questionText is: 
{
  "passage": "In a particular library, the collection of books is categorized into fiction and non-fiction.",
  "statements": ["The ratio of fiction books to non-fiction books is $5:3$.", "If $120$ new non-fiction books were acquired and $40$ existing fiction books were discarded, the ratio of fiction books to non-fiction books would become $1:1$."],
  "question": "What is the total number of books in the library`s collection?"
}
Error: 'NoneType' object has no attribute 'group'


Retrying _generate - attempt 3/ 3

Attempt 2 failed:
Error type: TypeError
Error message: cannot unpack non-iterable NoneType object
Generator class: DataSufficiencyQuestionGeneration
Traceback:
  File "/Users/tanmaykumar/Desktop/LangChain-py/GRE/Mock.py", line 143, in generate_question_with_retry
    question_data = question_generator.generate_question()
                    ^^^^^^^^^^^^^^^^^^^^^^^^^^^^^^^^^^^^^^
  File "/Users/tanmaykumar/Desktop/LangChain-py/GRE/Quants/files/dataSufficiencyQuestionGeneration.py", line 36, in generate_question
    passage, statements, question = dataSufficiencyQuestion.generate_questionText()
                                    ^^^^^^^^^^^^^^^^^^^^^^^^^^^^^^^^^^^^^^^^^^^^^^^
  File "/Users/tanmaykumar/Desktop/LangChain-py/GRE/Quants/files/questionComponents.py", line 513, in generate_questionText
    result_passage, result_statements, result_question = self._retry_generate(
    ^^^^^^^^^^^^^^^^^^^^^^^^^^^^^^^^^^^^^^^^^^^^^^^^^^

Attempt 2 failed, retrying: cannot unpack non-iterable NoneType object
Prompt: <ratio and proportion>- <difficulty-level: 1>


GRE Quants, Error: message received for questionText is: 
{
  "passage": "A research institution is tasked with forming a specialized committee consisting of 3 members from a pool of $N$ eligible scientists.",
  "statements": [
    "If 2 more scientists were added to the pool, the number of distinct 3-member committees that could be formed would increase by 100.",
    "The number of distinct 4-member committees that can be formed from the same pool of $N$ eligible scientists is 70."
  ],
  "question": "Is the number of distinct 3-member committees that can be formed from the pool of $N$ eligible scientists greater than 100?"
}
Error: 'NoneType' object has no attribute 'group'


Retrying _generate - attempt 2/ 3
GRE Quants, Error: message received for questionText is: 
{"question": "A gourmet beverage company formulates two distinct fruit juice concentrates: Blend X and Blend Y. Blend X is composed of apple, cherry, and cranberry concentrates in a volumetric ratio of 3:2:5, respectively. Blend Y, on the other hand, consists of apple, cherry, and cranberry concentrates in a volumetric ratio of 4:1:3, respectively. A tank contains 150 liters of Blend X, and a separate reservoir holds 240 liters of Blend Y. The entire contents of both the tank and the reservoir are meticulously combined into a larger mixing vessel. Which of the following statements about the combined mixture are true? Indicate all such statements."}
Error: 'NoneType' object has no attribute 'group'


Retrying _generate - attempt 3/ 3
GRE Quants, Error: message received for questionTitle is: 
{"title": "Combined Juice Concentrate Mixture Analysis"}
Error: 'NoneType' object has no attribute 'group'


Retrying _generate - attempt 1/ 3
GRE Quants, Error: message received for questionTitle is: 
{"title": "Combined Juice Concentrate Mixture Analysis"}
Error: 'NoneType' object has no attribute 'group'


Retrying _generate - attempt 2/ 3
GRE Quants, Error: message received for questionTitle is: 
{"title": "Combined Juice Concentrate Mixture Analysis"}
Error: 'NoneType' object has no attribute 'group'


Retrying _generate - attempt 3/ 3
Rate limit safety: waiting 19.0s (requests: 9, elapsed: 42.0s)
Error in refining response: Unterminated string starting at: line 2 column 15 (char 16)
GMAT GI, Error: message received for questionSolution is: ```json
{
  "solution": "To determine the answers, we first extract the relevant data from the stacked bar chart for `Quarterly Operational Expenses by Department`.\n\n**For the first blank: Total operational expenses for Q3**\nWe sum the expenses for all departments in Quarter 3 (Q3):\n- Research & Development (Q3): ~~170~~ thousand `$`\n- Marketing (Q3): ~~110~~ thousand `$`\n- Operations (Q3): ~~130~~ thousand `$`\n- Administration (Q3): ~~84~~ thousand `$`\n\nUsing the code interpreter:\n```python\nq3_rd = 170\nq3_marketing = 110\nq3_operations = 130\nq3_admin = 84\ntotal_q3_expenses = q3_rd + q3_marketing + q3_operations + q3_admin\nprint(total_q3_expenses)\n```\n~~\\text{Total Q3 Expenses} = 170 + 110 + 130 + 84 = 494~~ thousand `$`\n\n**For the second blank: Average quarterly expense for the Operations department across all four quarters**\nWe sum the expenses for the Operations department for each quarter and divide by the number of quarters (4):\n- Operations (Q1): ~~120~~ thousand `$`\n- Operations (Q2): ~~125~~ thousand `$`\n- Operations (Q3): ~~130~~ thousand `$`\n- Operations (Q4): ~~135~~ thousand `$`\n\nUsing the code interpreter:\n```python\nops_q1 = 120\nops_q2 = 125\nops_q3 = 130\nops_q4 = 135\ntotal_ops_expenses = ops_q1 + ops_q2 + ops_q3 + ops_q4\naverage_ops_expenses = total_ops_expenses / 4\nprint(average_ops_expenses)\n```\n~~\\text{Total Operations Expenses} = 120 + 125 + 130 + 135 = 510~~ thousand `$`\n~~\\text{Average Operations Expenses} = \\frac{510}{4} = 127.50~~ thousand `$`\n\nTherefore, the total operational expenses for Q3 were approximately ~~494~~ thousand dollars, and the average quarterly expense for the Operations department across all four quarters was approximately ~~127.50~~ thousand dollars."
}
```
Error: the JSON object must be str, bytes or bytearray, not NoneType
Retrying _generate - attempt 2/ 3
GRE Quants, Error: message received for questionSolution is: 
{"solution": "<p>1. Calculate the area of the rectangular plot:</p><p>The length of the rectangular plot `AB` = 25 meters.</p><p>The width of the rectangular plot `AD` = 18 meters.</p><p>Area of rectangle = Length × Width = 25 × 18 = 450 square meters.</p><p>2. Calculate the area of the circular pond:</p><p>The shorter side of the rectangular plot is `AD` = 18 meters.</p><p>The radius of the pond is one-sixth of the shorter side.</p><p>Radius (r) = (1/6) × 18 = 3 meters.</p><p>Area of circular pond = `π * r^2` = `π * (3)^2` = `9π` square meters.</p><p>Using `π ≈ 3.14159` for calculation accuracy:</p><p>Area of circular pond = 9 × 3.14159 = 28.27431 square meters.</p><p>3. Calculate the area of the right-angled triangular paved area `ADE`:</p><p>The triangle `ADE` is a right-angled triangle at `A`.</p><p>One leg is `AD` = 18 meters.</p><p>The length of `AE` is 40% of the length of `AB`.</p><p>`AE` = 0.40 × 25 = 10 meters.</p><p>Area of triangle = (1/2) × Base × Height = (1/2) × `AD` × `AE` = (1/2) × 18 × 10 = (1/2) × 180 = 90 square meters.</p><p>4. Calculate the total area of the remaining portion (turf):</p><p>Total turf area = Area of rectangle - Area of circular pond - Area of triangular paved area.</p><p>Total turf area = 450 - 28.27431 - 90</p><p>Total turf area = 360 - 28.27431</p><p>Total turf area = 331.72569 square meters.</p><p>5. Round the total turf area to the nearest hundredth:</p><p>Total turf area = 331.73 square meters.</p>", "answer": "331.73"}
Error: 'NoneType' object has no attribute 'group'


Retrying _generate - attempt 3/ 3
GRE Quants, Error: message received for questionText is: 
{
  "passage": "A laboratory solution is made by mixing liquid X and liquid Y.",
  "statements": ["The initial ratio of liquid X to liquid Y by volume is 3 to 5.", "If 10 milliliters of liquid X were added to the solution, the ratio of liquid X to liquid Y would become 1 to 1."],
  "question": "What is the total volume of liquid X in the solution?"
}
Error: 'NoneType' object has no attribute 'group'


Retrying _generate - attempt 1/ 3
GRE Quants, Error: message received for questionText is: 
{
  "passage": "A research institution is tasked with forming a specialized committee consisting of 3 members from a pool of $N$ eligible scientists.",
  "statements": [
    "If 2 more scientists were added to the pool, the number of distinct 3-member committees that could be formed would increase by 100.",
    "The number of distinct 4-member committees that can be formed from the same pool of $N$ eligible scientists is 70."
  ],
  "question": "Is the number of distinct 3-member committees that can be formed from the pool of $N$ eligible scientists greater than 100?"
}
Error: 'NoneType' object has no attribute 'group'


Retrying _generate - attempt 3/ 3

Attempt 3 failed:
Error type: TypeError
Error message: cannot unpack non-iterable NoneType object
Generator class: DataSufficiencyQuestionGeneration
Traceback:
  File "/Users/tanmaykumar/Desktop/LangChain-py/GRE/Mock.py", line 143, in generate_question_with_retry
    question_data = question_generator.generate_question()
                    ^^^^^^^^^^^^^^^^^^^^^^^^^^^^^^^^^^^^^^
  File "/Users/tanmaykumar/Desktop/LangChain-py/GRE/Quants/files/dataSufficiencyQuestionGeneration.py", line 36, in generate_question
    passage, statements, question = dataSufficiencyQuestion.generate_questionText()
                                    ^^^^^^^^^^^^^^^^^^^^^^^^^^^^^^^^^^^^^^^^^^^^^^^
  File "/Users/tanmaykumar/Desktop/LangChain-py/GRE/Quants/files/questionComponents.py", line 513, in generate_questionText
    result_passage, result_statements, result_question = self._retry_generate(
    ^^^^^^^^^^^^^^^^^^^^^^^^^^^^^^^^^^^^^^^^^^^^^^^^^^

Failed after 3 attempts for:
Section: GRE_Q
Generator: Q_DS_gen
Prompt: <permutations and combinations>- <difficulty-level: 2>
GRE paper generation failed: cannot unpack non-iterable NoneType object
Updated difficulty to 2, mock: True
================================================================================
PAPER GENERATION SESSION SUMMARY
GMAT Paper: FAILED
GRE Paper: FAILED
Total Time: 265.60 seconds
================================================================================
Time taken: 265.60 seconds
================================================================================
=== Question Generation Session Ended ===
Timestamp: 2025-06-06 19:33:01
================================================================================
