=== Question Generation Session Started ===
Log file: logs/question_generation_2025-06-25_22-36-38.log
Timestamp: 2025-06-25 22:36:38
================================================================================
Primary user already exists
Initialized - Difficulty: 4, Mock: False
================================================================================
PAPER GENERATION SESSION STARTED
================================================================================
Starting GMAT paper generation - Difficulty: 4

Attempt 1 failed:
Attempt 1 failed:
Attempt 1 failed:
Attempt 1 failed:

Attempt 1 failed:


Attempt 1 failed:
Attempt 1 failed:
Error type: AttributeError
Attempt 1 failed:

Error type: AttributeErrorError type: AttributeError
Error type: AttributeError


Error type: AttributeError
Error message: MULTIPLE_CHOICEError type: AttributeErrorError message: MULTIPLE_CHOICE
Error type: AttributeError


Generator class: Generate_TPA
Error message: MULTIPLE_CHOICE
Generator class: Generate_GIGenerator class: Generate_TAError message: MULTIPLE_CHOICEError message: MULTIPLE_CHOICEError type: AttributeError




Traceback:Error message: MULTIPLE_CHOICEGenerator class: Generate_GITraceback:Generator class: Generate_TA




Error message: MULTIPLE_CHOICE
Traceback:Generator class: Generate_GI
Error message: MULTIPLE_CHOICETraceback:
Traceback:

Traceback:
Generator class: Generate_TA


Generator class: Generate_MSR
Traceback:

Traceback:
  File "/Users/tanmaykumar/Desktop/QGen-py-compex/GMAT/Mock.py", line 99, in generate_question_with_retry
    question_data = question_generator.generate_question()
                    ^^^^^^^^^^^^^^^^^^^^^^^^^^^^^^^^^^^^^^
  File "/Users/tanmaykumar/Desktop/QGen-py-compex/GMAT/Mock.py", line 99, in generate_question_with_retry
    question_data = question_generator.generate_question()
                    ^^^^^^^^^^^^^^^^^^^^^^^^^^^^^^^^^^^^^^
  File "/Users/tanmaykumar/Desktop/QGen-py-compex/GMAT/Mock.py", line 99, in generate_question_with_retry
    question_data = question_generator.generate_question()
                    ^^^^^^^^^^^^^^^^^^^^^^^^^^^^^^^^^^^^^^
  File "/Users/tanmaykumar/Desktop/QGen-py-compex/GMAT/Mock.py", line 99, in generate_question_with_retry
    question_data = question_generator.generate_question()
                    ^^^^^^^^^^^^^^^^^^^^^^^^^^^^^^^^^^^^^^
  File "/Users/tanmaykumar/Desktop/QGen-py-compex/GMAT/Mock.py", line 99, in generate_question_with_retry
    question_data = question_generator.generate_question()
                    ^^^^^^^^^^^^^^^^^^^^^^^^^^^^^^^^^^^^^^
  File "/Users/tanmaykumar/Desktop/QGen-py-compex/GMAT/Mock.py", line 99, in generate_question_with_retry
    question_data = question_generator.generate_question()
                    ^^^^^^^^^^^^^^^^^^^^^^^^^^^^^^^^^^^^^^
  File "/Users/tanmaykumar/Desktop/QGen-py-compex/GMAT/Mock.py", line 99, in generate_question_with_retry
    question_data = question_generator.generate_question()
                    ^^^^^^^^^^^^^^^^^^^^^^^^^^^^^^^^^^^^^^
  File "/Users/tanmaykumar/Desktop/QGen-py-compex/GMAT/Integrated_Reasoning/files/TA.py", line 26, in generate_question
    component = create_question_component(
                ^^^^^^^^^^^^^^^^^^^^^^^^^^
  File "/Users/tanmaykumar/Desktop/QGen-py-compex/GMAT/Mock.py", line 99, in generate_question_with_retry
    question_data = question_generator.generate_question()
                    ^^^^^^^^^^^^^^^^^^^^^^^^^^^^^^^^^^^^^^
  File "/Users/tanmaykumar/Desktop/QGen-py-compex/GMAT/Integrated_Reasoning/files/MSR.py", line 33, in generate_question
    component = create_question_component(
                ^^^^^^^^^^^^^^^^^^^^^^^^^^
  File "/Users/tanmaykumar/Desktop/QGen-py-compex/GMAT/Integrated_Reasoning/files/GI.py", line 29, in generate_question
    component = create_question_component(
                ^^^^^^^^^^^^^^^^^^^^^^^^^^
  File "/Users/tanmaykumar/Desktop/QGen-py-compex/GMAT/Integrated_Reasoning/files/GI.py", line 29, in generate_question
    component = create_question_component(
                ^^^^^^^^^^^^^^^^^^^^^^^^^^
  File "/Users/tanmaykumar/Desktop/QGen-py-compex/GMAT/Integrated_Reasoning/files/TA.py", line 26, in generate_question
    component = create_question_component(
                ^^^^^^^^^^^^^^^^^^^^^^^^^^
  File "/Users/tanmaykumar/Desktop/QGen-py-compex/core/components/question_components.py", line 1348, in create_question_component
    QuestionType.MULTIPLE_CHOICE: SimpleQuestion,
    ^^^^^^^^^^^^^^^^^^^^^^^^^^^^
  File "/Users/tanmaykumar/Desktop/QGen-py-compex/GMAT/Integrated_Reasoning/files/TA.py", line 26, in generate_question
    component = create_question_component(
                ^^^^^^^^^^^^^^^^^^^^^^^^^^
  File "/Users/tanmaykumar/Desktop/QGen-py-compex/GMAT/Integrated_Reasoning/files/GI.py", line 29, in generate_question
    component = create_question_component(
                ^^^^^^^^^^^^^^^^^^^^^^^^^^
  File "/Users/tanmaykumar/Desktop/QGen-py-compex/core/components/question_components.py", line 1348, in create_question_component
    QuestionType.MULTIPLE_CHOICE: SimpleQuestion,
    ^^^^^^^^^^^^^^^^^^^^^^^^^^^^
  File "/Users/tanmaykumar/Desktop/QGen-py-compex/core/components/question_components.py", line 1348, in create_question_component
    QuestionType.MULTIPLE_CHOICE: SimpleQuestion,
    ^^^^^^^^^^^^^^^^^^^^^^^^^^^^
  File "/Users/tanmaykumar/Desktop/QGen-py-compex/core/components/question_components.py", line 1348, in create_question_component
    QuestionType.MULTIPLE_CHOICE: SimpleQuestion,
    ^^^^^^^^^^^^^^^^^^^^^^^^^^^^
  File "/Library/Frameworks/Python.framework/Versions/3.11/lib/python3.11/enum.py", line 786, in __getattr__
    raise AttributeError(name) from None
  File "/Users/tanmaykumar/Desktop/QGen-py-compex/core/components/question_components.py", line 1348, in create_question_component
    QuestionType.MULTIPLE_CHOICE: SimpleQuestion,
    ^^^^^^^^^^^^^^^^^^^^^^^^^^^^
  File "/Library/Frameworks/Python.framework/Versions/3.11/lib/python3.11/enum.py", line 786, in __getattr__
    raise AttributeError(name) from None
Error: MULTIPLE_CHOICE  File "/Users/tanmaykumar/Desktop/QGen-py-compex/core/components/question_components.py", line 1348, in create_question_component
    QuestionType.MULTIPLE_CHOICE: SimpleQuestion,
    ^^^^^^^^^^^^^^^^^^^^^^^^^^^^
  File "/Library/Frameworks/Python.framework/Versions/3.11/lib/python3.11/enum.py", line 786, in __getattr__
    raise AttributeError(name) from None
  File "/Library/Frameworks/Python.framework/Versions/3.11/lib/python3.11/enum.py", line 786, in __getattr__
    raise AttributeError(name) from None
  File "/Library/Frameworks/Python.framework/Versions/3.11/lib/python3.11/enum.py", line 786, in __getattr__
    raise AttributeError(name) from None
Error: MULTIPLE_CHOICE
  File "/Users/tanmaykumar/Desktop/QGen-py-compex/GMAT/Integrated_Reasoning/files/TPA.py", line 34, in generate_question
    component = create_question_component(
                ^^^^^^^^^^^^^^^^^^^^^^^^^^
Error: MULTIPLE_CHOICE

Attempt 1 failed, retrying: MULTIPLE_CHOICE
Prompt: GI - <Resource Management> - <Comparative Analysis> - <Line Chart> - <difficulty_level: 3>

  File "/Library/Frameworks/Python.framework/Versions/3.11/lib/python3.11/enum.py", line 786, in __getattr__
    raise AttributeError(name) from None
Error: MULTIPLE_CHOICE
Attempt 1 failed, retrying: MULTIPLE_CHOICE
Prompt: GI - <Marketing and Sales> - <Data Sufficiency> - <Pie Chart> - <difficulty_level: 3>


  File "/Users/tanmaykumar/Desktop/QGen-py-compex/core/components/question_components.py", line 1348, in create_question_component
    QuestionType.MULTIPLE_CHOICE: SimpleQuestion,
    ^^^^^^^^^^^^^^^^^^^^^^^^^^^^
Error: MULTIPLE_CHOICE

  File "/Library/Frameworks/Python.framework/Versions/3.11/lib/python3.11/enum.py", line 786, in __getattr__
    raise AttributeError(name) from None

Error: MULTIPLE_CHOICE

Attempt 1 failed, retrying: MULTIPLE_CHOICE
Prompt: TA - <Budget> - <Data Synthesis> - <Time_series Table> - <Acceptable/Not Acceptable type> - <difficulty_level: 1>

Error: MULTIPLE_CHOICE

Attempt 2 failed:  File "/Users/tanmaykumar/Desktop/QGen-py-compex/core/components/question_components.py", line 1348, in create_question_component
    QuestionType.MULTIPLE_CHOICE: SimpleQuestion,
    ^^^^^^^^^^^^^^^^^^^^^^^^^^^^

Attempt 1 failed, retrying: MULTIPLE_CHOICE
Prompt: TA - <Marketing and Sales> - <Critical Reasoning> - <Simple Table> - <True/False type> - <difficulty_level: 3>



Attempt 2 failed:



Attempt 1 failed, retrying: MULTIPLE_CHOICE
Prompt: GI - <Budget> - <Attention to Detail> - <Pie Chart> - <difficulty_level: 1>

  File "/Library/Frameworks/Python.framework/Versions/3.11/lib/python3.11/enum.py", line 786, in __getattr__
    raise AttributeError(name) from None

Attempt 1 failed, retrying: MULTIPLE_CHOICE
Prompt: TPA - <Logistics and Supply Chain> - <Logical Reasoning> - <Scatter Plot> - <difficulty_level: 2>



Error type: AttributeError
Attempt 1 failed, retrying: MULTIPLE_CHOICE
Prompt: TA - <Resource Management> - <Data Synthesis> - <Time_series Table> - <Yes/No type> - <difficulty_level: 1>

Error: MULTIPLE_CHOICE
Error type: AttributeError

Attempt 2 failed:


Attempt 2 failed:
Error message: MULTIPLE_CHOICE

Attempt 2 failed:
Attempt 2 failed:
Attempt 2 failed:Error message: MULTIPLE_CHOICEError type: AttributeError




Error type: AttributeErrorError type: AttributeErrorError type: AttributeErrorGenerator class: Generate_GIError message: MULTIPLE_CHOICE





Attempt 1 failed, retrying: MULTIPLE_CHOICE
Prompt: MSR - <total_child_questions: 2> - <Taxation> - <Logical Reasoning> - <Dicotomous Choice(Inferable/Not Inferable)> - <difficulty_level: 5>

Error message: MULTIPLE_CHOICE
Traceback:Generator class: Generate_TA
Error message: MULTIPLE_CHOICEError type: AttributeErrorError message: MULTIPLE_CHOICE


Generator class: Generate_GI
Traceback:
Generator class: Generate_TPA



  File "/Users/tanmaykumar/Desktop/QGen-py-compex/GMAT/Mock.py", line 99, in generate_question_with_retry
    question_data = question_generator.generate_question()
                    ^^^^^^^^^^^^^^^^^^^^^^^^^^^^^^^^^^^^^^

Error message: MULTIPLE_CHOICEGenerator class: Generate_GI  File "/Users/tanmaykumar/Desktop/QGen-py-compex/GMAT/Mock.py", line 99, in generate_question_with_retry
    question_data = question_generator.generate_question()
                    ^^^^^^^^^^^^^^^^^^^^^^^^^^^^^^^^^^^^^^
Traceback:

  File "/Users/tanmaykumar/Desktop/QGen-py-compex/GMAT/Integrated_Reasoning/files/GI.py", line 29, in generate_question
    component = create_question_component(
                ^^^^^^^^^^^^^^^^^^^^^^^^^^
Generator class: Generate_TA

Attempt 2 failed:Generator class: Generate_TATraceback:  File "/Users/tanmaykumar/Desktop/QGen-py-compex/GMAT/Integrated_Reasoning/files/GI.py", line 29, in generate_question
    component = create_question_component(
                ^^^^^^^^^^^^^^^^^^^^^^^^^^


Traceback:
  File "/Users/tanmaykumar/Desktop/QGen-py-compex/core/components/question_components.py", line 1348, in create_question_component
    QuestionType.MULTIPLE_CHOICE: SimpleQuestion,
    ^^^^^^^^^^^^^^^^^^^^^^^^^^^^
  File "/Users/tanmaykumar/Desktop/QGen-py-compex/core/components/question_components.py", line 1348, in create_question_component
    QuestionType.MULTIPLE_CHOICE: SimpleQuestion,
    ^^^^^^^^^^^^^^^^^^^^^^^^^^^^
Error type: AttributeError
  File "/Users/tanmaykumar/Desktop/QGen-py-compex/GMAT/Mock.py", line 99, in generate_question_with_retry
    question_data = question_generator.generate_question()
                    ^^^^^^^^^^^^^^^^^^^^^^^^^^^^^^^^^^^^^^
  File "/Library/Frameworks/Python.framework/Versions/3.11/lib/python3.11/enum.py", line 786, in __getattr__
    raise AttributeError(name) from None

Traceback:  File "/Library/Frameworks/Python.framework/Versions/3.11/lib/python3.11/enum.py", line 786, in __getattr__
    raise AttributeError(name) from None
Traceback:
  File "/Users/tanmaykumar/Desktop/QGen-py-compex/GMAT/Mock.py", line 99, in generate_question_with_retry
    question_data = question_generator.generate_question()
                    ^^^^^^^^^^^^^^^^^^^^^^^^^^^^^^^^^^^^^^
  File "/Users/tanmaykumar/Desktop/QGen-py-compex/GMAT/Mock.py", line 99, in generate_question_with_retry
    question_data = question_generator.generate_question()
                    ^^^^^^^^^^^^^^^^^^^^^^^^^^^^^^^^^^^^^^
Error message: MULTIPLE_CHOICEError: MULTIPLE_CHOICE  File "/Users/tanmaykumar/Desktop/QGen-py-compex/GMAT/Integrated_Reasoning/files/TA.py", line 26, in generate_question
    component = create_question_component(
                ^^^^^^^^^^^^^^^^^^^^^^^^^^
  File "/Users/tanmaykumar/Desktop/QGen-py-compex/GMAT/Integrated_Reasoning/files/TPA.py", line 34, in generate_question
    component = create_question_component(
                ^^^^^^^^^^^^^^^^^^^^^^^^^^
  File "/Users/tanmaykumar/Desktop/QGen-py-compex/GMAT/Integrated_Reasoning/files/TA.py", line 26, in generate_question
    component = create_question_component(
                ^^^^^^^^^^^^^^^^^^^^^^^^^^
Error: MULTIPLE_CHOICE
  File "/Users/tanmaykumar/Desktop/QGen-py-compex/core/components/question_components.py", line 1348, in create_question_component
    QuestionType.MULTIPLE_CHOICE: SimpleQuestion,
    ^^^^^^^^^^^^^^^^^^^^^^^^^^^^




  File "/Users/tanmaykumar/Desktop/QGen-py-compex/core/components/question_components.py", line 1348, in create_question_component
    QuestionType.MULTIPLE_CHOICE: SimpleQuestion,
    ^^^^^^^^^^^^^^^^^^^^^^^^^^^^
  File "/Users/tanmaykumar/Desktop/QGen-py-compex/core/components/question_components.py", line 1348, in create_question_component
    QuestionType.MULTIPLE_CHOICE: SimpleQuestion,
    ^^^^^^^^^^^^^^^^^^^^^^^^^^^^
Generator class: Generate_MSR
Attempt 2 failed, retrying: MULTIPLE_CHOICE
Prompt: GI - <Resource Management> - <Comparative Analysis> - <Line Chart> - <difficulty_level: 3>

  File "/Users/tanmaykumar/Desktop/QGen-py-compex/GMAT/Mock.py", line 99, in generate_question_with_retry
    question_data = question_generator.generate_question()
                    ^^^^^^^^^^^^^^^^^^^^^^^^^^^^^^^^^^^^^^

Attempt 2 failed, retrying: MULTIPLE_CHOICE
Prompt: GI - <Budget> - <Attention to Detail> - <Pie Chart> - <difficulty_level: 1>

  File "/Library/Frameworks/Python.framework/Versions/3.11/lib/python3.11/enum.py", line 786, in __getattr__
    raise AttributeError(name) from None
  File "/Users/tanmaykumar/Desktop/QGen-py-compex/GMAT/Mock.py", line 99, in generate_question_with_retry
    question_data = question_generator.generate_question()
                    ^^^^^^^^^^^^^^^^^^^^^^^^^^^^^^^^^^^^^^
  File "/Library/Frameworks/Python.framework/Versions/3.11/lib/python3.11/enum.py", line 786, in __getattr__
    raise AttributeError(name) from None
Error: MULTIPLE_CHOICE  File "/Users/tanmaykumar/Desktop/QGen-py-compex/GMAT/Integrated_Reasoning/files/TA.py", line 26, in generate_question
    component = create_question_component(
                ^^^^^^^^^^^^^^^^^^^^^^^^^^
  File "/Users/tanmaykumar/Desktop/QGen-py-compex/GMAT/Integrated_Reasoning/files/GI.py", line 29, in generate_question
    component = create_question_component(
                ^^^^^^^^^^^^^^^^^^^^^^^^^^

  File "/Users/tanmaykumar/Desktop/QGen-py-compex/core/components/question_components.py", line 1348, in create_question_component
    QuestionType.MULTIPLE_CHOICE: SimpleQuestion,
    ^^^^^^^^^^^^^^^^^^^^^^^^^^^^
  File "/Users/tanmaykumar/Desktop/QGen-py-compex/core/components/question_components.py", line 1348, in create_question_component
    QuestionType.MULTIPLE_CHOICE: SimpleQuestion,
    ^^^^^^^^^^^^^^^^^^^^^^^^^^^^


  File "/Library/Frameworks/Python.framework/Versions/3.11/lib/python3.11/enum.py", line 786, in __getattr__
    raise AttributeError(name) from None
  File "/Library/Frameworks/Python.framework/Versions/3.11/lib/python3.11/enum.py", line 786, in __getattr__
    raise AttributeError(name) from None

Error: MULTIPLE_CHOICEError: MULTIPLE_CHOICEError: MULTIPLE_CHOICETraceback:

Attempt 2 failed, retrying: MULTIPLE_CHOICE
Prompt: TA - <Marketing and Sales> - <Critical Reasoning> - <Simple Table> - <True/False type> - <difficulty_level: 3>



Attempt 3 failed:
Attempt 2 failed, retrying: MULTIPLE_CHOICE
Prompt: TA - <Budget> - <Data Synthesis> - <Time_series Table> - <Acceptable/Not Acceptable type> - <difficulty_level: 1>




Attempt 2 failed, retrying: MULTIPLE_CHOICE
Prompt: TPA - <Logistics and Supply Chain> - <Logical Reasoning> - <Scatter Plot> - <difficulty_level: 2>



Attempt 3 failed:  File "/Library/Frameworks/Python.framework/Versions/3.11/lib/python3.11/enum.py", line 786, in __getattr__
    raise AttributeError(name) from None



Attempt 2 failed, retrying: MULTIPLE_CHOICE
Prompt: GI - <Marketing and Sales> - <Data Sufficiency> - <Pie Chart> - <difficulty_level: 3>

  File "/Users/tanmaykumar/Desktop/QGen-py-compex/GMAT/Mock.py", line 99, in generate_question_with_retry
    question_data = question_generator.generate_question()
                    ^^^^^^^^^^^^^^^^^^^^^^^^^^^^^^^^^^^^^^



Error type: AttributeError
Error message: MULTIPLE_CHOICE
Attempt 3 failed:  File "/Users/tanmaykumar/Desktop/QGen-py-compex/GMAT/Integrated_Reasoning/files/MSR.py", line 33, in generate_question
    component = create_question_component(
                ^^^^^^^^^^^^^^^^^^^^^^^^^^
  File "/Users/tanmaykumar/Desktop/QGen-py-compex/core/components/question_components.py", line 1348, in create_question_component
    QuestionType.MULTIPLE_CHOICE: SimpleQuestion,
    ^^^^^^^^^^^^^^^^^^^^^^^^^^^^
  File "/Library/Frameworks/Python.framework/Versions/3.11/lib/python3.11/enum.py", line 786, in __getattr__
    raise AttributeError(name) from None
Error type: AttributeErrorError: MULTIPLE_CHOICE

Attempt 3 failed:
Attempt 3 failed:Error: MULTIPLE_CHOICE


Generator class: Generate_GI

Attempt 2 failed, retrying: MULTIPLE_CHOICE
Prompt: TA - <Resource Management> - <Data Synthesis> - <Time_series Table> - <Yes/No type> - <difficulty_level: 1>


Error message: MULTIPLE_CHOICE
Generator class: Generate_GI
Error type: AttributeError


Attempt 2 failed, retrying: MULTIPLE_CHOICE
Prompt: MSR - <total_child_questions: 2> - <Taxation> - <Logical Reasoning> - <Dicotomous Choice(Inferable/Not Inferable)> - <difficulty_level: 5>




Attempt 3 failed:
Error type: AttributeError
Error type: AttributeError
Error type: AttributeError
Error message: MULTIPLE_CHOICE

Attempt 3 failed:
Attempt 3 failed:
Generator class: Generate_TA
Traceback:
Error message: MULTIPLE_CHOICEError message: MULTIPLE_CHOICETraceback:

Error message: MULTIPLE_CHOICE  File "/Users/tanmaykumar/Desktop/QGen-py-compex/GMAT/Mock.py", line 99, in generate_question_with_retry
    question_data = question_generator.generate_question()
                    ^^^^^^^^^^^^^^^^^^^^^^^^^^^^^^^^^^^^^^



Generator class: Generate_TPAError type: AttributeError

Generator class: Generate_TAError type: AttributeErrorTraceback:Error message: MULTIPLE_CHOICE
  File "/Users/tanmaykumar/Desktop/QGen-py-compex/GMAT/Mock.py", line 99, in generate_question_with_retry
    question_data = question_generator.generate_question()
                    ^^^^^^^^^^^^^^^^^^^^^^^^^^^^^^^^^^^^^^
  File "/Users/tanmaykumar/Desktop/QGen-py-compex/GMAT/Integrated_Reasoning/files/GI.py", line 29, in generate_question
    component = create_question_component(
                ^^^^^^^^^^^^^^^^^^^^^^^^^^
  File "/Users/tanmaykumar/Desktop/QGen-py-compex/core/components/question_components.py", line 1348, in create_question_component
    QuestionType.MULTIPLE_CHOICE: SimpleQuestion,
    ^^^^^^^^^^^^^^^^^^^^^^^^^^^^
  File "/Library/Frameworks/Python.framework/Versions/3.11/lib/python3.11/enum.py", line 786, in __getattr__
    raise AttributeError(name) from None
Error: MULTIPLE_CHOICE

Failed after 3 attempts for:


Generator class: Generate_GISection: GMAT_IRError message: MULTIPLE_CHOICETraceback:  File "/Users/tanmaykumar/Desktop/QGen-py-compex/GMAT/Integrated_Reasoning/files/TA.py", line 26, in generate_question
    component = create_question_component(
                ^^^^^^^^^^^^^^^^^^^^^^^^^^


Traceback:

Generator: GI_gen

  File "/Users/tanmaykumar/Desktop/QGen-py-compex/core/components/question_components.py", line 1348, in create_question_component
    QuestionType.MULTIPLE_CHOICE: SimpleQuestion,
    ^^^^^^^^^^^^^^^^^^^^^^^^^^^^
  File "/Users/tanmaykumar/Desktop/QGen-py-compex/GMAT/Mock.py", line 99, in generate_question_with_retry
    question_data = question_generator.generate_question()
                    ^^^^^^^^^^^^^^^^^^^^^^^^^^^^^^^^^^^^^^

Prompt: GI - <Resource Management> - <Comparative Analysis> - <Line Chart> - <difficulty_level: 3>  File "/Users/tanmaykumar/Desktop/QGen-py-compex/GMAT/Mock.py", line 99, in generate_question_with_retry
    question_data = question_generator.generate_question()
                    ^^^^^^^^^^^^^^^^^^^^^^^^^^^^^^^^^^^^^^
Generator class: Generate_TA

  File "/Users/tanmaykumar/Desktop/QGen-py-compex/GMAT/Integrated_Reasoning/files/GI.py", line 29, in generate_question
    component = create_question_component(
                ^^^^^^^^^^^^^^^^^^^^^^^^^^
  File "/Users/tanmaykumar/Desktop/QGen-py-compex/GMAT/Integrated_Reasoning/files/TPA.py", line 34, in generate_question
    component = create_question_component(
                ^^^^^^^^^^^^^^^^^^^^^^^^^^
Traceback:Generator class: Generate_MSR  File "/Users/tanmaykumar/Desktop/QGen-py-compex/GMAT/Mock.py", line 99, in generate_question_with_retry
    question_data = question_generator.generate_question()
                    ^^^^^^^^^^^^^^^^^^^^^^^^^^^^^^^^^^^^^^
Traceback:
  File "/Users/tanmaykumar/Desktop/QGen-py-compex/core/components/question_components.py", line 1348, in create_question_component
    QuestionType.MULTIPLE_CHOICE: SimpleQuestion,
    ^^^^^^^^^^^^^^^^^^^^^^^^^^^^
  File "/Users/tanmaykumar/Desktop/QGen-py-compex/core/components/question_components.py", line 1348, in create_question_component
    QuestionType.MULTIPLE_CHOICE: SimpleQuestion,
    ^^^^^^^^^^^^^^^^^^^^^^^^^^^^


  File "/Library/Frameworks/Python.framework/Versions/3.11/lib/python3.11/enum.py", line 786, in __getattr__
    raise AttributeError(name) from None
Error: MULTIPLE_CHOICE

Failed after 3 attempts for:  File "/Users/tanmaykumar/Desktop/QGen-py-compex/GMAT/Mock.py", line 99, in generate_question_with_retry
    question_data = question_generator.generate_question()
                    ^^^^^^^^^^^^^^^^^^^^^^^^^^^^^^^^^^^^^^
  File "/Users/tanmaykumar/Desktop/QGen-py-compex/GMAT/Integrated_Reasoning/files/TA.py", line 26, in generate_question
    component = create_question_component(
                ^^^^^^^^^^^^^^^^^^^^^^^^^^

Traceback:
  File "/Users/tanmaykumar/Desktop/QGen-py-compex/GMAT/Integrated_Reasoning/files/GI.py", line 29, in generate_question
    component = create_question_component(
                ^^^^^^^^^^^^^^^^^^^^^^^^^^

Section: GMAT_IR
Generator: GI_gen  File "/Users/tanmaykumar/Desktop/QGen-py-compex/core/components/question_components.py", line 1348, in create_question_component
    QuestionType.MULTIPLE_CHOICE: SimpleQuestion,
    ^^^^^^^^^^^^^^^^^^^^^^^^^^^^
  File "/Users/tanmaykumar/Desktop/QGen-py-compex/GMAT/Mock.py", line 99, in generate_question_with_retry
    question_data = question_generator.generate_question()
                    ^^^^^^^^^^^^^^^^^^^^^^^^^^^^^^^^^^^^^^

  File "/Library/Frameworks/Python.framework/Versions/3.11/lib/python3.11/enum.py", line 786, in __getattr__
    raise AttributeError(name) from None
  File "/Users/tanmaykumar/Desktop/QGen-py-compex/GMAT/Mock.py", line 99, in generate_question_with_retry
    question_data = question_generator.generate_question()
                    ^^^^^^^^^^^^^^^^^^^^^^^^^^^^^^^^^^^^^^
  File "/Users/tanmaykumar/Desktop/QGen-py-compex/GMAT/Integrated_Reasoning/files/MSR.py", line 33, in generate_question
    component = create_question_component(
                ^^^^^^^^^^^^^^^^^^^^^^^^^^
Prompt: GI - <Budget> - <Attention to Detail> - <Pie Chart> - <difficulty_level: 1>
  File "/Library/Frameworks/Python.framework/Versions/3.11/lib/python3.11/enum.py", line 786, in __getattr__
    raise AttributeError(name) from None
Error: MULTIPLE_CHOICE

Failed after 3 attempts for:  File "/Users/tanmaykumar/Desktop/QGen-py-compex/core/components/question_components.py", line 1348, in create_question_component
    QuestionType.MULTIPLE_CHOICE: SimpleQuestion,
    ^^^^^^^^^^^^^^^^^^^^^^^^^^^^
Error: MULTIPLE_CHOICE
Section: GMAT_IR  File "/Library/Frameworks/Python.framework/Versions/3.11/lib/python3.11/enum.py", line 786, in __getattr__
    raise AttributeError(name) from None


  File "/Library/Frameworks/Python.framework/Versions/3.11/lib/python3.11/enum.py", line 786, in __getattr__
    raise AttributeError(name) from None
  File "/Users/tanmaykumar/Desktop/QGen-py-compex/GMAT/Integrated_Reasoning/files/TA.py", line 26, in generate_question
    component = create_question_component(
                ^^^^^^^^^^^^^^^^^^^^^^^^^^

Failed after 3 attempts for:
Section: GMAT_IR
Error: MULTIPLE_CHOICE  File "/Users/tanmaykumar/Desktop/QGen-py-compex/core/components/question_components.py", line 1348, in create_question_component
    QuestionType.MULTIPLE_CHOICE: SimpleQuestion,
    ^^^^^^^^^^^^^^^^^^^^^^^^^^^^

  File "/Library/Frameworks/Python.framework/Versions/3.11/lib/python3.11/enum.py", line 786, in __getattr__
    raise AttributeError(name) from None
  File "/Users/tanmaykumar/Desktop/QGen-py-compex/core/components/question_components.py", line 1348, in create_question_component
    QuestionType.MULTIPLE_CHOICE: SimpleQuestion,
    ^^^^^^^^^^^^^^^^^^^^^^^^^^^^

Failed after 3 attempts for:Error: MULTIPLE_CHOICE
Error: MULTIPLE_CHOICE  File "/Library/Frameworks/Python.framework/Versions/3.11/lib/python3.11/enum.py", line 786, in __getattr__
    raise AttributeError(name) from None
Generator: TA_genGenerator: TPA_gen



Failed after 3 attempts for:Error: MULTIPLE_CHOICE
Failed after 3 attempts for:
Section: GMAT_IRPrompt: TA - <Marketing and Sales> - <Critical Reasoning> - <Simple Table> - <True/False type> - <difficulty_level: 3>Prompt: TPA - <Logistics and Supply Chain> - <Logical Reasoning> - <Scatter Plot> - <difficulty_level: 2>
Generator: MSR_gen
Prompt: MSR - <total_child_questions: 2> - <Taxation> - <Logical Reasoning> - <Dicotomous Choice(Inferable/Not Inferable)> - <difficulty_level: 5>





Section: GMAT_IR
Failed after 3 attempts for:Section: GMAT_IR

Section: GMAT_IR

Generator: TA_gen
Generator: GI_genPrompt: TA - <Budget> - <Data Synthesis> - <Time_series Table> - <Acceptable/Not Acceptable type> - <difficulty_level: 1>
Prompt: GI - <Marketing and Sales> - <Data Sufficiency> - <Pie Chart> - <difficulty_level: 3>
Generator: TA_gen
Prompt: TA - <Resource Management> - <Data Synthesis> - <Time_series Table> - <Yes/No type> - <difficulty_level: 1>

Task execution failed: object of type 'NoneType' has no len()
Task execution failed: object of type 'NoneType' has no len()
Task execution failed: object of type 'NoneType' has no len()
Task execution failed: object of type 'NoneType' has no len()
Task execution failed: object of type 'NoneType' has no len()
Task execution failed: object of type 'NoneType' has no len()
Task execution failed: object of type 'NoneType' has no len()
Task execution failed: object of type 'NoneType' has no len()

Attempt 1 failed:
Attempt 1 failed:
Attempt 1 failed:


Attempt 1 failed:
Attempt 1 failed:
Attempt 1 failed:
Attempt 1 failed:Error type: AttributeError


Attempt 1 failed:


Error type: AttributeErrorError type: AttributeError

Error type: AttributeError

Error message: MULTIPLE_CHOICE
Error type: AttributeErrorError message: MULTIPLE_CHOICEError type: AttributeErrorError type: AttributeError

Error message: MULTIPLE_CHOICE
Error type: AttributeErrorError message: MULTIPLE_CHOICEGenerator class: Generate_GI
Error message: MULTIPLE_CHOICE
Generator class: DataSufficiencyQuestionGeneration
Generator class: DataSufficiencyQuestionGeneration

Traceback:Traceback:
Generator class: DataSufficiencyQuestionGeneration




Error message: MULTIPLE_CHOICEError message: MULTIPLE_CHOICEGenerator class: Generate_GITraceback:


Traceback:
Generator class: DataSufficiencyQuestionGeneration
Generator class: DataSufficiencyQuestionGeneration


Traceback:Error message: MULTIPLE_CHOICE
  File "/Users/tanmaykumar/Desktop/QGen-py-compex/GMAT/Mock.py", line 99, in generate_question_with_retry
    question_data = question_generator.generate_question()
                    ^^^^^^^^^^^^^^^^^^^^^^^^^^^^^^^^^^^^^^
  File "/Users/tanmaykumar/Desktop/QGen-py-compex/GMAT/Mock.py", line 99, in generate_question_with_retry
    question_data = question_generator.generate_question()
                    ^^^^^^^^^^^^^^^^^^^^^^^^^^^^^^^^^^^^^^
Traceback:
  File "/Users/tanmaykumar/Desktop/QGen-py-compex/GMAT/Mock.py", line 99, in generate_question_with_retry
    question_data = question_generator.generate_question()
                    ^^^^^^^^^^^^^^^^^^^^^^^^^^^^^^^^^^^^^^
Generator class: Generate_GI
  File "/Users/tanmaykumar/Desktop/QGen-py-compex/GMAT/Quants/files/dataSufficiencyQuestionGeneration.py", line 23, in generate_question
    component = create_question_component(
                ^^^^^^^^^^^^^^^^^^^^^^^^^^
  File "/Users/tanmaykumar/Desktop/QGen-py-compex/GMAT/Integrated_Reasoning/files/GI.py", line 29, in generate_question
    component = create_question_component(
                ^^^^^^^^^^^^^^^^^^^^^^^^^^

Traceback:  File "/Users/tanmaykumar/Desktop/QGen-py-compex/GMAT/Mock.py", line 99, in generate_question_with_retry
    question_data = question_generator.generate_question()
                    ^^^^^^^^^^^^^^^^^^^^^^^^^^^^^^^^^^^^^^
  File "/Users/tanmaykumar/Desktop/QGen-py-compex/core/components/question_components.py", line 1348, in create_question_component
    QuestionType.MULTIPLE_CHOICE: SimpleQuestion,
    ^^^^^^^^^^^^^^^^^^^^^^^^^^^^
Traceback:  File "/Users/tanmaykumar/Desktop/QGen-py-compex/GMAT/Quants/files/dataSufficiencyQuestionGeneration.py", line 23, in generate_question
    component = create_question_component(
                ^^^^^^^^^^^^^^^^^^^^^^^^^^

  File "/Library/Frameworks/Python.framework/Versions/3.11/lib/python3.11/enum.py", line 786, in __getattr__
    raise AttributeError(name) from None
  File "/Users/tanmaykumar/Desktop/QGen-py-compex/GMAT/Mock.py", line 99, in generate_question_with_retry
    question_data = question_generator.generate_question()
                    ^^^^^^^^^^^^^^^^^^^^^^^^^^^^^^^^^^^^^^
  File "/Users/tanmaykumar/Desktop/QGen-py-compex/GMAT/Quants/files/dataSufficiencyQuestionGeneration.py", line 23, in generate_question
    component = create_question_component(
                ^^^^^^^^^^^^^^^^^^^^^^^^^^
  File "/Users/tanmaykumar/Desktop/QGen-py-compex/GMAT/Integrated_Reasoning/files/GI.py", line 29, in generate_question
    component = create_question_component(
                ^^^^^^^^^^^^^^^^^^^^^^^^^^
  File "/Users/tanmaykumar/Desktop/QGen-py-compex/core/components/question_components.py", line 1348, in create_question_component
    QuestionType.MULTIPLE_CHOICE: SimpleQuestion,
    ^^^^^^^^^^^^^^^^^^^^^^^^^^^^
  File "/Users/tanmaykumar/Desktop/QGen-py-compex/core/components/question_components.py", line 1348, in create_question_component
    QuestionType.MULTIPLE_CHOICE: SimpleQuestion,
    ^^^^^^^^^^^^^^^^^^^^^^^^^^^^

  File "/Users/tanmaykumar/Desktop/QGen-py-compex/core/components/question_components.py", line 1348, in create_question_component
    QuestionType.MULTIPLE_CHOICE: SimpleQuestion,
    ^^^^^^^^^^^^^^^^^^^^^^^^^^^^
Error: MULTIPLE_CHOICE
  File "/Library/Frameworks/Python.framework/Versions/3.11/lib/python3.11/enum.py", line 786, in __getattr__
    raise AttributeError(name) from None
  File "/Users/tanmaykumar/Desktop/QGen-py-compex/GMAT/Mock.py", line 99, in generate_question_with_retry
    question_data = question_generator.generate_question()
                    ^^^^^^^^^^^^^^^^^^^^^^^^^^^^^^^^^^^^^^
  File "/Users/tanmaykumar/Desktop/QGen-py-compex/core/components/question_components.py", line 1348, in create_question_component
    QuestionType.MULTIPLE_CHOICE: SimpleQuestion,
    ^^^^^^^^^^^^^^^^^^^^^^^^^^^^
Error: MULTIPLE_CHOICE  File "/Library/Frameworks/Python.framework/Versions/3.11/lib/python3.11/enum.py", line 786, in __getattr__
    raise AttributeError(name) from None
  File "/Library/Frameworks/Python.framework/Versions/3.11/lib/python3.11/enum.py", line 786, in __getattr__
    raise AttributeError(name) from None
  File "/Users/tanmaykumar/Desktop/QGen-py-compex/GMAT/Quants/files/dataSufficiencyQuestionGeneration.py", line 23, in generate_question
    component = create_question_component(
                ^^^^^^^^^^^^^^^^^^^^^^^^^^
  File "/Library/Frameworks/Python.framework/Versions/3.11/lib/python3.11/enum.py", line 786, in __getattr__
    raise AttributeError(name) from None
Error: MULTIPLE_CHOICEError: MULTIPLE_CHOICE  File "/Users/tanmaykumar/Desktop/QGen-py-compex/GMAT/Mock.py", line 99, in generate_question_with_retry
    question_data = question_generator.generate_question()
                    ^^^^^^^^^^^^^^^^^^^^^^^^^^^^^^^^^^^^^^
Error: MULTIPLE_CHOICE


  File "/Users/tanmaykumar/Desktop/QGen-py-compex/core/components/question_components.py", line 1348, in create_question_component
    QuestionType.MULTIPLE_CHOICE: SimpleQuestion,
    ^^^^^^^^^^^^^^^^^^^^^^^^^^^^

Attempt 1 failed, retrying: MULTIPLE_CHOICE
Prompt: DS - <Algebra> - <Logical Reasoning> - <difficulty_level: 3>


Attempt 1 failed, retrying: MULTIPLE_CHOICE
Prompt: DS - <Word Problems> - <Critical Reasoning> - <difficulty_level: 5>


Attempt 1 failed, retrying: MULTIPLE_CHOICE
Prompt: GI - <Business> - <Attention to Detail> - <Stacked Bar Chart> - <difficulty_level: 4>


  File "/Users/tanmaykumar/Desktop/QGen-py-compex/GMAT/Quants/files/dataSufficiencyQuestionGeneration.py", line 23, in generate_question
    component = create_question_component(
                ^^^^^^^^^^^^^^^^^^^^^^^^^^

Attempt 1 failed, retrying: MULTIPLE_CHOICE
Prompt: GI - <Strategy and Management> - <Quantitative Reasoning> - <Bar Chart> - <difficulty_level: 5>

  File "/Library/Frameworks/Python.framework/Versions/3.11/lib/python3.11/enum.py", line 786, in __getattr__
    raise AttributeError(name) from None


  File "/Users/tanmaykumar/Desktop/QGen-py-compex/GMAT/Mock.py", line 99, in generate_question_with_retry
    question_data = question_generator.generate_question()
                    ^^^^^^^^^^^^^^^^^^^^^^^^^^^^^^^^^^^^^^

Attempt 1 failed, retrying: MULTIPLE_CHOICE
Prompt: DS - <Arithmetic> - <Efficiency and Time Management> - <difficulty_level: 2>


  File "/Users/tanmaykumar/Desktop/QGen-py-compex/core/components/question_components.py", line 1348, in create_question_component
    QuestionType.MULTIPLE_CHOICE: SimpleQuestion,
    ^^^^^^^^^^^^^^^^^^^^^^^^^^^^


  File "/Library/Frameworks/Python.framework/Versions/3.11/lib/python3.11/enum.py", line 786, in __getattr__
    raise AttributeError(name) from None
  File "/Users/tanmaykumar/Desktop/QGen-py-compex/GMAT/Integrated_Reasoning/files/GI.py", line 29, in generate_question
    component = create_question_component(
                ^^^^^^^^^^^^^^^^^^^^^^^^^^
Error: MULTIPLE_CHOICEError: MULTIPLE_CHOICE
  File "/Users/tanmaykumar/Desktop/QGen-py-compex/core/components/question_components.py", line 1348, in create_question_component
    QuestionType.MULTIPLE_CHOICE: SimpleQuestion,
    ^^^^^^^^^^^^^^^^^^^^^^^^^^^^

  File "/Library/Frameworks/Python.framework/Versions/3.11/lib/python3.11/enum.py", line 786, in __getattr__
    raise AttributeError(name) from None

Attempt 2 failed:
Attempt 1 failed, retrying: MULTIPLE_CHOICE
Prompt: DS - <Algebra> - <Mathematical Knowledge> - <difficulty_level: 1>


Attempt 2 failed:
Attempt 1 failed, retrying: MULTIPLE_CHOICE
Prompt: DS - <Arithmetic> - <Attention to Detail> - <difficulty_level: 5>


Attempt 2 failed:



Attempt 2 failed:
Error: MULTIPLE_CHOICE

Error type: AttributeErrorError type: AttributeError
Error type: AttributeError
Attempt 2 failed:
Error type: AttributeError
Error message: MULTIPLE_CHOICEError message: MULTIPLE_CHOICE

Attempt 1 failed, retrying: MULTIPLE_CHOICE
Prompt: GI - <Economics> - <Quantitative Reasoning> - <Bar Chart> - <difficulty_level: 4>

Error message: MULTIPLE_CHOICE

Generator class: DataSufficiencyQuestionGeneration
Attempt 2 failed:
Generator class: Generate_GI
Traceback:


Attempt 2 failed:



Generator class: DataSufficiencyQuestionGeneration  File "/Users/tanmaykumar/Desktop/QGen-py-compex/GMAT/Mock.py", line 99, in generate_question_with_retry
    question_data = question_generator.generate_question()
                    ^^^^^^^^^^^^^^^^^^^^^^^^^^^^^^^^^^^^^^
  File "/Users/tanmaykumar/Desktop/QGen-py-compex/GMAT/Integrated_Reasoning/files/GI.py", line 29, in generate_question
    component = create_question_component(
                ^^^^^^^^^^^^^^^^^^^^^^^^^^

Attempt 2 failed:Traceback:  File "/Users/tanmaykumar/Desktop/QGen-py-compex/core/components/question_components.py", line 1348, in create_question_component
    QuestionType.MULTIPLE_CHOICE: SimpleQuestion,
    ^^^^^^^^^^^^^^^^^^^^^^^^^^^^


Error type: AttributeErrorError message: MULTIPLE_CHOICE
Error type: AttributeErrorTraceback:
Generator class: Generate_GI


Error message: MULTIPLE_CHOICE
Error type: AttributeErrorError message: MULTIPLE_CHOICE  File "/Library/Frameworks/Python.framework/Versions/3.11/lib/python3.11/enum.py", line 786, in __getattr__
    raise AttributeError(name) from None
  File "/Users/tanmaykumar/Desktop/QGen-py-compex/GMAT/Mock.py", line 99, in generate_question_with_retry
    question_data = question_generator.generate_question()
                    ^^^^^^^^^^^^^^^^^^^^^^^^^^^^^^^^^^^^^^
  File "/Users/tanmaykumar/Desktop/QGen-py-compex/GMAT/Quants/files/dataSufficiencyQuestionGeneration.py", line 23, in generate_question
    component = create_question_component(
                ^^^^^^^^^^^^^^^^^^^^^^^^^^

Generator class: DataSufficiencyQuestionGenerationTraceback:
Error: MULTIPLE_CHOICE




Attempt 2 failed, retrying: MULTIPLE_CHOICE
Prompt: GI - <Strategy and Management> - <Quantitative Reasoning> - <Bar Chart> - <difficulty_level: 5>



Generator class: DataSufficiencyQuestionGeneration
  File "/Users/tanmaykumar/Desktop/QGen-py-compex/core/components/question_components.py", line 1348, in create_question_component
    QuestionType.MULTIPLE_CHOICE: SimpleQuestion,
    ^^^^^^^^^^^^^^^^^^^^^^^^^^^^
  File "/Users/tanmaykumar/Desktop/QGen-py-compex/GMAT/Mock.py", line 99, in generate_question_with_retry
    question_data = question_generator.generate_question()
                    ^^^^^^^^^^^^^^^^^^^^^^^^^^^^^^^^^^^^^^
  File "/Users/tanmaykumar/Desktop/QGen-py-compex/GMAT/Mock.py", line 99, in generate_question_with_retry
    question_data = question_generator.generate_question()
                    ^^^^^^^^^^^^^^^^^^^^^^^^^^^^^^^^^^^^^^
Error message: MULTIPLE_CHOICE  File "/Users/tanmaykumar/Desktop/QGen-py-compex/GMAT/Quants/files/dataSufficiencyQuestionGeneration.py", line 23, in generate_question
    component = create_question_component(
                ^^^^^^^^^^^^^^^^^^^^^^^^^^
Traceback:
Generator class: Generate_GI  File "/Users/tanmaykumar/Desktop/QGen-py-compex/core/components/question_components.py", line 1348, in create_question_component
    QuestionType.MULTIPLE_CHOICE: SimpleQuestion,
    ^^^^^^^^^^^^^^^^^^^^^^^^^^^^
Error type: AttributeError
  File "/Users/tanmaykumar/Desktop/QGen-py-compex/GMAT/Integrated_Reasoning/files/GI.py", line 29, in generate_question
    component = create_question_component(
                ^^^^^^^^^^^^^^^^^^^^^^^^^^

Traceback:
  File "/Library/Frameworks/Python.framework/Versions/3.11/lib/python3.11/enum.py", line 786, in __getattr__
    raise AttributeError(name) from None
  File "/Users/tanmaykumar/Desktop/QGen-py-compex/GMAT/Mock.py", line 99, in generate_question_with_retry
    question_data = question_generator.generate_question()
                    ^^^^^^^^^^^^^^^^^^^^^^^^^^^^^^^^^^^^^^
  File "/Library/Frameworks/Python.framework/Versions/3.11/lib/python3.11/enum.py", line 786, in __getattr__
    raise AttributeError(name) from None
Error: MULTIPLE_CHOICEError message: MULTIPLE_CHOICE
  File "/Users/tanmaykumar/Desktop/QGen-py-compex/core/components/question_components.py", line 1348, in create_question_component
    QuestionType.MULTIPLE_CHOICE: SimpleQuestion,
    ^^^^^^^^^^^^^^^^^^^^^^^^^^^^
Traceback:
  File "/Users/tanmaykumar/Desktop/QGen-py-compex/GMAT/Quants/files/dataSufficiencyQuestionGeneration.py", line 23, in generate_question
    component = create_question_component(
                ^^^^^^^^^^^^^^^^^^^^^^^^^^
  File "/Library/Frameworks/Python.framework/Versions/3.11/lib/python3.11/enum.py", line 786, in __getattr__
    raise AttributeError(name) from None

  File "/Users/tanmaykumar/Desktop/QGen-py-compex/GMAT/Mock.py", line 99, in generate_question_with_retry
    question_data = question_generator.generate_question()
                    ^^^^^^^^^^^^^^^^^^^^^^^^^^^^^^^^^^^^^^
  File "/Users/tanmaykumar/Desktop/QGen-py-compex/core/components/question_components.py", line 1348, in create_question_component
    QuestionType.MULTIPLE_CHOICE: SimpleQuestion,
    ^^^^^^^^^^^^^^^^^^^^^^^^^^^^

Attempt 3 failed:
Error: MULTIPLE_CHOICE

Attempt 2 failed, retrying: MULTIPLE_CHOICE
Prompt: DS - <Word Problems> - <Critical Reasoning> - <difficulty_level: 5>


Error type: AttributeError

Attempt 2 failed, retrying: MULTIPLE_CHOICE
Prompt: DS - <Algebra> - <Logical Reasoning> - <difficulty_level: 3>

Error: MULTIPLE_CHOICE
Generator class: DataSufficiencyQuestionGeneration
  File "/Users/tanmaykumar/Desktop/QGen-py-compex/GMAT/Integrated_Reasoning/files/GI.py", line 29, in generate_question
    component = create_question_component(
                ^^^^^^^^^^^^^^^^^^^^^^^^^^
Error message: MULTIPLE_CHOICE

Attempt 2 failed, retrying: MULTIPLE_CHOICE
Prompt: GI - <Business> - <Attention to Detail> - <Stacked Bar Chart> - <difficulty_level: 4>


Attempt 3 failed:  File "/Library/Frameworks/Python.framework/Versions/3.11/lib/python3.11/enum.py", line 786, in __getattr__
    raise AttributeError(name) from None


Traceback:Error: MULTIPLE_CHOICE  File "/Users/tanmaykumar/Desktop/QGen-py-compex/core/components/question_components.py", line 1348, in create_question_component
    QuestionType.MULTIPLE_CHOICE: SimpleQuestion,
    ^^^^^^^^^^^^^^^^^^^^^^^^^^^^

Generator class: Generate_GI

Error type: AttributeError
  File "/Users/tanmaykumar/Desktop/QGen-py-compex/GMAT/Mock.py", line 99, in generate_question_with_retry
    question_data = question_generator.generate_question()
                    ^^^^^^^^^^^^^^^^^^^^^^^^^^^^^^^^^^^^^^

Attempt 3 failed:
  File "/Library/Frameworks/Python.framework/Versions/3.11/lib/python3.11/enum.py", line 786, in __getattr__
    raise AttributeError(name) from None
  File "/Users/tanmaykumar/Desktop/QGen-py-compex/GMAT/Quants/files/dataSufficiencyQuestionGeneration.py", line 23, in generate_question
    component = create_question_component(
                ^^^^^^^^^^^^^^^^^^^^^^^^^^


Error type: AttributeError
Traceback:
  File "/Users/tanmaykumar/Desktop/QGen-py-compex/GMAT/Mock.py", line 99, in generate_question_with_retry
    question_data = question_generator.generate_question()
                    ^^^^^^^^^^^^^^^^^^^^^^^^^^^^^^^^^^^^^^
Error message: MULTIPLE_CHOICEError message: MULTIPLE_CHOICE  File "/Users/tanmaykumar/Desktop/QGen-py-compex/core/components/question_components.py", line 1348, in create_question_component
    QuestionType.MULTIPLE_CHOICE: SimpleQuestion,
    ^^^^^^^^^^^^^^^^^^^^^^^^^^^^
  File "/Users/tanmaykumar/Desktop/QGen-py-compex/GMAT/Quants/files/dataSufficiencyQuestionGeneration.py", line 23, in generate_question
    component = create_question_component(
                ^^^^^^^^^^^^^^^^^^^^^^^^^^
Error: MULTIPLE_CHOICE  File "/Users/tanmaykumar/Desktop/QGen-py-compex/GMAT/Mock.py", line 99, in generate_question_with_retry
    question_data = question_generator.generate_question()
                    ^^^^^^^^^^^^^^^^^^^^^^^^^^^^^^^^^^^^^^
  File "/Users/tanmaykumar/Desktop/QGen-py-compex/GMAT/Integrated_Reasoning/files/GI.py", line 29, in generate_question
    component = create_question_component(
                ^^^^^^^^^^^^^^^^^^^^^^^^^^


Attempt 3 failed:

Attempt 2 failed, retrying: MULTIPLE_CHOICE
Prompt: DS - <Algebra> - <Mathematical Knowledge> - <difficulty_level: 1>


  File "/Library/Frameworks/Python.framework/Versions/3.11/lib/python3.11/enum.py", line 786, in __getattr__
    raise AttributeError(name) from None
Error: MULTIPLE_CHOICEGenerator class: DataSufficiencyQuestionGeneration
Attempt 2 failed, retrying: MULTIPLE_CHOICE
Prompt: GI - <Economics> - <Quantitative Reasoning> - <Bar Chart> - <difficulty_level: 4>





  File "/Users/tanmaykumar/Desktop/QGen-py-compex/core/components/question_components.py", line 1348, in create_question_component
    QuestionType.MULTIPLE_CHOICE: SimpleQuestion,
    ^^^^^^^^^^^^^^^^^^^^^^^^^^^^


Attempt 2 failed, retrying: MULTIPLE_CHOICE
Prompt: DS - <Arithmetic> - <Efficiency and Time Management> - <difficulty_level: 2>

Error type: AttributeError  File "/Users/tanmaykumar/Desktop/QGen-py-compex/core/components/question_components.py", line 1348, in create_question_component
    QuestionType.MULTIPLE_CHOICE: SimpleQuestion,
    ^^^^^^^^^^^^^^^^^^^^^^^^^^^^
Traceback:

Attempt 3 failed:
Generator class: DataSufficiencyQuestionGeneration  File "/Library/Frameworks/Python.framework/Versions/3.11/lib/python3.11/enum.py", line 786, in __getattr__
    raise AttributeError(name) from None


Attempt 3 failed:

Traceback:
  File "/Users/tanmaykumar/Desktop/QGen-py-compex/GMAT/Mock.py", line 99, in generate_question_with_retry
    question_data = question_generator.generate_question()
                    ^^^^^^^^^^^^^^^^^^^^^^^^^^^^^^^^^^^^^^
Error: MULTIPLE_CHOICE

Error type: AttributeError
  File "/Library/Frameworks/Python.framework/Versions/3.11/lib/python3.11/enum.py", line 786, in __getattr__
    raise AttributeError(name) from None

Failed after 3 attempts for:Error message: MULTIPLE_CHOICEError message: MULTIPLE_CHOICEError: MULTIPLE_CHOICE
Section: GMAT_IR  File "/Users/tanmaykumar/Desktop/QGen-py-compex/GMAT/Quants/files/dataSufficiencyQuestionGeneration.py", line 23, in generate_question
    component = create_question_component(
                ^^^^^^^^^^^^^^^^^^^^^^^^^^
  File "/Users/tanmaykumar/Desktop/QGen-py-compex/core/components/question_components.py", line 1348, in create_question_component
    QuestionType.MULTIPLE_CHOICE: SimpleQuestion,
    ^^^^^^^^^^^^^^^^^^^^^^^^^^^^





Attempt 3 failed:Generator class: DataSufficiencyQuestionGeneration
Traceback:Error type: AttributeError
  File "/Library/Frameworks/Python.framework/Versions/3.11/lib/python3.11/enum.py", line 786, in __getattr__
    raise AttributeError(name) from None

Generator: GI_gen
Attempt 2 failed, retrying: MULTIPLE_CHOICE
Prompt: DS - <Arithmetic> - <Attention to Detail> - <difficulty_level: 5>

Generator class: Generate_GIError: MULTIPLE_CHOICEError message: MULTIPLE_CHOICE  File "/Users/tanmaykumar/Desktop/QGen-py-compex/GMAT/Mock.py", line 99, in generate_question_with_retry
    question_data = question_generator.generate_question()
                    ^^^^^^^^^^^^^^^^^^^^^^^^^^^^^^^^^^^^^^

Error type: AttributeError


  File "/Users/tanmaykumar/Desktop/QGen-py-compex/GMAT/Quants/files/dataSufficiencyQuestionGeneration.py", line 23, in generate_question
    component = create_question_component(
                ^^^^^^^^^^^^^^^^^^^^^^^^^^


Failed after 3 attempts for:
Generator class: Generate_GI


Attempt 3 failed:  File "/Users/tanmaykumar/Desktop/QGen-py-compex/GMAT/Mock.py", line 99, in generate_question_with_retry
    question_data = question_generator.generate_question()
                    ^^^^^^^^^^^^^^^^^^^^^^^^^^^^^^^^^^^^^^

Prompt: GI - <Strategy and Management> - <Quantitative Reasoning> - <Bar Chart> - <difficulty_level: 5>
Traceback:Section: GMAT_IRTraceback:Error message: MULTIPLE_CHOICEError type: AttributeError  File "/Users/tanmaykumar/Desktop/QGen-py-compex/GMAT/Quants/files/dataSufficiencyQuestionGeneration.py", line 23, in generate_question
    component = create_question_component(
                ^^^^^^^^^^^^^^^^^^^^^^^^^^



  File "/Users/tanmaykumar/Desktop/QGen-py-compex/core/components/question_components.py", line 1348, in create_question_component
    QuestionType.MULTIPLE_CHOICE: SimpleQuestion,
    ^^^^^^^^^^^^^^^^^^^^^^^^^^^^

Generator class: DataSufficiencyQuestionGeneration  File "/Users/tanmaykumar/Desktop/QGen-py-compex/GMAT/Mock.py", line 99, in generate_question_with_retry
    question_data = question_generator.generate_question()
                    ^^^^^^^^^^^^^^^^^^^^^^^^^^^^^^^^^^^^^^
Generator: Q_DS_gen
Error message: MULTIPLE_CHOICE
  File "/Users/tanmaykumar/Desktop/QGen-py-compex/core/components/question_components.py", line 1348, in create_question_component
    QuestionType.MULTIPLE_CHOICE: SimpleQuestion,
    ^^^^^^^^^^^^^^^^^^^^^^^^^^^^
Prompt: DS - <Word Problems> - <Critical Reasoning> - <difficulty_level: 5>  File "/Users/tanmaykumar/Desktop/QGen-py-compex/GMAT/Integrated_Reasoning/files/GI.py", line 29, in generate_question
    component = create_question_component(
                ^^^^^^^^^^^^^^^^^^^^^^^^^^
  File "/Users/tanmaykumar/Desktop/QGen-py-compex/GMAT/Mock.py", line 99, in generate_question_with_retry
    question_data = question_generator.generate_question()
                    ^^^^^^^^^^^^^^^^^^^^^^^^^^^^^^^^^^^^^^


  File "/Library/Frameworks/Python.framework/Versions/3.11/lib/python3.11/enum.py", line 786, in __getattr__
    raise AttributeError(name) from None

Traceback:  File "/Library/Frameworks/Python.framework/Versions/3.11/lib/python3.11/enum.py", line 786, in __getattr__
    raise AttributeError(name) from None
Error: MULTIPLE_CHOICEError: MULTIPLE_CHOICE

Generator class: DataSufficiencyQuestionGeneration  File "/Users/tanmaykumar/Desktop/QGen-py-compex/core/components/question_components.py", line 1348, in create_question_component
    QuestionType.MULTIPLE_CHOICE: SimpleQuestion,
    ^^^^^^^^^^^^^^^^^^^^^^^^^^^^
  File "/Users/tanmaykumar/Desktop/QGen-py-compex/GMAT/Mock.py", line 99, in generate_question_with_retry
    question_data = question_generator.generate_question()
                    ^^^^^^^^^^^^^^^^^^^^^^^^^^^^^^^^^^^^^^
  File "/Users/tanmaykumar/Desktop/QGen-py-compex/GMAT/Integrated_Reasoning/files/GI.py", line 29, in generate_question
    component = create_question_component(
                ^^^^^^^^^^^^^^^^^^^^^^^^^^
  File "/Library/Frameworks/Python.framework/Versions/3.11/lib/python3.11/enum.py", line 786, in __getattr__
    raise AttributeError(name) from None

Traceback:

Failed after 3 attempts for:Error: MULTIPLE_CHOICE
  File "/Users/tanmaykumar/Desktop/QGen-py-compex/GMAT/Mock.py", line 99, in generate_question_with_retry
    question_data = question_generator.generate_question()
                    ^^^^^^^^^^^^^^^^^^^^^^^^^^^^^^^^^^^^^^
  File "/Users/tanmaykumar/Desktop/QGen-py-compex/core/components/question_components.py", line 1348, in create_question_component
    QuestionType.MULTIPLE_CHOICE: SimpleQuestion,
    ^^^^^^^^^^^^^^^^^^^^^^^^^^^^
  File "/Library/Frameworks/Python.framework/Versions/3.11/lib/python3.11/enum.py", line 786, in __getattr__
    raise AttributeError(name) from None
  File "/Users/tanmaykumar/Desktop/QGen-py-compex/GMAT/Quants/files/dataSufficiencyQuestionGeneration.py", line 23, in generate_question
    component = create_question_component(
                ^^^^^^^^^^^^^^^^^^^^^^^^^^

Section: GMAT_IR
Failed after 3 attempts for:



Section: GMAT_IR  File "/Users/tanmaykumar/Desktop/QGen-py-compex/core/components/question_components.py", line 1348, in create_question_component
    QuestionType.MULTIPLE_CHOICE: SimpleQuestion,
    ^^^^^^^^^^^^^^^^^^^^^^^^^^^^

Failed after 3 attempts for:
  File "/Users/tanmaykumar/Desktop/QGen-py-compex/GMAT/Quants/files/dataSufficiencyQuestionGeneration.py", line 23, in generate_question
    component = create_question_component(
                ^^^^^^^^^^^^^^^^^^^^^^^^^^
Error: MULTIPLE_CHOICE

  File "/Library/Frameworks/Python.framework/Versions/3.11/lib/python3.11/enum.py", line 786, in __getattr__
    raise AttributeError(name) from None
Generator: Q_DS_genSection: GMAT_IRGenerator: Q_DS_genError: MULTIPLE_CHOICE


  File "/Users/tanmaykumar/Desktop/QGen-py-compex/core/components/question_components.py", line 1348, in create_question_component
    QuestionType.MULTIPLE_CHOICE: SimpleQuestion,
    ^^^^^^^^^^^^^^^^^^^^^^^^^^^^
  File "/Library/Frameworks/Python.framework/Versions/3.11/lib/python3.11/enum.py", line 786, in __getattr__
    raise AttributeError(name) from None


Failed after 3 attempts for:Prompt: DS - <Algebra> - <Mathematical Knowledge> - <difficulty_level: 1>

Failed after 3 attempts for:
Error: MULTIPLE_CHOICE

Prompt: DS - <Algebra> - <Logical Reasoning> - <difficulty_level: 3>Section: GMAT_IR
Failed after 3 attempts for:

Generator: GI_gen
Generator: Q_DS_genSection: GMAT_IRPrompt: GI - <Economics> - <Quantitative Reasoning> - <Bar Chart> - <difficulty_level: 4>


Generator: GI_genSection: GMAT_IR

Prompt: DS - <Arithmetic> - <Efficiency and Time Management> - <difficulty_level: 2>

Generator: Q_DS_gen
Prompt: GI - <Business> - <Attention to Detail> - <Stacked Bar Chart> - <difficulty_level: 4>
Prompt: DS - <Arithmetic> - <Attention to Detail> - <difficulty_level: 5>
Task execution failed: object of type 'NoneType' has no len()
Task execution failed: object of type 'NoneType' has no len()
Task execution failed: object of type 'NoneType' has no len()
Task execution failed: object of type 'NoneType' has no len()
Task execution failed: object of type 'NoneType' has no len()
Task execution failed: object of type 'NoneType' has no len()
Task execution failed: object of type 'NoneType' has no len()
Task execution failed: object of type 'NoneType' has no len()

Attempt 1 failed:
Attempt 1 failed:
Attempt 1 failed:
Attempt 1 failed:
Attempt 1 failed:

Attempt 1 failed:


Attempt 1 failed:

Error type: Exception
Error type: AttributeError
Error type: Exception
Error message: Error in generate_question: MULTIPLE_CHOICEError type: Exception

Attempt 1 failed:

Error message: Error in generate_question: MULTIPLE_CHOICE
Error type: ExceptionError type: Exception
Error type: ExceptionError type: AttributeErrorError message: Error in generate_question: MULTIPLE_CHOICE

Generator class: SimpleQuestionGenerationError message: Error in generate_question: MULTIPLE_CHOICE

Error message: Error in generate_question: MULTIPLE_CHOICE




Generator class: SimpleQuestionGenerationError message: MULTIPLE_CHOICE
Generator class: SimpleQuestionGenerationError message: MULTIPLE_CHOICEGenerator class: SimpleQuestionGenerationGenerator class: SimpleQuestionGenerationGenerator class: DataSufficiencyQuestionGenerationTraceback:




Traceback:

Traceback:Traceback:Error message: Error in generate_question: MULTIPLE_CHOICEGenerator class: DataSufficiencyQuestionGenerationTraceback:

Traceback:


Traceback:  File "/Users/tanmaykumar/Desktop/QGen-py-compex/GMAT/Mock.py", line 99, in generate_question_with_retry
    question_data = question_generator.generate_question()
                    ^^^^^^^^^^^^^^^^^^^^^^^^^^^^^^^^^^^^^^
  File "/Users/tanmaykumar/Desktop/QGen-py-compex/GMAT/Quants/files/dataSufficiencyQuestionGeneration.py", line 23, in generate_question
    component = create_question_component(
                ^^^^^^^^^^^^^^^^^^^^^^^^^^
  File "/Users/tanmaykumar/Desktop/QGen-py-compex/GMAT/Mock.py", line 99, in generate_question_with_retry
    question_data = question_generator.generate_question()
                    ^^^^^^^^^^^^^^^^^^^^^^^^^^^^^^^^^^^^^^
Generator class: SimpleQuestionGeneration


Traceback:  File "/Users/tanmaykumar/Desktop/QGen-py-compex/core/components/question_components.py", line 1348, in create_question_component
    QuestionType.MULTIPLE_CHOICE: SimpleQuestion,
    ^^^^^^^^^^^^^^^^^^^^^^^^^^^^
  File "/Users/tanmaykumar/Desktop/QGen-py-compex/GMAT/Mock.py", line 99, in generate_question_with_retry
    question_data = question_generator.generate_question()
                    ^^^^^^^^^^^^^^^^^^^^^^^^^^^^^^^^^^^^^^
  File "/Users/tanmaykumar/Desktop/QGen-py-compex/GMAT/Mock.py", line 99, in generate_question_with_retry
    question_data = question_generator.generate_question()
                    ^^^^^^^^^^^^^^^^^^^^^^^^^^^^^^^^^^^^^^
  File "/Library/Frameworks/Python.framework/Versions/3.11/lib/python3.11/enum.py", line 786, in __getattr__
    raise AttributeError(name) from None

  File "/Users/tanmaykumar/Desktop/QGen-py-compex/GMAT/Quants/files/dataSufficiencyQuestionGeneration.py", line 23, in generate_question
    component = create_question_component(
                ^^^^^^^^^^^^^^^^^^^^^^^^^^
  File "/Users/tanmaykumar/Desktop/QGen-py-compex/core/components/question_components.py", line 1348, in create_question_component
    QuestionType.MULTIPLE_CHOICE: SimpleQuestion,
    ^^^^^^^^^^^^^^^^^^^^^^^^^^^^
  File "/Library/Frameworks/Python.framework/Versions/3.11/lib/python3.11/enum.py", line 786, in __getattr__
    raise AttributeError(name) from None
Error: MULTIPLE_CHOICE

Attempt 1 failed, retrying: MULTIPLE_CHOICE
Prompt: DS - <Data Sufficiency> - <Logical Reasoning> - <difficulty_level: 1>



  File "/Users/tanmaykumar/Desktop/QGen-py-compex/GMAT/Quants/files/simpleQuestionGeneration.py", line 94, in generate_question
    raise Exception(f"Error in generate_question: {str(e)}")
  File "/Users/tanmaykumar/Desktop/QGen-py-compex/GMAT/Mock.py", line 99, in generate_question_with_retry
    question_data = question_generator.generate_question()
                    ^^^^^^^^^^^^^^^^^^^^^^^^^^^^^^^^^^^^^^
  File "/Users/tanmaykumar/Desktop/QGen-py-compex/GMAT/Quants/files/simpleQuestionGeneration.py", line 94, in generate_question
    raise Exception(f"Error in generate_question: {str(e)}")
  File "/Users/tanmaykumar/Desktop/QGen-py-compex/GMAT/Mock.py", line 99, in generate_question_with_retry
    question_data = question_generator.generate_question()
                    ^^^^^^^^^^^^^^^^^^^^^^^^^^^^^^^^^^^^^^
  File "/Users/tanmaykumar/Desktop/QGen-py-compex/GMAT/Quants/files/simpleQuestionGeneration.py", line 94, in generate_question
    raise Exception(f"Error in generate_question: {str(e)}")

Attempt 2 failed:Error: MULTIPLE_CHOICEError: Error in generate_question: MULTIPLE_CHOICEError: Error in generate_question: MULTIPLE_CHOICE  File "/Users/tanmaykumar/Desktop/QGen-py-compex/GMAT/Mock.py", line 99, in generate_question_with_retry
    question_data = question_generator.generate_question()
                    ^^^^^^^^^^^^^^^^^^^^^^^^^^^^^^^^^^^^^^

Error type: AttributeError
  File "/Users/tanmaykumar/Desktop/QGen-py-compex/GMAT/Mock.py", line 99, in generate_question_with_retry
    question_data = question_generator.generate_question()
                    ^^^^^^^^^^^^^^^^^^^^^^^^^^^^^^^^^^^^^^


  File "/Users/tanmaykumar/Desktop/QGen-py-compex/GMAT/Quants/files/simpleQuestionGeneration.py", line 94, in generate_question
    raise Exception(f"Error in generate_question: {str(e)}")
  File "/Users/tanmaykumar/Desktop/QGen-py-compex/GMAT/Quants/files/simpleQuestionGeneration.py", line 94, in generate_question
    raise Exception(f"Error in generate_question: {str(e)}")


Attempt 1 failed, retrying: MULTIPLE_CHOICE
Prompt: DS - <Algebra> - <Logical Reasoning> - <difficulty_level: 5>


Attempt 1 failed, retrying: Error in generate_question: MULTIPLE_CHOICE
Prompt: <Real Contextual> - <Algebra> - <Number Picking(by logical and critical reasoning over constraints given in the question)> - <Polynomials> - <difficulty_level: 5>


Attempt 1 failed, retrying: Error in generate_question: MULTIPLE_CHOICE
Prompt: <Pure Contextual> - <Algebra> - <Number Picking(by logical and critical reasoning over constraints given in the question)> - <Algebraic Equations> - <difficulty_level: 5>

Error: Error in generate_question: MULTIPLE_CHOICE  File "/Users/tanmaykumar/Desktop/QGen-py-compex/GMAT/Quants/files/simpleQuestionGeneration.py", line 94, in generate_question
    raise Exception(f"Error in generate_question: {str(e)}")

Error: Error in generate_question: MULTIPLE_CHOICE


Error message: MULTIPLE_CHOICEError: Error in generate_question: MULTIPLE_CHOICE
Attempt 1 failed, retrying: Error in generate_question: MULTIPLE_CHOICE
Prompt: <Real Contextual> - <Word Problems> - <Setting up proper steps(questions that require users to properly setting up the steps to solve the questions)> - <Inequalities> - <Finance> - <difficulty_level: 2>


Error: Error in generate_question: MULTIPLE_CHOICE
Attempt 2 failed:

Attempt 1 failed, retrying: Error in generate_question: MULTIPLE_CHOICE
Prompt: <Pure Contextual> - <Word Problems> - <Assessing given Situation(checking the ability of accessing a given situation)> - <Algebraic Equations> - <Strategy and Management> - <difficulty_level: 5>


Attempt 2 failed:

Attempt 2 failed:

Error type: Exception

Attempt 1 failed, retrying: Error in generate_question: MULTIPLE_CHOICE
Prompt: <Real Contextual> - <Arithmetic> - <Number Sense> - <Discount, Profit and Loss> - <difficulty_level: 1>



Error type: Exception

Error type: AttributeError
Generator class: DataSufficiencyQuestionGeneration
Attempt 2 failed:
Error message: Error in generate_question: MULTIPLE_CHOICE

Attempt 2 failed:
Error message: Error in generate_question: MULTIPLE_CHOICE


Error type: Exception
Error message: Error in generate_question: MULTIPLE_CHOICEError type: ExceptionTraceback:

Generator class: SimpleQuestionGeneration
Traceback:
Attempt 1 failed, retrying: Error in generate_question: MULTIPLE_CHOICE
Prompt: <Pure Contextual> - <Arithmetic> - <Critical Reasoning> - <Ratio and Proportion> - <difficulty_level: 4>


Generator class: SimpleQuestionGeneration  File "/Users/tanmaykumar/Desktop/QGen-py-compex/GMAT/Mock.py", line 99, in generate_question_with_retry
    question_data = question_generator.generate_question()
                    ^^^^^^^^^^^^^^^^^^^^^^^^^^^^^^^^^^^^^^

Attempt 2 failed:
Error type: Exception
Error message: MULTIPLE_CHOICE


Attempt 2 failed:
  File "/Users/tanmaykumar/Desktop/QGen-py-compex/GMAT/Quants/files/dataSufficiencyQuestionGeneration.py", line 23, in generate_question
    component = create_question_component(
                ^^^^^^^^^^^^^^^^^^^^^^^^^^

Error message: Error in generate_question: MULTIPLE_CHOICE  File "/Users/tanmaykumar/Desktop/QGen-py-compex/core/components/question_components.py", line 1348, in create_question_component
    QuestionType.MULTIPLE_CHOICE: SimpleQuestion,
    ^^^^^^^^^^^^^^^^^^^^^^^^^^^^
  File "/Users/tanmaykumar/Desktop/QGen-py-compex/GMAT/Mock.py", line 99, in generate_question_with_retry
    question_data = question_generator.generate_question()
                    ^^^^^^^^^^^^^^^^^^^^^^^^^^^^^^^^^^^^^^
Error message: Error in generate_question: MULTIPLE_CHOICE
Generator class: SimpleQuestionGeneration
Traceback:Generator class: SimpleQuestionGeneration  File "/Library/Frameworks/Python.framework/Versions/3.11/lib/python3.11/enum.py", line 786, in __getattr__
    raise AttributeError(name) from None

Generator class: DataSufficiencyQuestionGeneration
Error: MULTIPLE_CHOICE
Traceback:
  File "/Users/tanmaykumar/Desktop/QGen-py-compex/GMAT/Quants/files/simpleQuestionGeneration.py", line 94, in generate_question
    raise Exception(f"Error in generate_question: {str(e)}")
  File "/Users/tanmaykumar/Desktop/QGen-py-compex/GMAT/Mock.py", line 99, in generate_question_with_retry
    question_data = question_generator.generate_question()
                    ^^^^^^^^^^^^^^^^^^^^^^^^^^^^^^^^^^^^^^
  File "/Users/tanmaykumar/Desktop/QGen-py-compex/GMAT/Mock.py", line 99, in generate_question_with_retry
    question_data = question_generator.generate_question()
                    ^^^^^^^^^^^^^^^^^^^^^^^^^^^^^^^^^^^^^^
Error: Error in generate_question: MULTIPLE_CHOICEError type: Exception  File "/Users/tanmaykumar/Desktop/QGen-py-compex/GMAT/Quants/files/simpleQuestionGeneration.py", line 94, in generate_question
    raise Exception(f"Error in generate_question: {str(e)}")




Attempt 2 failed, retrying: Error in generate_question: MULTIPLE_CHOICE
Prompt: <Real Contextual> - <Algebra> - <Number Picking(by logical and critical reasoning over constraints given in the question)> - <Polynomials> - <difficulty_level: 5>



Traceback:
  File "/Users/tanmaykumar/Desktop/QGen-py-compex/GMAT/Quants/files/simpleQuestionGeneration.py", line 94, in generate_question
    raise Exception(f"Error in generate_question: {str(e)}")


Attempt 2 failed, retrying: MULTIPLE_CHOICE
Prompt: DS - <Data Sufficiency> - <Logical Reasoning> - <difficulty_level: 1>


Traceback:Error message: Error in generate_question: MULTIPLE_CHOICEGenerator class: SimpleQuestionGeneration
  File "/Users/tanmaykumar/Desktop/QGen-py-compex/GMAT/Mock.py", line 99, in generate_question_with_retry
    question_data = question_generator.generate_question()
                    ^^^^^^^^^^^^^^^^^^^^^^^^^^^^^^^^^^^^^^

Error: Error in generate_question: MULTIPLE_CHOICE  File "/Users/tanmaykumar/Desktop/QGen-py-compex/GMAT/Mock.py", line 99, in generate_question_with_retry
    question_data = question_generator.generate_question()
                    ^^^^^^^^^^^^^^^^^^^^^^^^^^^^^^^^^^^^^^
Error: Error in generate_question: MULTIPLE_CHOICE
Attempt 3 failed:



Attempt 2 failed, retrying: Error in generate_question: MULTIPLE_CHOICE
Prompt: <Real Contextual> - <Word Problems> - <Setting up proper steps(questions that require users to properly setting up the steps to solve the questions)> - <Inequalities> - <Finance> - <difficulty_level: 2>

Error type: Exception

Attempt 3 failed:
  File "/Users/tanmaykumar/Desktop/QGen-py-compex/GMAT/Quants/files/simpleQuestionGeneration.py", line 94, in generate_question
    raise Exception(f"Error in generate_question: {str(e)}")
Error message: Error in generate_question: MULTIPLE_CHOICE
Error type: AttributeError  File "/Users/tanmaykumar/Desktop/QGen-py-compex/GMAT/Quants/files/dataSufficiencyQuestionGeneration.py", line 23, in generate_question
    component = create_question_component(
                ^^^^^^^^^^^^^^^^^^^^^^^^^^



Traceback:Error: Error in generate_question: MULTIPLE_CHOICEError message: MULTIPLE_CHOICE

Attempt 2 failed, retrying: Error in generate_question: MULTIPLE_CHOICE
Prompt: <Pure Contextual> - <Algebra> - <Number Picking(by logical and critical reasoning over constraints given in the question)> - <Algebraic Equations> - <difficulty_level: 5>


Generator class: SimpleQuestionGeneration

Generator class: SimpleQuestionGeneration  File "/Users/tanmaykumar/Desktop/QGen-py-compex/core/components/question_components.py", line 1348, in create_question_component
    QuestionType.MULTIPLE_CHOICE: SimpleQuestion,
    ^^^^^^^^^^^^^^^^^^^^^^^^^^^^

  File "/Users/tanmaykumar/Desktop/QGen-py-compex/GMAT/Mock.py", line 99, in generate_question_with_retry
    question_data = question_generator.generate_question()
                    ^^^^^^^^^^^^^^^^^^^^^^^^^^^^^^^^^^^^^^

Attempt 3 failed:Traceback:
Generator class: DataSufficiencyQuestionGeneration

Attempt 2 failed, retrying: Error in generate_question: MULTIPLE_CHOICE
Prompt: <Pure Contextual> - <Word Problems> - <Assessing given Situation(checking the ability of accessing a given situation)> - <Algebraic Equations> - <Strategy and Management> - <difficulty_level: 5>


  File "/Users/tanmaykumar/Desktop/QGen-py-compex/GMAT/Mock.py", line 99, in generate_question_with_retry
    question_data = question_generator.generate_question()
                    ^^^^^^^^^^^^^^^^^^^^^^^^^^^^^^^^^^^^^^

  File "/Library/Frameworks/Python.framework/Versions/3.11/lib/python3.11/enum.py", line 786, in __getattr__
    raise AttributeError(name) from None
Traceback:  File "/Users/tanmaykumar/Desktop/QGen-py-compex/GMAT/Quants/files/simpleQuestionGeneration.py", line 94, in generate_question
    raise Exception(f"Error in generate_question: {str(e)}")

Traceback:

Attempt 3 failed:
Error: MULTIPLE_CHOICE

Attempt 3 failed:Error: Error in generate_question: MULTIPLE_CHOICE
Error type: Exception
Attempt 2 failed, retrying: MULTIPLE_CHOICE
Prompt: DS - <Algebra> - <Logical Reasoning> - <difficulty_level: 5>


  File "/Users/tanmaykumar/Desktop/QGen-py-compex/GMAT/Mock.py", line 99, in generate_question_with_retry
    question_data = question_generator.generate_question()
                    ^^^^^^^^^^^^^^^^^^^^^^^^^^^^^^^^^^^^^^
  File "/Users/tanmaykumar/Desktop/QGen-py-compex/GMAT/Quants/files/simpleQuestionGeneration.py", line 94, in generate_question
    raise Exception(f"Error in generate_question: {str(e)}")
  File "/Users/tanmaykumar/Desktop/QGen-py-compex/GMAT/Mock.py", line 99, in generate_question_with_retry
    question_data = question_generator.generate_question()
                    ^^^^^^^^^^^^^^^^^^^^^^^^^^^^^^^^^^^^^^


  File "/Users/tanmaykumar/Desktop/QGen-py-compex/GMAT/Quants/files/dataSufficiencyQuestionGeneration.py", line 23, in generate_question
    component = create_question_component(
                ^^^^^^^^^^^^^^^^^^^^^^^^^^

Error type: ExceptionError message: Error in generate_question: MULTIPLE_CHOICE
Attempt 2 failed, retrying: Error in generate_question: MULTIPLE_CHOICE
Prompt: <Pure Contextual> - <Arithmetic> - <Critical Reasoning> - <Ratio and Proportion> - <difficulty_level: 4>


  File "/Users/tanmaykumar/Desktop/QGen-py-compex/core/components/question_components.py", line 1348, in create_question_component
    QuestionType.MULTIPLE_CHOICE: SimpleQuestion,
    ^^^^^^^^^^^^^^^^^^^^^^^^^^^^

Error message: Error in generate_question: MULTIPLE_CHOICE

  File "/Library/Frameworks/Python.framework/Versions/3.11/lib/python3.11/enum.py", line 786, in __getattr__
    raise AttributeError(name) from None

Generator class: SimpleQuestionGenerationError: Error in generate_question: MULTIPLE_CHOICE
Attempt 3 failed:
  File "/Users/tanmaykumar/Desktop/QGen-py-compex/GMAT/Quants/files/simpleQuestionGeneration.py", line 94, in generate_question
    raise Exception(f"Error in generate_question: {str(e)}")
Error: Error in generate_question: MULTIPLE_CHOICEError type: Exception
Generator class: SimpleQuestionGeneration
Attempt 3 failed:

Error message: Error in generate_question: MULTIPLE_CHOICE


Failed after 3 attempts for:
Error: MULTIPLE_CHOICE


Generator class: SimpleQuestionGeneration
Failed after 3 attempts for:

Attempt 2 failed, retrying: Error in generate_question: MULTIPLE_CHOICE
Prompt: <Real Contextual> - <Arithmetic> - <Number Sense> - <Discount, Profit and Loss> - <difficulty_level: 1>


Error type: Exception
Error type: AttributeErrorTraceback:Section: GMAT_QSection: GMAT_IRError message: Error in generate_question: MULTIPLE_CHOICE


Attempt 3 failed:
Traceback:Error message: MULTIPLE_CHOICE


Error type: Exception
Generator class: DataSufficiencyQuestionGenerationGenerator class: SimpleQuestionGenerationTraceback:  File "/Users/tanmaykumar/Desktop/QGen-py-compex/GMAT/Mock.py", line 99, in generate_question_with_retry
    question_data = question_generator.generate_question()
                    ^^^^^^^^^^^^^^^^^^^^^^^^^^^^^^^^^^^^^^
Generator: Q_DS_gen

  File "/Users/tanmaykumar/Desktop/QGen-py-compex/GMAT/Quants/files/simpleQuestionGeneration.py", line 94, in generate_question
    raise Exception(f"Error in generate_question: {str(e)}")

  File "/Users/tanmaykumar/Desktop/QGen-py-compex/GMAT/Mock.py", line 99, in generate_question_with_retry
    question_data = question_generator.generate_question()
                    ^^^^^^^^^^^^^^^^^^^^^^^^^^^^^^^^^^^^^^
  File "/Users/tanmaykumar/Desktop/QGen-py-compex/GMAT/Quants/files/simpleQuestionGeneration.py", line 94, in generate_question
    raise Exception(f"Error in generate_question: {str(e)}")
Traceback:

Traceback:



Prompt: DS - <Data Sufficiency> - <Logical Reasoning> - <difficulty_level: 1>
Error: Error in generate_question: MULTIPLE_CHOICEError message: Error in generate_question: MULTIPLE_CHOICEGenerator: Q_S_gen
  File "/Users/tanmaykumar/Desktop/QGen-py-compex/GMAT/Mock.py", line 99, in generate_question_with_retry
    question_data = question_generator.generate_question()
                    ^^^^^^^^^^^^^^^^^^^^^^^^^^^^^^^^^^^^^^
Error: Error in generate_question: MULTIPLE_CHOICE

Generator class: SimpleQuestionGeneration

  File "/Users/tanmaykumar/Desktop/QGen-py-compex/GMAT/Quants/files/simpleQuestionGeneration.py", line 94, in generate_question
    raise Exception(f"Error in generate_question: {str(e)}")

Failed after 3 attempts for:
Traceback:Error: Error in generate_question: MULTIPLE_CHOICE
Failed after 3 attempts for:Prompt: <Real Contextual> - <Algebra> - <Number Picking(by logical and critical reasoning over constraints given in the question)> - <Polynomials> - <difficulty_level: 5>  File "/Users/tanmaykumar/Desktop/QGen-py-compex/GMAT/Mock.py", line 99, in generate_question_with_retry
    question_data = question_generator.generate_question()
                    ^^^^^^^^^^^^^^^^^^^^^^^^^^^^^^^^^^^^^^

Section: GMAT_Q

  File "/Users/tanmaykumar/Desktop/QGen-py-compex/GMAT/Mock.py", line 99, in generate_question_with_retry
    question_data = question_generator.generate_question()
                    ^^^^^^^^^^^^^^^^^^^^^^^^^^^^^^^^^^^^^^

  File "/Users/tanmaykumar/Desktop/QGen-py-compex/GMAT/Quants/files/simpleQuestionGeneration.py", line 94, in generate_question
    raise Exception(f"Error in generate_question: {str(e)}")
Error: Error in generate_question: MULTIPLE_CHOICE

  File "/Users/tanmaykumar/Desktop/QGen-py-compex/GMAT/Quants/files/dataSufficiencyQuestionGeneration.py", line 23, in generate_question
    component = create_question_component(
                ^^^^^^^^^^^^^^^^^^^^^^^^^^

Failed after 3 attempts for:
Generator: Q_S_genSection: GMAT_Q
Failed after 3 attempts for:  File "/Users/tanmaykumar/Desktop/QGen-py-compex/GMAT/Mock.py", line 99, in generate_question_with_retry
    question_data = question_generator.generate_question()
                    ^^^^^^^^^^^^^^^^^^^^^^^^^^^^^^^^^^^^^^

  File "/Users/tanmaykumar/Desktop/QGen-py-compex/core/components/question_components.py", line 1348, in create_question_component
    QuestionType.MULTIPLE_CHOICE: SimpleQuestion,
    ^^^^^^^^^^^^^^^^^^^^^^^^^^^^
  File "/Library/Frameworks/Python.framework/Versions/3.11/lib/python3.11/enum.py", line 786, in __getattr__
    raise AttributeError(name) from None

Section: GMAT_Q
Generator: Q_S_gen
Prompt: <Pure Contextual> - <Arithmetic> - <Critical Reasoning> - <Ratio and Proportion> - <difficulty_level: 4>Error: MULTIPLE_CHOICE

Failed after 3 attempts for:
Section: GMAT_IR
Prompt: <Pure Contextual> - <Word Problems> - <Assessing given Situation(checking the ability of accessing a given situation)> - <Algebraic Equations> - <Strategy and Management> - <difficulty_level: 5>
  File "/Users/tanmaykumar/Desktop/QGen-py-compex/GMAT/Quants/files/simpleQuestionGeneration.py", line 94, in generate_question
    raise Exception(f"Error in generate_question: {str(e)}")


Section: GMAT_QGenerator: Q_DS_gen

Generator: Q_S_gen
Generator: Q_S_genPrompt: DS - <Algebra> - <Logical Reasoning> - <difficulty_level: 5>
Prompt: <Pure Contextual> - <Algebra> - <Number Picking(by logical and critical reasoning over constraints given in the question)> - <Algebraic Equations> - <difficulty_level: 5>
Prompt: <Real Contextual> - <Word Problems> - <Setting up proper steps(questions that require users to properly setting up the steps to solve the questions)> - <Inequalities> - <Finance> - <difficulty_level: 2>Error: Error in generate_question: MULTIPLE_CHOICE

Failed after 3 attempts for:
Section: GMAT_Q


Generator: Q_S_gen
Prompt: <Real Contextual> - <Arithmetic> - <Number Sense> - <Discount, Profit and Loss> - <difficulty_level: 1>
Task execution failed: object of type 'NoneType' has no len()
Task execution failed: object of type 'NoneType' has no len()
Task execution failed: object of type 'NoneType' has no len()
Task execution failed: object of type 'NoneType' has no len()
Task execution failed: object of type 'NoneType' has no len()
Task execution failed: object of type 'NoneType' has no len()
Task execution failed: object of type 'NoneType' has no len()
Task execution failed: object of type 'NoneType' has no len()

Attempt 1 failed:
Attempt 1 failed:

Attempt 1 failed:
Attempt 1 failed:Error type: Exception
Error message: Error in generate_question: MULTIPLE_CHOICE

Attempt 1 failed:
Error type: Exception
Error type: Exception
Attempt 1 failed:

Generator class: SimpleQuestionGeneration

Attempt 1 failed:

Error message: Error in generate_question: MULTIPLE_CHOICETraceback:Error message: Error in generate_question: MULTIPLE_CHOICEError type: Exception
Error type: Exception

Attempt 1 failed:



Error message: Error in generate_question: MULTIPLE_CHOICEError type: Exception
Error message: Error in generate_question: MULTIPLE_CHOICE
Error message: Error in generate_question: MULTIPLE_CHOICE
  File "/Users/tanmaykumar/Desktop/QGen-py-compex/GMAT/Mock.py", line 99, in generate_question_with_retry
    question_data = question_generator.generate_question()
                    ^^^^^^^^^^^^^^^^^^^^^^^^^^^^^^^^^^^^^^
Error type: ExceptionError type: Exception


Generator class: SimpleQuestionGenerationGenerator class: SimpleQuestionGenerationGenerator class: SimpleQuestionGeneration
Error message: Error in generate_question: MULTIPLE_CHOICE
Generator class: SimpleQuestionGeneration

Error message: Error in generate_question: MULTIPLE_CHOICETraceback:  File "/Users/tanmaykumar/Desktop/QGen-py-compex/GMAT/Quants/files/simpleQuestionGeneration.py", line 94, in generate_question
    raise Exception(f"Error in generate_question: {str(e)}")

Traceback:Generator class: SimpleQuestionGeneration


Traceback:
Traceback:  File "/Users/tanmaykumar/Desktop/QGen-py-compex/GMAT/Mock.py", line 99, in generate_question_with_retry
    question_data = question_generator.generate_question()
                    ^^^^^^^^^^^^^^^^^^^^^^^^^^^^^^^^^^^^^^

Error: Error in generate_question: MULTIPLE_CHOICE
Generator class: SimpleQuestionGeneration

Generator class: SimpleQuestionGeneration
Traceback:

Attempt 1 failed, retrying: Error in generate_question: MULTIPLE_CHOICE
Prompt: <Real Contextual> - <Algebra> - <Backsolving> - <Inequalities> - <difficulty_level: 3>


  File "/Users/tanmaykumar/Desktop/QGen-py-compex/GMAT/Mock.py", line 99, in generate_question_with_retry
    question_data = question_generator.generate_question()
                    ^^^^^^^^^^^^^^^^^^^^^^^^^^^^^^^^^^^^^^
  File "/Users/tanmaykumar/Desktop/QGen-py-compex/GMAT/Mock.py", line 99, in generate_question_with_retry
    question_data = question_generator.generate_question()
                    ^^^^^^^^^^^^^^^^^^^^^^^^^^^^^^^^^^^^^^
  File "/Users/tanmaykumar/Desktop/QGen-py-compex/GMAT/Quants/files/simpleQuestionGeneration.py", line 94, in generate_question
    raise Exception(f"Error in generate_question: {str(e)}")
  File "/Users/tanmaykumar/Desktop/QGen-py-compex/GMAT/Quants/files/simpleQuestionGeneration.py", line 94, in generate_question
    raise Exception(f"Error in generate_question: {str(e)}")
Traceback:
  File "/Users/tanmaykumar/Desktop/QGen-py-compex/GMAT/Quants/files/simpleQuestionGeneration.py", line 94, in generate_question
    raise Exception(f"Error in generate_question: {str(e)}")
Traceback:Error: Error in generate_question: MULTIPLE_CHOICE

Error: Error in generate_question: MULTIPLE_CHOICE

Attempt 1 failed, retrying: Error in generate_question: MULTIPLE_CHOICE
Prompt: <Pure Contextual> - <Algebra> - <Number Picking(by logical and critical reasoning over constraints given in the question)> - <Algebraic Equations> - <difficulty_level: 3>

Error: Error in generate_question: MULTIPLE_CHOICE


Attempt 1 failed, retrying: Error in generate_question: MULTIPLE_CHOICE
Prompt: <Pure Contextual> - <Arithmetic> - <Number Sense> - <Ratio and Proportion> - <difficulty_level: 3>




Attempt 1 failed, retrying: Error in generate_question: MULTIPLE_CHOICE
Prompt: <Real Contextual> - <Arithmetic> - <Number Sense> - <Work and Time> - <difficulty_level: 3>


Attempt 2 failed:
  File "/Users/tanmaykumar/Desktop/QGen-py-compex/GMAT/Mock.py", line 99, in generate_question_with_retry
    question_data = question_generator.generate_question()
                    ^^^^^^^^^^^^^^^^^^^^^^^^^^^^^^^^^^^^^^
  File "/Users/tanmaykumar/Desktop/QGen-py-compex/GMAT/Mock.py", line 99, in generate_question_with_retry
    question_data = question_generator.generate_question()
                    ^^^^^^^^^^^^^^^^^^^^^^^^^^^^^^^^^^^^^^
Error type: Exception
  File "/Users/tanmaykumar/Desktop/QGen-py-compex/GMAT/Mock.py", line 99, in generate_question_with_retry
    question_data = question_generator.generate_question()
                    ^^^^^^^^^^^^^^^^^^^^^^^^^^^^^^^^^^^^^^
  File "/Users/tanmaykumar/Desktop/QGen-py-compex/GMAT/Mock.py", line 99, in generate_question_with_retry
    question_data = question_generator.generate_question()
                    ^^^^^^^^^^^^^^^^^^^^^^^^^^^^^^^^^^^^^^
  File "/Users/tanmaykumar/Desktop/QGen-py-compex/GMAT/Quants/files/simpleQuestionGeneration.py", line 94, in generate_question
    raise Exception(f"Error in generate_question: {str(e)}")
  File "/Users/tanmaykumar/Desktop/QGen-py-compex/GMAT/Quants/files/simpleQuestionGeneration.py", line 94, in generate_question
    raise Exception(f"Error in generate_question: {str(e)}")

Attempt 2 failed:
  File "/Users/tanmaykumar/Desktop/QGen-py-compex/GMAT/Quants/files/simpleQuestionGeneration.py", line 94, in generate_question
    raise Exception(f"Error in generate_question: {str(e)}")

Attempt 2 failed:Error: Error in generate_question: MULTIPLE_CHOICE
Error message: Error in generate_question: MULTIPLE_CHOICE


Error type: Exception
Error message: Error in generate_question: MULTIPLE_CHOICE
Generator class: SimpleQuestionGeneration  File "/Users/tanmaykumar/Desktop/QGen-py-compex/GMAT/Quants/files/simpleQuestionGeneration.py", line 94, in generate_question
    raise Exception(f"Error in generate_question: {str(e)}")
Error: Error in generate_question: MULTIPLE_CHOICEGenerator class: SimpleQuestionGeneration
Error: Error in generate_question: MULTIPLE_CHOICE

Attempt 1 failed, retrying: Error in generate_question: MULTIPLE_CHOICE
Prompt: <Real Contextual> - <Arithmetic> - <common pitfalls> - <Work and Time> - <difficulty_level: 4>

Error type: Exception
Error: Error in generate_question: MULTIPLE_CHOICE
Attempt 2 failed:

Traceback:
Error type: ExceptionTraceback:

Attempt 1 failed, retrying: Error in generate_question: MULTIPLE_CHOICE
Prompt: <Real Contextual> - <Word Problems> - <Setting up proper steps(questions that require users to properly setting up the steps to solve the questions)> - <Algebraic Equations> - <Logistics and Supply Chain> - <difficulty_level: 5>




Attempt 1 failed, retrying: Error in generate_question: MULTIPLE_CHOICE
Prompt: <Pure Contextual> - <Word Problems> - <Choosing mathematical tools(Questions which may have 2 or more mathematical approachs to solve, but user would have to choose the most optimal and efficient approach: generate question content in that manner)> - <Percentages> - <Resource Management> - <difficulty_level: 4>



  File "/Users/tanmaykumar/Desktop/QGen-py-compex/GMAT/Mock.py", line 99, in generate_question_with_retry
    question_data = question_generator.generate_question()
                    ^^^^^^^^^^^^^^^^^^^^^^^^^^^^^^^^^^^^^^

Attempt 2 failed:

Error message: Error in generate_question: MULTIPLE_CHOICE
Error message: Error in generate_question: MULTIPLE_CHOICE
Generator class: SimpleQuestionGeneration  File "/Users/tanmaykumar/Desktop/QGen-py-compex/GMAT/Mock.py", line 99, in generate_question_with_retry
    question_data = question_generator.generate_question()
                    ^^^^^^^^^^^^^^^^^^^^^^^^^^^^^^^^^^^^^^



Attempt 1 failed, retrying: Error in generate_question: MULTIPLE_CHOICE
Prompt: <Real Contextual> - <Algebra> - <Number Picking(by logical and critical reasoning over constraints given in the question)> - <Functions> - <difficulty_level: 2>

  File "/Users/tanmaykumar/Desktop/QGen-py-compex/GMAT/Quants/files/simpleQuestionGeneration.py", line 94, in generate_question
    raise Exception(f"Error in generate_question: {str(e)}")

Attempt 2 failed:

Attempt 2 failed:Traceback:
  File "/Users/tanmaykumar/Desktop/QGen-py-compex/GMAT/Quants/files/simpleQuestionGeneration.py", line 94, in generate_question
    raise Exception(f"Error in generate_question: {str(e)}")
Error: Error in generate_question: MULTIPLE_CHOICE
  File "/Users/tanmaykumar/Desktop/QGen-py-compex/GMAT/Mock.py", line 99, in generate_question_with_retry
    question_data = question_generator.generate_question()
                    ^^^^^^^^^^^^^^^^^^^^^^^^^^^^^^^^^^^^^^
Generator class: SimpleQuestionGenerationError: Error in generate_question: MULTIPLE_CHOICE
Attempt 2 failed, retrying: Error in generate_question: MULTIPLE_CHOICE
Prompt: <Pure Contextual> - <Arithmetic> - <Number Sense> - <Ratio and Proportion> - <difficulty_level: 3>



Error type: Exception
  File "/Users/tanmaykumar/Desktop/QGen-py-compex/GMAT/Quants/files/simpleQuestionGeneration.py", line 94, in generate_question
    raise Exception(f"Error in generate_question: {str(e)}")


Error type: ExceptionError: Error in generate_question: MULTIPLE_CHOICEError type: ExceptionError message: Error in generate_question: MULTIPLE_CHOICE



Attempt 2 failed:
Attempt 3 failed:Error message: Error in generate_question: MULTIPLE_CHOICEError message: Error in generate_question: MULTIPLE_CHOICE
Traceback:


Generator class: SimpleQuestionGeneration

Generator class: SimpleQuestionGeneration

Attempt 2 failed, retrying: Error in generate_question: MULTIPLE_CHOICE
Prompt: <Real Contextual> - <Arithmetic> - <Number Sense> - <Work and Time> - <difficulty_level: 3>


Generator class: SimpleQuestionGeneration
Traceback:


Attempt 2 failed, retrying: Error in generate_question: MULTIPLE_CHOICE
Prompt: <Real Contextual> - <Algebra> - <Backsolving> - <Inequalities> - <difficulty_level: 3>


Error type: ExceptionTraceback:
Attempt 3 failed:
  File "/Users/tanmaykumar/Desktop/QGen-py-compex/GMAT/Mock.py", line 99, in generate_question_with_retry
    question_data = question_generator.generate_question()
                    ^^^^^^^^^^^^^^^^^^^^^^^^^^^^^^^^^^^^^^

  File "/Users/tanmaykumar/Desktop/QGen-py-compex/GMAT/Mock.py", line 99, in generate_question_with_retry
    question_data = question_generator.generate_question()
                    ^^^^^^^^^^^^^^^^^^^^^^^^^^^^^^^^^^^^^^

Traceback:  File "/Users/tanmaykumar/Desktop/QGen-py-compex/GMAT/Quants/files/simpleQuestionGeneration.py", line 94, in generate_question
    raise Exception(f"Error in generate_question: {str(e)}")
Error type: ExceptionError type: Exception


Error message: Error in generate_question: MULTIPLE_CHOICE
Error message: Error in generate_question: MULTIPLE_CHOICE
Attempt 3 failed:  File "/Users/tanmaykumar/Desktop/QGen-py-compex/GMAT/Quants/files/simpleQuestionGeneration.py", line 94, in generate_question
    raise Exception(f"Error in generate_question: {str(e)}")
  File "/Users/tanmaykumar/Desktop/QGen-py-compex/GMAT/Mock.py", line 99, in generate_question_with_retry
    question_data = question_generator.generate_question()
                    ^^^^^^^^^^^^^^^^^^^^^^^^^^^^^^^^^^^^^^

Error message: Error in generate_question: MULTIPLE_CHOICE

Generator class: SimpleQuestionGeneration
Error: Error in generate_question: MULTIPLE_CHOICE  File "/Users/tanmaykumar/Desktop/QGen-py-compex/GMAT/Mock.py", line 99, in generate_question_with_retry
    question_data = question_generator.generate_question()
                    ^^^^^^^^^^^^^^^^^^^^^^^^^^^^^^^^^^^^^^
Error: Error in generate_question: MULTIPLE_CHOICE
Generator class: SimpleQuestionGeneration
  File "/Users/tanmaykumar/Desktop/QGen-py-compex/GMAT/Quants/files/simpleQuestionGeneration.py", line 94, in generate_question
    raise Exception(f"Error in generate_question: {str(e)}")

Attempt 2 failed, retrying: Error in generate_question: MULTIPLE_CHOICE
Prompt: <Pure Contextual> - <Algebra> - <Number Picking(by logical and critical reasoning over constraints given in the question)> - <Algebraic Equations> - <difficulty_level: 3>


Traceback:
Error: Error in generate_question: MULTIPLE_CHOICE
Generator class: SimpleQuestionGeneration
  File "/Users/tanmaykumar/Desktop/QGen-py-compex/GMAT/Quants/files/simpleQuestionGeneration.py", line 94, in generate_question
    raise Exception(f"Error in generate_question: {str(e)}")



  File "/Users/tanmaykumar/Desktop/QGen-py-compex/GMAT/Mock.py", line 99, in generate_question_with_retry
    question_data = question_generator.generate_question()
                    ^^^^^^^^^^^^^^^^^^^^^^^^^^^^^^^^^^^^^^
Error type: Exception
Attempt 3 failed:
  File "/Users/tanmaykumar/Desktop/QGen-py-compex/GMAT/Quants/files/simpleQuestionGeneration.py", line 94, in generate_question
    raise Exception(f"Error in generate_question: {str(e)}")
Traceback:

Error type: Exception
Attempt 2 failed, retrying: Error in generate_question: MULTIPLE_CHOICE
Prompt: <Real Contextual> - <Word Problems> - <Setting up proper steps(questions that require users to properly setting up the steps to solve the questions)> - <Algebraic Equations> - <Logistics and Supply Chain> - <difficulty_level: 5>


Error: Error in generate_question: MULTIPLE_CHOICE
Attempt 2 failed, retrying: Error in generate_question: MULTIPLE_CHOICE
Prompt: <Pure Contextual> - <Word Problems> - <Choosing mathematical tools(Questions which may have 2 or more mathematical approachs to solve, but user would have to choose the most optimal and efficient approach: generate question content in that manner)> - <Percentages> - <Resource Management> - <difficulty_level: 4>

Traceback:
Error: Error in generate_question: MULTIPLE_CHOICEError message: Error in generate_question: MULTIPLE_CHOICE



Attempt 2 failed, retrying: Error in generate_question: MULTIPLE_CHOICE
Prompt: <Real Contextual> - <Arithmetic> - <common pitfalls> - <Work and Time> - <difficulty_level: 4>

  File "/Users/tanmaykumar/Desktop/QGen-py-compex/GMAT/Mock.py", line 99, in generate_question_with_retry
    question_data = question_generator.generate_question()
                    ^^^^^^^^^^^^^^^^^^^^^^^^^^^^^^^^^^^^^^
Error message: Error in generate_question: MULTIPLE_CHOICE


Attempt 2 failed, retrying: Error in generate_question: MULTIPLE_CHOICE
Prompt: <Real Contextual> - <Algebra> - <Number Picking(by logical and critical reasoning over constraints given in the question)> - <Functions> - <difficulty_level: 2>


  File "/Users/tanmaykumar/Desktop/QGen-py-compex/GMAT/Mock.py", line 99, in generate_question_with_retry
    question_data = question_generator.generate_question()
                    ^^^^^^^^^^^^^^^^^^^^^^^^^^^^^^^^^^^^^^

Attempt 3 failed:
  File "/Users/tanmaykumar/Desktop/QGen-py-compex/GMAT/Quants/files/simpleQuestionGeneration.py", line 94, in generate_question
    raise Exception(f"Error in generate_question: {str(e)}")

Attempt 3 failed:

Attempt 3 failed:

Attempt 3 failed:Generator class: SimpleQuestionGeneration  File "/Users/tanmaykumar/Desktop/QGen-py-compex/GMAT/Quants/files/simpleQuestionGeneration.py", line 94, in generate_question
    raise Exception(f"Error in generate_question: {str(e)}")
Error type: Exception



Error type: Exception
Error message: Error in generate_question: MULTIPLE_CHOICE
Error: Error in generate_question: MULTIPLE_CHOICE
Traceback:
Error: Error in generate_question: MULTIPLE_CHOICEGenerator class: SimpleQuestionGeneration

Failed after 3 attempts for:Error type: ExceptionTraceback:

Generator class: SimpleQuestionGeneration
Error message: Error in generate_question: MULTIPLE_CHOICE
Error message: Error in generate_question: MULTIPLE_CHOICE
Section: GMAT_Q  File "/Users/tanmaykumar/Desktop/QGen-py-compex/GMAT/Mock.py", line 99, in generate_question_with_retry
    question_data = question_generator.generate_question()
                    ^^^^^^^^^^^^^^^^^^^^^^^^^^^^^^^^^^^^^^
Error type: Exception
Traceback:
Failed after 3 attempts for:



Generator class: SimpleQuestionGeneration  File "/Users/tanmaykumar/Desktop/QGen-py-compex/GMAT/Quants/files/simpleQuestionGeneration.py", line 94, in generate_question
    raise Exception(f"Error in generate_question: {str(e)}")
  File "/Users/tanmaykumar/Desktop/QGen-py-compex/GMAT/Mock.py", line 99, in generate_question_with_retry
    question_data = question_generator.generate_question()
                    ^^^^^^^^^^^^^^^^^^^^^^^^^^^^^^^^^^^^^^
  File "/Users/tanmaykumar/Desktop/QGen-py-compex/GMAT/Quants/files/simpleQuestionGeneration.py", line 94, in generate_question
    raise Exception(f"Error in generate_question: {str(e)}")
Error: Error in generate_question: MULTIPLE_CHOICEGenerator: Q_S_gen

Error message: Error in generate_question: MULTIPLE_CHOICE
Prompt: <Pure Contextual> - <Arithmetic> - <Number Sense> - <Ratio and Proportion> - <difficulty_level: 3>
Traceback:Error: Error in generate_question: MULTIPLE_CHOICEGenerator class: SimpleQuestionGeneration

Section: GMAT_Q
Traceback:




Failed after 3 attempts for:  File "/Users/tanmaykumar/Desktop/QGen-py-compex/GMAT/Mock.py", line 99, in generate_question_with_retry
    question_data = question_generator.generate_question()
                    ^^^^^^^^^^^^^^^^^^^^^^^^^^^^^^^^^^^^^^
Generator: Q_S_genGenerator class: SimpleQuestionGeneration


Failed after 3 attempts for:
Section: GMAT_Q
Section: GMAT_Q
  File "/Users/tanmaykumar/Desktop/QGen-py-compex/GMAT/Mock.py", line 99, in generate_question_with_retry
    question_data = question_generator.generate_question()
                    ^^^^^^^^^^^^^^^^^^^^^^^^^^^^^^^^^^^^^^
  File "/Users/tanmaykumar/Desktop/QGen-py-compex/GMAT/Quants/files/simpleQuestionGeneration.py", line 94, in generate_question
    raise Exception(f"Error in generate_question: {str(e)}")
  File "/Users/tanmaykumar/Desktop/QGen-py-compex/GMAT/Mock.py", line 99, in generate_question_with_retry
    question_data = question_generator.generate_question()
                    ^^^^^^^^^^^^^^^^^^^^^^^^^^^^^^^^^^^^^^

Generator: Q_S_gen  File "/Users/tanmaykumar/Desktop/QGen-py-compex/GMAT/Quants/files/simpleQuestionGeneration.py", line 94, in generate_question
    raise Exception(f"Error in generate_question: {str(e)}")
Generator: Q_S_gen
Error: Error in generate_question: MULTIPLE_CHOICETraceback:Error: Error in generate_question: MULTIPLE_CHOICE


Failed after 3 attempts for:

  File "/Users/tanmaykumar/Desktop/QGen-py-compex/GMAT/Mock.py", line 99, in generate_question_with_retry
    question_data = question_generator.generate_question()
                    ^^^^^^^^^^^^^^^^^^^^^^^^^^^^^^^^^^^^^^
  File "/Users/tanmaykumar/Desktop/QGen-py-compex/GMAT/Quants/files/simpleQuestionGeneration.py", line 94, in generate_question
    raise Exception(f"Error in generate_question: {str(e)}")

Prompt: <Real Contextual> - <Algebra> - <Backsolving> - <Inequalities> - <difficulty_level: 3>Prompt: <Pure Contextual> - <Algebra> - <Number Picking(by logical and critical reasoning over constraints given in the question)> - <Algebraic Equations> - <difficulty_level: 3>  File "/Users/tanmaykumar/Desktop/QGen-py-compex/GMAT/Quants/files/simpleQuestionGeneration.py", line 94, in generate_question
    raise Exception(f"Error in generate_question: {str(e)}")
Section: GMAT_Q

Failed after 3 attempts for:
Error: Error in generate_question: MULTIPLE_CHOICEGenerator: Q_S_gen


Error: Error in generate_question: MULTIPLE_CHOICE

Failed after 3 attempts for:
Section: GMAT_QPrompt: <Real Contextual> - <Algebra> - <Number Picking(by logical and critical reasoning over constraints given in the question)> - <Functions> - <difficulty_level: 2>

Prompt: <Real Contextual> - <Arithmetic> - <Number Sense> - <Work and Time> - <difficulty_level: 3>
Section: GMAT_Q

Failed after 3 attempts for:

Generator: Q_S_genGenerator: Q_S_genSection: GMAT_Q


Prompt: <Real Contextual> - <Arithmetic> - <common pitfalls> - <Work and Time> - <difficulty_level: 4>
Prompt: <Pure Contextual> - <Word Problems> - <Choosing mathematical tools(Questions which may have 2 or more mathematical approachs to solve, but user would have to choose the most optimal and efficient approach: generate question content in that manner)> - <Percentages> - <Resource Management> - <difficulty_level: 4>Generator: Q_S_gen

Prompt: <Real Contextual> - <Word Problems> - <Setting up proper steps(questions that require users to properly setting up the steps to solve the questions)> - <Algebraic Equations> - <Logistics and Supply Chain> - <difficulty_level: 5>

Task execution failed: object of type 'NoneType' has no len()
Task execution failed: object of type 'NoneType' has no len()
Task execution failed: object of type 'NoneType' has no len()
Task execution failed: object of type 'NoneType' has no len()
Task execution failed: object of type 'NoneType' has no len()
Task execution failed: object of type 'NoneType' has no len()
Task execution failed: object of type 'NoneType' has no len()
Task execution failed: object of type 'NoneType' has no len()

Attempt 1 failed:

Attempt 1 failed:
Attempt 1 failed:
Attempt 1 failed:Error type: Exception
Attempt 1 failed:

Attempt 1 failed:




Error message: Error in generate_question: MULTIPLE_CHOICE
Attempt 1 failed:Error type: ExceptionError type: ExceptionError type: ExceptionError type: Exception

Error type: NameError

Error type: NameErrorGenerator class: SimpleQuestionGeneration

Attempt 1 failed:

Error message: Error in generate_question: MULTIPLE_CHOICE
Error message: Error in generate_question: MULTIPLE_CHOICE
Error message: name 'SimpleQuestion' is not definedError message: Error in generate_question: MULTIPLE_CHOICE


Error message: Error in generate_question: MULTIPLE_CHOICETraceback:Error type: AttributeErrorGenerator class: SimpleQuestionGenerationGenerator class: SimpleQuestionGeneration

Error message: name 'SimpleQuestion' is not defined
Generator class: SimpleQuestionGeneration
Traceback:

Error message: MULTIPLE_CHOICE

  File "/Users/tanmaykumar/Desktop/QGen-py-compex/GMAT/Mock.py", line 99, in generate_question_with_retry
    question_data = question_generator.generate_question()
                    ^^^^^^^^^^^^^^^^^^^^^^^^^^^^^^^^^^^^^^


Generator class: SimpleQuestionGeneration
Traceback:Generator class: SimpleQuestionGenerationTraceback:
Generator class: ParentChildQuestionGeneration

Traceback:  File "/Users/tanmaykumar/Desktop/QGen-py-compex/GMAT/Quants/files/simpleQuestionGeneration.py", line 94, in generate_question
    raise Exception(f"Error in generate_question: {str(e)}")
Traceback:  File "/Users/tanmaykumar/Desktop/QGen-py-compex/GMAT/Mock.py", line 99, in generate_question_with_retry
    question_data = question_generator.generate_question()
                    ^^^^^^^^^^^^^^^^^^^^^^^^^^^^^^^^^^^^^^


Error: Error in generate_question: MULTIPLE_CHOICE  File "/Users/tanmaykumar/Desktop/QGen-py-compex/GMAT/Quants/files/simpleQuestionGeneration.py", line 94, in generate_question
    raise Exception(f"Error in generate_question: {str(e)}")
Generator class: SimpleQuestionGeneration


  File "/Users/tanmaykumar/Desktop/QGen-py-compex/GMAT/Mock.py", line 99, in generate_question_with_retry
    question_data = question_generator.generate_question()
                    ^^^^^^^^^^^^^^^^^^^^^^^^^^^^^^^^^^^^^^

Attempt 1 failed, retrying: Error in generate_question: MULTIPLE_CHOICE
Prompt: <Pure Contextual> - <Word Problems> - <Assessing given Situation(checking the ability of accessing a given situation)> - <Ratio and Proportion> - <Resource Management> - <difficulty_level: 5>

Error: Error in generate_question: MULTIPLE_CHOICE  File "/Users/tanmaykumar/Desktop/QGen-py-compex/GMAT/Mock.py", line 99, in generate_question_with_retry
    question_data = question_generator.generate_question()
                    ^^^^^^^^^^^^^^^^^^^^^^^^^^^^^^^^^^^^^^
  File "/Users/tanmaykumar/Desktop/QGen-py-compex/GMAT/Quants/files/simpleQuestionGeneration.py", line 94, in generate_question
    raise Exception(f"Error in generate_question: {str(e)}")
  File "/Users/tanmaykumar/Desktop/QGen-py-compex/GMAT/Mock.py", line 99, in generate_question_with_retry
    question_data = question_generator.generate_question()
                    ^^^^^^^^^^^^^^^^^^^^^^^^^^^^^^^^^^^^^^
  File "/Users/tanmaykumar/Desktop/QGen-py-compex/GMAT/Verbal/files/simpleQuestionGeneration.py", line 26, in generate_question
    questionContent = SimpleQuestion(self.llm, self.system_instructions, self.global_state, self.lock, self.prompt)
                      ^^^^^^^^^^^^^^


  File "/Users/tanmaykumar/Desktop/QGen-py-compex/GMAT/Quants/files/simpleQuestionGeneration.py", line 94, in generate_question
    raise Exception(f"Error in generate_question: {str(e)}")
  File "/Users/tanmaykumar/Desktop/QGen-py-compex/GMAT/Mock.py", line 99, in generate_question_with_retry
    question_data = question_generator.generate_question()
                    ^^^^^^^^^^^^^^^^^^^^^^^^^^^^^^^^^^^^^^
Error: Error in generate_question: MULTIPLE_CHOICEError: Error in generate_question: MULTIPLE_CHOICETraceback:  File "/Users/tanmaykumar/Desktop/QGen-py-compex/GMAT/Verbal/files/simpleQuestionGeneration.py", line 26, in generate_question
    questionContent = SimpleQuestion(self.llm, self.system_instructions, self.global_state, self.lock, self.prompt)
                      ^^^^^^^^^^^^^^


Traceback:

Error: name 'SimpleQuestion' is not defined
Attempt 1 failed, retrying: Error in generate_question: MULTIPLE_CHOICE
Prompt: <Real Contextual> - <Algebra> - <Backsolving> - <Inequalities> - <difficulty_level: 2>



Attempt 1 failed, retrying: Error in generate_question: MULTIPLE_CHOICE
Prompt: <Pure Contextual> - <Arithmetic> - <Logical Reasoning> - <Discount, Profit and Loss> - <difficulty_level: 5>


Attempt 2 failed:
Error: name 'SimpleQuestion' is not defined
Attempt 1 failed, retrying: Error in generate_question: MULTIPLE_CHOICE
Prompt: <Real Contextual> - <Word Problems> - <Assessing given Situation(checking the ability of accessing a given situation)> - <Trial and Error Method(type of questions)> - <Accounting> - <difficulty_level: 2>


  File "/Users/tanmaykumar/Desktop/QGen-py-compex/GMAT/Mock.py", line 99, in generate_question_with_retry
    question_data = question_generator.generate_question()
                    ^^^^^^^^^^^^^^^^^^^^^^^^^^^^^^^^^^^^^^


Attempt 1 failed, retrying: name 'SimpleQuestion' is not defined
Prompt: <economics> - <CR> - <Weaken the argument> - <difficulty_level: 2>



  File "/Users/tanmaykumar/Desktop/QGen-py-compex/GMAT/Mock.py", line 99, in generate_question_with_retry
    question_data = question_generator.generate_question()
                    ^^^^^^^^^^^^^^^^^^^^^^^^^^^^^^^^^^^^^^
  File "/Users/tanmaykumar/Desktop/QGen-py-compex/GMAT/Quants/files/simpleQuestionGeneration.py", line 94, in generate_question
    raise Exception(f"Error in generate_question: {str(e)}")

Attempt 1 failed, retrying: name 'SimpleQuestion' is not defined
Prompt: <literature> - <CR> - <complete the argument> - <difficulty_level: 2>

  File "/Users/tanmaykumar/Desktop/QGen-py-compex/GMAT/Verbal/files/parentChildQuestionGeneration.py", line 85, in generate_question
    component = create_question_component(
                ^^^^^^^^^^^^^^^^^^^^^^^^^^


Error: Error in generate_question: MULTIPLE_CHOICE
Attempt 2 failed:
Attempt 2 failed:
Error type: Exception
Attempt 2 failed:

Error type: Exception
Attempt 2 failed:Error type: Exception


  File "/Users/tanmaykumar/Desktop/QGen-py-compex/core/components/question_components.py", line 1348, in create_question_component
    QuestionType.MULTIPLE_CHOICE: SimpleQuestion,
    ^^^^^^^^^^^^^^^^^^^^^^^^^^^^


Error message: Error in generate_question: MULTIPLE_CHOICE
Attempt 2 failed:  File "/Library/Frameworks/Python.framework/Versions/3.11/lib/python3.11/enum.py", line 786, in __getattr__
    raise AttributeError(name) from None
Error message: Error in generate_question: MULTIPLE_CHOICEError type: NameError

Attempt 1 failed, retrying: Error in generate_question: MULTIPLE_CHOICE
Prompt: <Pure Contextual> - <Algebra> - <Number Picking(by logical and critical reasoning over constraints given in the question)> - <Functions> - <difficulty_level: 2>




Error type: NameError
Generator class: SimpleQuestionGenerationError: MULTIPLE_CHOICEError message: Error in generate_question: MULTIPLE_CHOICE
Error message: name 'SimpleQuestion' is not defined
Generator class: SimpleQuestionGeneration



Error message: name 'SimpleQuestion' is not defined

Attempt 1 failed, retrying: MULTIPLE_CHOICE
Prompt: <history> - <RC_3> - <difficulty_level: 5>

Generator class: SimpleQuestionGeneration
Attempt 2 failed:Error type: ExceptionTraceback:




Traceback:Error type: ExceptionError message: Error in generate_question: MULTIPLE_CHOICETraceback:Generator class: SimpleQuestionGeneration


Error message: Error in generate_question: MULTIPLE_CHOICE  File "/Users/tanmaykumar/Desktop/QGen-py-compex/GMAT/Mock.py", line 99, in generate_question_with_retry
    question_data = question_generator.generate_question()
                    ^^^^^^^^^^^^^^^^^^^^^^^^^^^^^^^^^^^^^^



Generator class: SimpleQuestionGeneration
Traceback:Generator class: SimpleQuestionGeneration  File "/Users/tanmaykumar/Desktop/QGen-py-compex/GMAT/Mock.py", line 99, in generate_question_with_retry
    question_data = question_generator.generate_question()
                    ^^^^^^^^^^^^^^^^^^^^^^^^^^^^^^^^^^^^^^
Traceback:

Generator class: SimpleQuestionGeneration

Attempt 2 failed:
  File "/Users/tanmaykumar/Desktop/QGen-py-compex/GMAT/Mock.py", line 99, in generate_question_with_retry
    question_data = question_generator.generate_question()
                    ^^^^^^^^^^^^^^^^^^^^^^^^^^^^^^^^^^^^^^
  File "/Users/tanmaykumar/Desktop/QGen-py-compex/GMAT/Mock.py", line 99, in generate_question_with_retry
    question_data = question_generator.generate_question()
                    ^^^^^^^^^^^^^^^^^^^^^^^^^^^^^^^^^^^^^^
  File "/Users/tanmaykumar/Desktop/QGen-py-compex/GMAT/Mock.py", line 99, in generate_question_with_retry
    question_data = question_generator.generate_question()
                    ^^^^^^^^^^^^^^^^^^^^^^^^^^^^^^^^^^^^^^

Error type: AttributeError
  File "/Users/tanmaykumar/Desktop/QGen-py-compex/GMAT/Quants/files/simpleQuestionGeneration.py", line 94, in generate_question
    raise Exception(f"Error in generate_question: {str(e)}")
  File "/Users/tanmaykumar/Desktop/QGen-py-compex/GMAT/Verbal/files/simpleQuestionGeneration.py", line 26, in generate_question
    questionContent = SimpleQuestion(self.llm, self.system_instructions, self.global_state, self.lock, self.prompt)
                      ^^^^^^^^^^^^^^
Error message: MULTIPLE_CHOICEError: Error in generate_question: MULTIPLE_CHOICE  File "/Users/tanmaykumar/Desktop/QGen-py-compex/GMAT/Quants/files/simpleQuestionGeneration.py", line 94, in generate_question
    raise Exception(f"Error in generate_question: {str(e)}")
Error: name 'SimpleQuestion' is not defined

Traceback:  File "/Users/tanmaykumar/Desktop/QGen-py-compex/GMAT/Quants/files/simpleQuestionGeneration.py", line 94, in generate_question
    raise Exception(f"Error in generate_question: {str(e)}")


Attempt 2 failed, retrying: name 'SimpleQuestion' is not defined
Prompt: <economics> - <CR> - <Weaken the argument> - <difficulty_level: 2>


Traceback:Error: Error in generate_question: MULTIPLE_CHOICEGenerator class: ParentChildQuestionGeneration
  File "/Users/tanmaykumar/Desktop/QGen-py-compex/GMAT/Quants/files/simpleQuestionGeneration.py", line 94, in generate_question
    raise Exception(f"Error in generate_question: {str(e)}")



Attempt 2 failed, retrying: Error in generate_question: MULTIPLE_CHOICE
Prompt: <Pure Contextual> - <Word Problems> - <Assessing given Situation(checking the ability of accessing a given situation)> - <Ratio and Proportion> - <Resource Management> - <difficulty_level: 5>

Error: Error in generate_question: MULTIPLE_CHOICE  File "/Users/tanmaykumar/Desktop/QGen-py-compex/GMAT/Mock.py", line 99, in generate_question_with_retry
    question_data = question_generator.generate_question()
                    ^^^^^^^^^^^^^^^^^^^^^^^^^^^^^^^^^^^^^^
Error: Error in generate_question: MULTIPLE_CHOICE
Attempt 3 failed:
Traceback:


Attempt 2 failed, retrying: Error in generate_question: MULTIPLE_CHOICE
Prompt: <Real Contextual> - <Word Problems> - <Assessing given Situation(checking the ability of accessing a given situation)> - <Trial and Error Method(type of questions)> - <Accounting> - <difficulty_level: 2>


Attempt 2 failed, retrying: Error in generate_question: MULTIPLE_CHOICE
Prompt: <Pure Contextual> - <Arithmetic> - <Logical Reasoning> - <Discount, Profit and Loss> - <difficulty_level: 5>





  File "/Users/tanmaykumar/Desktop/QGen-py-compex/GMAT/Verbal/files/simpleQuestionGeneration.py", line 26, in generate_question
    questionContent = SimpleQuestion(self.llm, self.system_instructions, self.global_state, self.lock, self.prompt)
                      ^^^^^^^^^^^^^^

Attempt 2 failed, retrying: Error in generate_question: MULTIPLE_CHOICE
Prompt: <Pure Contextual> - <Algebra> - <Number Picking(by logical and critical reasoning over constraints given in the question)> - <Functions> - <difficulty_level: 2>


  File "/Users/tanmaykumar/Desktop/QGen-py-compex/GMAT/Mock.py", line 99, in generate_question_with_retry
    question_data = question_generator.generate_question()
                    ^^^^^^^^^^^^^^^^^^^^^^^^^^^^^^^^^^^^^^
Error: name 'SimpleQuestion' is not defined

Attempt 3 failed:  File "/Users/tanmaykumar/Desktop/QGen-py-compex/GMAT/Mock.py", line 99, in generate_question_with_retry
    question_data = question_generator.generate_question()
                    ^^^^^^^^^^^^^^^^^^^^^^^^^^^^^^^^^^^^^^

Attempt 3 failed:

  File "/Users/tanmaykumar/Desktop/QGen-py-compex/GMAT/Verbal/files/parentChildQuestionGeneration.py", line 85, in generate_question
    component = create_question_component(
                ^^^^^^^^^^^^^^^^^^^^^^^^^^
  File "/Users/tanmaykumar/Desktop/QGen-py-compex/GMAT/Quants/files/simpleQuestionGeneration.py", line 94, in generate_question
    raise Exception(f"Error in generate_question: {str(e)}")

Attempt 3 failed:

Attempt 3 failed:  File "/Users/tanmaykumar/Desktop/QGen-py-compex/core/components/question_components.py", line 1348, in create_question_component
    QuestionType.MULTIPLE_CHOICE: SimpleQuestion,
    ^^^^^^^^^^^^^^^^^^^^^^^^^^^^

Error: Error in generate_question: MULTIPLE_CHOICE

Error type: NameErrorError type: Exception
  File "/Library/Frameworks/Python.framework/Versions/3.11/lib/python3.11/enum.py", line 786, in __getattr__
    raise AttributeError(name) from None
Error type: Exception

Attempt 2 failed, retrying: name 'SimpleQuestion' is not defined
Prompt: <literature> - <CR> - <complete the argument> - <difficulty_level: 2>


Error type: Exception
Error type: Exception
Error message: Error in generate_question: MULTIPLE_CHOICEError message: Error in generate_question: MULTIPLE_CHOICE
Attempt 2 failed, retrying: Error in generate_question: MULTIPLE_CHOICE
Prompt: <Real Contextual> - <Algebra> - <Backsolving> - <Inequalities> - <difficulty_level: 2>


Error message: name 'SimpleQuestion' is not defined
Error: MULTIPLE_CHOICE
Error message: Error in generate_question: MULTIPLE_CHOICE

Attempt 3 failed:
Generator class: SimpleQuestionGenerationGenerator class: SimpleQuestionGeneration


Attempt 2 failed, retrying: MULTIPLE_CHOICE
Prompt: <history> - <RC_3> - <difficulty_level: 5>


Traceback:


Attempt 3 failed:Error message: Error in generate_question: MULTIPLE_CHOICE
Generator class: SimpleQuestionGeneration

Generator class: SimpleQuestionGeneration

Traceback:
Error type: NameErrorGenerator class: SimpleQuestionGeneration
Error type: Exception

  File "/Users/tanmaykumar/Desktop/QGen-py-compex/GMAT/Mock.py", line 99, in generate_question_with_retry
    question_data = question_generator.generate_question()
                    ^^^^^^^^^^^^^^^^^^^^^^^^^^^^^^^^^^^^^^

Traceback:Traceback:Traceback:  File "/Users/tanmaykumar/Desktop/QGen-py-compex/GMAT/Mock.py", line 99, in generate_question_with_retry
    question_data = question_generator.generate_question()
                    ^^^^^^^^^^^^^^^^^^^^^^^^^^^^^^^^^^^^^^


Attempt 3 failed:
  File "/Users/tanmaykumar/Desktop/QGen-py-compex/GMAT/Quants/files/simpleQuestionGeneration.py", line 94, in generate_question
    raise Exception(f"Error in generate_question: {str(e)}")
Error message: name 'SimpleQuestion' is not defined
  File "/Users/tanmaykumar/Desktop/QGen-py-compex/GMAT/Mock.py", line 99, in generate_question_with_retry
    question_data = question_generator.generate_question()
                    ^^^^^^^^^^^^^^^^^^^^^^^^^^^^^^^^^^^^^^
Error: Error in generate_question: MULTIPLE_CHOICE
  File "/Users/tanmaykumar/Desktop/QGen-py-compex/GMAT/Mock.py", line 99, in generate_question_with_retry
    question_data = question_generator.generate_question()
                    ^^^^^^^^^^^^^^^^^^^^^^^^^^^^^^^^^^^^^^
  File "/Users/tanmaykumar/Desktop/QGen-py-compex/GMAT/Quants/files/simpleQuestionGeneration.py", line 94, in generate_question
    raise Exception(f"Error in generate_question: {str(e)}")
  File "/Users/tanmaykumar/Desktop/QGen-py-compex/GMAT/Quants/files/simpleQuestionGeneration.py", line 94, in generate_question
    raise Exception(f"Error in generate_question: {str(e)}")

  File "/Users/tanmaykumar/Desktop/QGen-py-compex/GMAT/Verbal/files/simpleQuestionGeneration.py", line 26, in generate_question
    questionContent = SimpleQuestion(self.llm, self.system_instructions, self.global_state, self.lock, self.prompt)
                      ^^^^^^^^^^^^^^

Failed after 3 attempts for:
Error: name 'SimpleQuestion' is not defined
Generator class: SimpleQuestionGenerationError: Error in generate_question: MULTIPLE_CHOICEError: Error in generate_question: MULTIPLE_CHOICE
  File "/Users/tanmaykumar/Desktop/QGen-py-compex/GMAT/Mock.py", line 99, in generate_question_with_retry
    question_data = question_generator.generate_question()
                    ^^^^^^^^^^^^^^^^^^^^^^^^^^^^^^^^^^^^^^



Failed after 3 attempts for:
  File "/Users/tanmaykumar/Desktop/QGen-py-compex/GMAT/Quants/files/simpleQuestionGeneration.py", line 94, in generate_question
    raise Exception(f"Error in generate_question: {str(e)}")
Error message: Error in generate_question: MULTIPLE_CHOICE
Traceback:
Failed after 3 attempts for:Error type: AttributeError

Error: Error in generate_question: MULTIPLE_CHOICE

Generator class: SimpleQuestionGenerationSection: GMAT_Q
Section: GMAT_QError message: MULTIPLE_CHOICE


Failed after 3 attempts for:Section: GMAT_V
Traceback:


Generator class: ParentChildQuestionGeneration
Generator: Q_S_genGenerator: Q_S_genGenerator: V_S_gen

  File "/Users/tanmaykumar/Desktop/QGen-py-compex/GMAT/Mock.py", line 99, in generate_question_with_retry
    question_data = question_generator.generate_question()
                    ^^^^^^^^^^^^^^^^^^^^^^^^^^^^^^^^^^^^^^
Section: GMAT_Q

Traceback:
Failed after 3 attempts for:  File "/Users/tanmaykumar/Desktop/QGen-py-compex/GMAT/Mock.py", line 99, in generate_question_with_retry
    question_data = question_generator.generate_question()
                    ^^^^^^^^^^^^^^^^^^^^^^^^^^^^^^^^^^^^^^
Prompt: <economics> - <CR> - <Weaken the argument> - <difficulty_level: 2>




  File "/Users/tanmaykumar/Desktop/QGen-py-compex/GMAT/Verbal/files/simpleQuestionGeneration.py", line 26, in generate_question
    questionContent = SimpleQuestion(self.llm, self.system_instructions, self.global_state, self.lock, self.prompt)
                      ^^^^^^^^^^^^^^
Prompt: <Pure Contextual> - <Word Problems> - <Assessing given Situation(checking the ability of accessing a given situation)> - <Ratio and Proportion> - <Resource Management> - <difficulty_level: 5>  File "/Users/tanmaykumar/Desktop/QGen-py-compex/GMAT/Mock.py", line 99, in generate_question_with_retry
    question_data = question_generator.generate_question()
                    ^^^^^^^^^^^^^^^^^^^^^^^^^^^^^^^^^^^^^^
Prompt: <Pure Contextual> - <Algebra> - <Number Picking(by logical and critical reasoning over constraints given in the question)> - <Functions> - <difficulty_level: 2>Section: GMAT_QError: name 'SimpleQuestion' is not defined  File "/Users/tanmaykumar/Desktop/QGen-py-compex/GMAT/Quants/files/simpleQuestionGeneration.py", line 94, in generate_question
    raise Exception(f"Error in generate_question: {str(e)}")

  File "/Users/tanmaykumar/Desktop/QGen-py-compex/GMAT/Verbal/files/parentChildQuestionGeneration.py", line 85, in generate_question
    component = create_question_component(
                ^^^^^^^^^^^^^^^^^^^^^^^^^^


Generator: Q_S_gen  File "/Users/tanmaykumar/Desktop/QGen-py-compex/core/components/question_components.py", line 1348, in create_question_component
    QuestionType.MULTIPLE_CHOICE: SimpleQuestion,
    ^^^^^^^^^^^^^^^^^^^^^^^^^^^^
Error: Error in generate_question: MULTIPLE_CHOICE


Generator: Q_S_gen
Failed after 3 attempts for:
Failed after 3 attempts for:

Prompt: <Real Contextual> - <Word Problems> - <Assessing given Situation(checking the ability of accessing a given situation)> - <Trial and Error Method(type of questions)> - <Accounting> - <difficulty_level: 2>  File "/Library/Frameworks/Python.framework/Versions/3.11/lib/python3.11/enum.py", line 786, in __getattr__
    raise AttributeError(name) from None
Section: GMAT_VPrompt: <Pure Contextual> - <Arithmetic> - <Logical Reasoning> - <Discount, Profit and Loss> - <difficulty_level: 5>Error: MULTIPLE_CHOICE




Section: GMAT_QGenerator: V_S_gen
Failed after 3 attempts for:

Generator: Q_S_gen
Prompt: <literature> - <CR> - <complete the argument> - <difficulty_level: 2>
Section: GMAT_V
Prompt: <Real Contextual> - <Algebra> - <Backsolving> - <Inequalities> - <difficulty_level: 2>

Generator: V_PC_gen
Prompt: <history> - <RC_3> - <difficulty_level: 5>
Task execution failed: object of type 'NoneType' has no len()
Task execution failed: object of type 'NoneType' has no len()
Task execution failed: object of type 'NoneType' has no len()
Task execution failed: object of type 'NoneType' has no len()
Task execution failed: object of type 'NoneType' has no len()
Task execution failed: object of type 'NoneType' has no len()
Task execution failed: object of type 'NoneType' has no len()
Task execution failed: object of type 'NoneType' has no len()

Attempt 1 failed:
Error type: NameError

Attempt 1 failed:
Attempt 1 failed:
Error type: NameError

Attempt 1 failed:
Attempt 1 failed:Error message: name 'SimpleQuestion' is not defined
Attempt 1 failed:
Error type: NameError
Error message: name 'SimpleQuestion' is not defined

Error type: NameError
Attempt 1 failed:
Attempt 1 failed:Error message: name 'SimpleQuestion' is not defined


Error type: AttributeError

Generator class: SimpleQuestionGeneration
Generator class: SimpleQuestionGenerationGenerator class: SimpleQuestionGeneration
Error message: MULTIPLE_CHOICEError type: JSONDecodeError

Error message: name 'SimpleQuestion' is not defined
Generator class: SimpleQuestionGeneration
Traceback:
Traceback:Traceback:




Error message: Expecting value: line 1 column 1 (char 0)Error type: JSONDecodeErrorError type: NameError  File "/Users/tanmaykumar/Desktop/QGen-py-compex/GMAT/Mock.py", line 99, in generate_question_with_retry
    question_data = question_generator.generate_question()
                    ^^^^^^^^^^^^^^^^^^^^^^^^^^^^^^^^^^^^^^
Generator class: ParentChildQuestionGeneration  File "/Users/tanmaykumar/Desktop/QGen-py-compex/GMAT/Mock.py", line 99, in generate_question_with_retry
    question_data = question_generator.generate_question()
                    ^^^^^^^^^^^^^^^^^^^^^^^^^^^^^^^^^^^^^^
  File "/Users/tanmaykumar/Desktop/QGen-py-compex/GMAT/Verbal/files/simpleQuestionGeneration.py", line 26, in generate_question
    questionContent = SimpleQuestion(self.llm, self.system_instructions, self.global_state, self.lock, self.prompt)
                      ^^^^^^^^^^^^^^





Traceback:Generator class: ParentChildQuestionGenerationError message: name 'SimpleQuestion' is not defined  File "/Users/tanmaykumar/Desktop/QGen-py-compex/GMAT/Verbal/files/simpleQuestionGeneration.py", line 26, in generate_question
    questionContent = SimpleQuestion(self.llm, self.system_instructions, self.global_state, self.lock, self.prompt)
                      ^^^^^^^^^^^^^^
  File "/Users/tanmaykumar/Desktop/QGen-py-compex/GMAT/Mock.py", line 99, in generate_question_with_retry
    question_data = question_generator.generate_question()
                    ^^^^^^^^^^^^^^^^^^^^^^^^^^^^^^^^^^^^^^

Error: name 'SimpleQuestion' is not defined
Error message: Expecting value: line 1 column 1 (char 0)
Generator class: SimpleQuestionGeneration
  File "/Users/tanmaykumar/Desktop/QGen-py-compex/GMAT/Verbal/files/simpleQuestionGeneration.py", line 26, in generate_question
    questionContent = SimpleQuestion(self.llm, self.system_instructions, self.global_state, self.lock, self.prompt)
                      ^^^^^^^^^^^^^^
Traceback:  File "/Users/tanmaykumar/Desktop/QGen-py-compex/GMAT/Mock.py", line 99, in generate_question_with_retry
    question_data = question_generator.generate_question()
                    ^^^^^^^^^^^^^^^^^^^^^^^^^^^^^^^^^^^^^^

Attempt 1 failed, retrying: name 'SimpleQuestion' is not defined
Prompt: <physical_sciences> - <CR> - <strengthen the argument> - <difficulty_level: 1>



Error: name 'SimpleQuestion' is not definedError: name 'SimpleQuestion' is not defined
Generator class: ParentChildQuestionGeneration
  File "/Users/tanmaykumar/Desktop/QGen-py-compex/GMAT/Mock.py", line 99, in generate_question_with_retry
    question_data = question_generator.generate_question()
                    ^^^^^^^^^^^^^^^^^^^^^^^^^^^^^^^^^^^^^^
Traceback:
Attempt 1 failed, retrying: name 'SimpleQuestion' is not defined
Prompt: <history> - <CR> - <complete the argument> - <difficulty_level: 2>


  File "/Users/tanmaykumar/Desktop/QGen-py-compex/GMAT/Verbal/files/parentChildQuestionGeneration.py", line 85, in generate_question
    component = create_question_component(
                ^^^^^^^^^^^^^^^^^^^^^^^^^^

  File "/Users/tanmaykumar/Desktop/QGen-py-compex/GMAT/Verbal/files/simpleQuestionGeneration.py", line 26, in generate_question
    questionContent = SimpleQuestion(self.llm, self.system_instructions, self.global_state, self.lock, self.prompt)
                      ^^^^^^^^^^^^^^



Attempt 2 failed:  File "/Users/tanmaykumar/Desktop/QGen-py-compex/core/components/question_components.py", line 1348, in create_question_component
    QuestionType.MULTIPLE_CHOICE: SimpleQuestion,
    ^^^^^^^^^^^^^^^^^^^^^^^^^^^^
Error: name 'SimpleQuestion' is not defined
Attempt 1 failed, retrying: name 'SimpleQuestion' is not defined
Prompt: <economics> - <CR> - <draw inference/conclusion> - <difficulty_level: 2>


Traceback:

Attempt 2 failed:

Error type: NameErrorTraceback:  File "/Library/Frameworks/Python.framework/Versions/3.11/lib/python3.11/enum.py", line 786, in __getattr__
    raise AttributeError(name) from None

  File "/Users/tanmaykumar/Desktop/QGen-py-compex/GMAT/Mock.py", line 99, in generate_question_with_retry
    question_data = question_generator.generate_question()
                    ^^^^^^^^^^^^^^^^^^^^^^^^^^^^^^^^^^^^^^


Attempt 1 failed, retrying: name 'SimpleQuestion' is not defined
Prompt: <history> - <CR> - <paradox> - <difficulty_level: 5>



  File "/Users/tanmaykumar/Desktop/QGen-py-compex/GMAT/Verbal/files/simpleQuestionGeneration.py", line 26, in generate_question
    questionContent = SimpleQuestion(self.llm, self.system_instructions, self.global_state, self.lock, self.prompt)
                      ^^^^^^^^^^^^^^
Error: MULTIPLE_CHOICE  File "/Users/tanmaykumar/Desktop/QGen-py-compex/GMAT/Mock.py", line 98, in generate_question_with_retry
    question_generator = question_generator_class(global_state, lock, api_itr, prompt=prompt)
                         ^^^^^^^^^^^^^^^^^^^^^^^^^^^^^^^^^^^^^^^^^^^^^^^^^^^^^^^^^^^^^^^^^^^^
  File "/Users/tanmaykumar/Desktop/QGen-py-compex/GMAT/Mock.py", line 98, in generate_question_with_retry
    question_generator = question_generator_class(global_state, lock, api_itr, prompt=prompt)
                         ^^^^^^^^^^^^^^^^^^^^^^^^^^^^^^^^^^^^^^^^^^^^^^^^^^^^^^^^^^^^^^^^^^^^

Error: name 'SimpleQuestion' is not defined
  File "/Users/tanmaykumar/Desktop/QGen-py-compex/GMAT/Verbal/files/parentChildQuestionGeneration.py", line 75, in __init__
    self.child_prompt = self.generate_child_prompt(
                        ^^^^^^^^^^^^^^^^^^^^^^^^^^^
Error type: NameError


Attempt 1 failed, retrying: MULTIPLE_CHOICE
Prompt: <psychology> - <RC_4> - <difficulty_level: 3>

  File "/Users/tanmaykumar/Desktop/QGen-py-compex/GMAT/Verbal/files/parentChildQuestionGeneration.py", line 75, in __init__
    self.child_prompt = self.generate_child_prompt(
                        ^^^^^^^^^^^^^^^^^^^^^^^^^^^
  File "/Users/tanmaykumar/Desktop/QGen-py-compex/GMAT/Verbal/files/parentChildQuestionGeneration.py", line 22, in generate_child_prompt
    child_prompt = json.load(open(os.path.join(os.path.dirname(
                   ^^^^^^^^^^^^^^^^^^^^^^^^^^^^^^^^^^^^^^^^^^^^
Error message: name 'SimpleQuestion' is not definedError message: name 'SimpleQuestion' is not defined  File "/Users/tanmaykumar/Desktop/QGen-py-compex/GMAT/Verbal/files/parentChildQuestionGeneration.py", line 22, in generate_child_prompt
    child_prompt = json.load(open(os.path.join(os.path.dirname(
                   ^^^^^^^^^^^^^^^^^^^^^^^^^^^^^^^^^^^^^^^^^^^^
  File "/Library/Frameworks/Python.framework/Versions/3.11/lib/python3.11/json/__init__.py", line 293, in load
    return loads(fp.read(),
           ^^^^^^^^^^^^^^^^


Attempt 1 failed, retrying: name 'SimpleQuestion' is not defined
Prompt: <psychology> - <CR> - <strengthen the argument> - <difficulty_level: 5>


Attempt 2 failed:

Attempt 2 failed:
Generator class: SimpleQuestionGeneration

  File "/Library/Frameworks/Python.framework/Versions/3.11/lib/python3.11/json/__init__.py", line 346, in loads
    return _default_decoder.decode(s)
           ^^^^^^^^^^^^^^^^^^^^^^^^^^


Generator class: SimpleQuestionGeneration
  File "/Library/Frameworks/Python.framework/Versions/3.11/lib/python3.11/json/__init__.py", line 293, in load
    return loads(fp.read(),
           ^^^^^^^^^^^^^^^^
Traceback:Error type: NameError  File "/Library/Frameworks/Python.framework/Versions/3.11/lib/python3.11/json/__init__.py", line 346, in loads
    return _default_decoder.decode(s)
           ^^^^^^^^^^^^^^^^^^^^^^^^^^
Error type: NameErrorTraceback:

Attempt 2 failed:  File "/Library/Frameworks/Python.framework/Versions/3.11/lib/python3.11/json/decoder.py", line 337, in decode
    obj, end = self.raw_decode(s, idx=_w(s, 0).end())
               ^^^^^^^^^^^^^^^^^^^^^^^^^^^^^^^^^^^^^^

Attempt 2 failed:  File "/Users/tanmaykumar/Desktop/QGen-py-compex/GMAT/Mock.py", line 99, in generate_question_with_retry
    question_data = question_generator.generate_question()
                    ^^^^^^^^^^^^^^^^^^^^^^^^^^^^^^^^^^^^^^

  File "/Library/Frameworks/Python.framework/Versions/3.11/lib/python3.11/json/decoder.py", line 337, in decode
    obj, end = self.raw_decode(s, idx=_w(s, 0).end())
               ^^^^^^^^^^^^^^^^^^^^^^^^^^^^^^^^^^^^^^

  File "/Users/tanmaykumar/Desktop/QGen-py-compex/GMAT/Verbal/files/simpleQuestionGeneration.py", line 26, in generate_question
    questionContent = SimpleQuestion(self.llm, self.system_instructions, self.global_state, self.lock, self.prompt)
                      ^^^^^^^^^^^^^^

  File "/Users/tanmaykumar/Desktop/QGen-py-compex/GMAT/Mock.py", line 99, in generate_question_with_retry
    question_data = question_generator.generate_question()
                    ^^^^^^^^^^^^^^^^^^^^^^^^^^^^^^^^^^^^^^

Error type: NameError
  File "/Library/Frameworks/Python.framework/Versions/3.11/lib/python3.11/json/decoder.py", line 355, in raw_decode
    raise JSONDecodeError("Expecting value", s, err.value) from None
Error: name 'SimpleQuestion' is not definedError message: name 'SimpleQuestion' is not defined
  File "/Library/Frameworks/Python.framework/Versions/3.11/lib/python3.11/json/decoder.py", line 355, in raw_decode
    raise JSONDecodeError("Expecting value", s, err.value) from None

Error message: name 'SimpleQuestion' is not definedError: Expecting value: line 1 column 1 (char 0)Error: Expecting value: line 1 column 1 (char 0)  File "/Users/tanmaykumar/Desktop/QGen-py-compex/GMAT/Verbal/files/simpleQuestionGeneration.py", line 26, in generate_question
    questionContent = SimpleQuestion(self.llm, self.system_instructions, self.global_state, self.lock, self.prompt)
                      ^^^^^^^^^^^^^^
Generator class: SimpleQuestionGeneration
Error type: AttributeErrorError message: name 'SimpleQuestion' is not defined



Error: name 'SimpleQuestion' is not definedGenerator class: SimpleQuestionGeneration
Attempt 1 failed, retrying: Expecting value: line 1 column 1 (char 0)
Prompt: <culture> - <RC_3> - <difficulty_level: 1>


Attempt 2 failed, retrying: name 'SimpleQuestion' is not defined
Prompt: <history> - <CR> - <complete the argument> - <difficulty_level: 2>



Error message: MULTIPLE_CHOICE
Attempt 1 failed, retrying: Expecting value: line 1 column 1 (char 0)
Prompt: <business> - <RC_3> - <difficulty_level: 2>


Generator class: SimpleQuestionGeneration



Traceback:
Generator class: ParentChildQuestionGeneration


Attempt 3 failed:
Traceback:

Attempt 2 failed, retrying: name 'SimpleQuestion' is not defined
Prompt: <physical_sciences> - <CR> - <strengthen the argument> - <difficulty_level: 1>

Traceback:


Error type: NameError  File "/Users/tanmaykumar/Desktop/QGen-py-compex/GMAT/Mock.py", line 99, in generate_question_with_retry
    question_data = question_generator.generate_question()
                    ^^^^^^^^^^^^^^^^^^^^^^^^^^^^^^^^^^^^^^
  File "/Users/tanmaykumar/Desktop/QGen-py-compex/GMAT/Mock.py", line 99, in generate_question_with_retry
    question_data = question_generator.generate_question()
                    ^^^^^^^^^^^^^^^^^^^^^^^^^^^^^^^^^^^^^^
Traceback:
  File "/Users/tanmaykumar/Desktop/QGen-py-compex/GMAT/Mock.py", line 99, in generate_question_with_retry
    question_data = question_generator.generate_question()
                    ^^^^^^^^^^^^^^^^^^^^^^^^^^^^^^^^^^^^^^

Attempt 3 failed:
Attempt 2 failed:  File "/Users/tanmaykumar/Desktop/QGen-py-compex/GMAT/Verbal/files/simpleQuestionGeneration.py", line 26, in generate_question
    questionContent = SimpleQuestion(self.llm, self.system_instructions, self.global_state, self.lock, self.prompt)
                      ^^^^^^^^^^^^^^

  File "/Users/tanmaykumar/Desktop/QGen-py-compex/GMAT/Verbal/files/simpleQuestionGeneration.py", line 26, in generate_question
    questionContent = SimpleQuestion(self.llm, self.system_instructions, self.global_state, self.lock, self.prompt)
                      ^^^^^^^^^^^^^^


Attempt 2 failed:  File "/Users/tanmaykumar/Desktop/QGen-py-compex/GMAT/Verbal/files/simpleQuestionGeneration.py", line 26, in generate_question
    questionContent = SimpleQuestion(self.llm, self.system_instructions, self.global_state, self.lock, self.prompt)
                      ^^^^^^^^^^^^^^
Error: name 'SimpleQuestion' is not defined  File "/Users/tanmaykumar/Desktop/QGen-py-compex/GMAT/Mock.py", line 99, in generate_question_with_retry
    question_data = question_generator.generate_question()
                    ^^^^^^^^^^^^^^^^^^^^^^^^^^^^^^^^^^^^^^
Error message: name 'SimpleQuestion' is not defined

Error: name 'SimpleQuestion' is not defined  File "/Users/tanmaykumar/Desktop/QGen-py-compex/GMAT/Verbal/files/parentChildQuestionGeneration.py", line 85, in generate_question
    component = create_question_component(
                ^^^^^^^^^^^^^^^^^^^^^^^^^^
Error: name 'SimpleQuestion' is not defined


  File "/Users/tanmaykumar/Desktop/QGen-py-compex/core/components/question_components.py", line 1348, in create_question_component
    QuestionType.MULTIPLE_CHOICE: SimpleQuestion,
    ^^^^^^^^^^^^^^^^^^^^^^^^^^^^

Attempt 2 failed, retrying: name 'SimpleQuestion' is not defined
Prompt: <history> - <CR> - <paradox> - <difficulty_level: 5>

Error type: NameErrorError type: AttributeError

Attempt 2 failed, retrying: name 'SimpleQuestion' is not defined
Prompt: <economics> - <CR> - <draw inference/conclusion> - <difficulty_level: 2>

Generator class: SimpleQuestionGenerationError type: AttributeError  File "/Library/Frameworks/Python.framework/Versions/3.11/lib/python3.11/enum.py", line 786, in __getattr__
    raise AttributeError(name) from None




Attempt 2 failed, retrying: name 'SimpleQuestion' is not defined
Prompt: <psychology> - <CR> - <strengthen the argument> - <difficulty_level: 5>



Traceback:Error: MULTIPLE_CHOICE
Error message: MULTIPLE_CHOICEError message: name 'SimpleQuestion' is not defined
Error message: MULTIPLE_CHOICE


Generator class: ParentChildQuestionGenerationGenerator class: SimpleQuestionGeneration
Attempt 3 failed:Generator class: ParentChildQuestionGeneration
Attempt 3 failed:


Attempt 3 failed:




Traceback:
Attempt 2 failed, retrying: MULTIPLE_CHOICE
Prompt: <psychology> - <RC_4> - <difficulty_level: 3>

Traceback:Error type: NameError
  File "/Users/tanmaykumar/Desktop/QGen-py-compex/GMAT/Mock.py", line 99, in generate_question_with_retry
    question_data = question_generator.generate_question()
                    ^^^^^^^^^^^^^^^^^^^^^^^^^^^^^^^^^^^^^^
Traceback:
Error type: NameError
  File "/Users/tanmaykumar/Desktop/QGen-py-compex/GMAT/Verbal/files/simpleQuestionGeneration.py", line 26, in generate_question
    questionContent = SimpleQuestion(self.llm, self.system_instructions, self.global_state, self.lock, self.prompt)
                      ^^^^^^^^^^^^^^


Error type: NameError

Error message: name 'SimpleQuestion' is not defined
  File "/Users/tanmaykumar/Desktop/QGen-py-compex/GMAT/Mock.py", line 99, in generate_question_with_retry
    question_data = question_generator.generate_question()
                    ^^^^^^^^^^^^^^^^^^^^^^^^^^^^^^^^^^^^^^
  File "/Users/tanmaykumar/Desktop/QGen-py-compex/GMAT/Mock.py", line 99, in generate_question_with_retry
    question_data = question_generator.generate_question()
                    ^^^^^^^^^^^^^^^^^^^^^^^^^^^^^^^^^^^^^^
Error message: name 'SimpleQuestion' is not defined  File "/Users/tanmaykumar/Desktop/QGen-py-compex/GMAT/Verbal/files/parentChildQuestionGeneration.py", line 85, in generate_question
    component = create_question_component(
                ^^^^^^^^^^^^^^^^^^^^^^^^^^
Error message: name 'SimpleQuestion' is not defined
  File "/Users/tanmaykumar/Desktop/QGen-py-compex/GMAT/Mock.py", line 99, in generate_question_with_retry
    question_data = question_generator.generate_question()
                    ^^^^^^^^^^^^^^^^^^^^^^^^^^^^^^^^^^^^^^
  File "/Users/tanmaykumar/Desktop/QGen-py-compex/core/components/question_components.py", line 1348, in create_question_component
    QuestionType.MULTIPLE_CHOICE: SimpleQuestion,
    ^^^^^^^^^^^^^^^^^^^^^^^^^^^^
  File "/Users/tanmaykumar/Desktop/QGen-py-compex/GMAT/Verbal/files/simpleQuestionGeneration.py", line 26, in generate_question
    questionContent = SimpleQuestion(self.llm, self.system_instructions, self.global_state, self.lock, self.prompt)
                      ^^^^^^^^^^^^^^
Generator class: SimpleQuestionGeneration
Error: name 'SimpleQuestion' is not defined  File "/Library/Frameworks/Python.framework/Versions/3.11/lib/python3.11/enum.py", line 786, in __getattr__
    raise AttributeError(name) from None

Generator class: SimpleQuestionGeneration
  File "/Users/tanmaykumar/Desktop/QGen-py-compex/GMAT/Verbal/files/parentChildQuestionGeneration.py", line 85, in generate_question
    component = create_question_component(
                ^^^^^^^^^^^^^^^^^^^^^^^^^^
Error: name 'SimpleQuestion' is not defined
Error: MULTIPLE_CHOICE
Attempt 3 failed:

Generator class: SimpleQuestionGeneration  File "/Users/tanmaykumar/Desktop/QGen-py-compex/core/components/question_components.py", line 1348, in create_question_component
    QuestionType.MULTIPLE_CHOICE: SimpleQuestion,
    ^^^^^^^^^^^^^^^^^^^^^^^^^^^^
Traceback:
Failed after 3 attempts for:

  File "/Library/Frameworks/Python.framework/Versions/3.11/lib/python3.11/enum.py", line 786, in __getattr__
    raise AttributeError(name) from None
Traceback:
Error type: AttributeError
Traceback:


  File "/Users/tanmaykumar/Desktop/QGen-py-compex/GMAT/Mock.py", line 99, in generate_question_with_retry
    question_data = question_generator.generate_question()
                    ^^^^^^^^^^^^^^^^^^^^^^^^^^^^^^^^^^^^^^
Error: MULTIPLE_CHOICE  File "/Users/tanmaykumar/Desktop/QGen-py-compex/GMAT/Mock.py", line 99, in generate_question_with_retry
    question_data = question_generator.generate_question()
                    ^^^^^^^^^^^^^^^^^^^^^^^^^^^^^^^^^^^^^^

Failed after 3 attempts for:Section: GMAT_V

  File "/Users/tanmaykumar/Desktop/QGen-py-compex/GMAT/Verbal/files/simpleQuestionGeneration.py", line 26, in generate_question
    questionContent = SimpleQuestion(self.llm, self.system_instructions, self.global_state, self.lock, self.prompt)
                      ^^^^^^^^^^^^^^

Error message: MULTIPLE_CHOICE
Attempt 2 failed, retrying: MULTIPLE_CHOICE
Prompt: <culture> - <RC_3> - <difficulty_level: 1>

Error: name 'SimpleQuestion' is not definedSection: GMAT_V
Generator: V_S_gen


Generator class: ParentChildQuestionGeneration

Failed after 3 attempts for:Generator: V_S_gen
  File "/Users/tanmaykumar/Desktop/QGen-py-compex/GMAT/Mock.py", line 99, in generate_question_with_retry
    question_data = question_generator.generate_question()
                    ^^^^^^^^^^^^^^^^^^^^^^^^^^^^^^^^^^^^^^



Attempt 2 failed, retrying: MULTIPLE_CHOICE
Prompt: <business> - <RC_3> - <difficulty_level: 2>

  File "/Users/tanmaykumar/Desktop/QGen-py-compex/GMAT/Verbal/files/simpleQuestionGeneration.py", line 26, in generate_question
    questionContent = SimpleQuestion(self.llm, self.system_instructions, self.global_state, self.lock, self.prompt)
                      ^^^^^^^^^^^^^^
Prompt: <physical_sciences> - <CR> - <strengthen the argument> - <difficulty_level: 1>Prompt: <history> - <CR> - <complete the argument> - <difficulty_level: 2>Error: name 'SimpleQuestion' is not defined

  File "/Users/tanmaykumar/Desktop/QGen-py-compex/GMAT/Verbal/files/simpleQuestionGeneration.py", line 26, in generate_question
    questionContent = SimpleQuestion(self.llm, self.system_instructions, self.global_state, self.lock, self.prompt)
                      ^^^^^^^^^^^^^^
Traceback:
Attempt 3 failed:

Error: name 'SimpleQuestion' is not defined
Error type: AttributeError


Failed after 3 attempts for:

Failed after 3 attempts for:

Attempt 3 failed:
Section: GMAT_VSection: GMAT_VError message: MULTIPLE_CHOICE



Section: GMAT_V  File "/Users/tanmaykumar/Desktop/QGen-py-compex/GMAT/Mock.py", line 99, in generate_question_with_retry
    question_data = question_generator.generate_question()
                    ^^^^^^^^^^^^^^^^^^^^^^^^^^^^^^^^^^^^^^
Generator: V_S_gen
Generator: V_S_gen

  File "/Users/tanmaykumar/Desktop/QGen-py-compex/GMAT/Verbal/files/parentChildQuestionGeneration.py", line 85, in generate_question
    component = create_question_component(
                ^^^^^^^^^^^^^^^^^^^^^^^^^^
Error type: AttributeErrorPrompt: <economics> - <CR> - <draw inference/conclusion> - <difficulty_level: 2>
  File "/Users/tanmaykumar/Desktop/QGen-py-compex/core/components/question_components.py", line 1348, in create_question_component
    QuestionType.MULTIPLE_CHOICE: SimpleQuestion,
    ^^^^^^^^^^^^^^^^^^^^^^^^^^^^
Generator class: ParentChildQuestionGenerationPrompt: <psychology> - <CR> - <strengthen the argument> - <difficulty_level: 5>
  File "/Library/Frameworks/Python.framework/Versions/3.11/lib/python3.11/enum.py", line 786, in __getattr__
    raise AttributeError(name) from None
Generator: V_S_genError message: MULTIPLE_CHOICE




Prompt: <history> - <CR> - <paradox> - <difficulty_level: 5>Error: MULTIPLE_CHOICETraceback:
Generator class: ParentChildQuestionGeneration



Failed after 3 attempts for:Traceback:
  File "/Users/tanmaykumar/Desktop/QGen-py-compex/GMAT/Mock.py", line 99, in generate_question_with_retry
    question_data = question_generator.generate_question()
                    ^^^^^^^^^^^^^^^^^^^^^^^^^^^^^^^^^^^^^^

  File "/Users/tanmaykumar/Desktop/QGen-py-compex/GMAT/Verbal/files/parentChildQuestionGeneration.py", line 85, in generate_question
    component = create_question_component(
                ^^^^^^^^^^^^^^^^^^^^^^^^^^
Section: GMAT_V  File "/Users/tanmaykumar/Desktop/QGen-py-compex/core/components/question_components.py", line 1348, in create_question_component
    QuestionType.MULTIPLE_CHOICE: SimpleQuestion,
    ^^^^^^^^^^^^^^^^^^^^^^^^^^^^

  File "/Users/tanmaykumar/Desktop/QGen-py-compex/GMAT/Mock.py", line 99, in generate_question_with_retry
    question_data = question_generator.generate_question()
                    ^^^^^^^^^^^^^^^^^^^^^^^^^^^^^^^^^^^^^^
  File "/Library/Frameworks/Python.framework/Versions/3.11/lib/python3.11/enum.py", line 786, in __getattr__
    raise AttributeError(name) from None
  File "/Users/tanmaykumar/Desktop/QGen-py-compex/GMAT/Verbal/files/parentChildQuestionGeneration.py", line 85, in generate_question
    component = create_question_component(
                ^^^^^^^^^^^^^^^^^^^^^^^^^^
Generator: V_PC_genError: MULTIPLE_CHOICE  File "/Users/tanmaykumar/Desktop/QGen-py-compex/core/components/question_components.py", line 1348, in create_question_component
    QuestionType.MULTIPLE_CHOICE: SimpleQuestion,
    ^^^^^^^^^^^^^^^^^^^^^^^^^^^^


  File "/Library/Frameworks/Python.framework/Versions/3.11/lib/python3.11/enum.py", line 786, in __getattr__
    raise AttributeError(name) from None

Failed after 3 attempts for:Prompt: <psychology> - <RC_4> - <difficulty_level: 3>Error: MULTIPLE_CHOICE

Section: GMAT_V


Failed after 3 attempts for:Generator: V_PC_gen

Section: GMAT_VPrompt: <culture> - <RC_3> - <difficulty_level: 1>

Generator: V_PC_gen
Prompt: <business> - <RC_3> - <difficulty_level: 2>
Task execution failed: object of type 'NoneType' has no len()
Task execution failed: object of type 'NoneType' has no len()
Task execution failed: object of type 'NoneType' has no len()
Task execution failed: object of type 'NoneType' has no len()
Task execution failed: object of type 'NoneType' has no len()
Task execution failed: object of type 'NoneType' has no len()
Task execution failed: object of type 'NoneType' has no len()
Task execution failed: object of type 'NoneType' has no len()

Attempt 1 failed:
Error type: NameError
Error message: name 'SimpleQuestion' is not defined
Generator class: SimpleQuestionGeneration
Traceback:
  File "/Users/tanmaykumar/Desktop/QGen-py-compex/GMAT/Mock.py", line 99, in generate_question_with_retry
    question_data = question_generator.generate_question()
                    ^^^^^^^^^^^^^^^^^^^^^^^^^^^^^^^^^^^^^^
  File "/Users/tanmaykumar/Desktop/QGen-py-compex/GMAT/Verbal/files/simpleQuestionGeneration.py", line 26, in generate_question
    questionContent = SimpleQuestion(self.llm, self.system_instructions, self.global_state, self.lock, self.prompt)
                      ^^^^^^^^^^^^^^
Error: name 'SimpleQuestion' is not defined

Attempt 1 failed, retrying: name 'SimpleQuestion' is not defined
Prompt: <literature> - <CR> - <evaluate the conclusion> - <difficulty_level: 2>



Attempt 2 failed:
Error type: NameError
Error message: name 'SimpleQuestion' is not defined
Generator class: SimpleQuestionGeneration
Traceback:
  File "/Users/tanmaykumar/Desktop/QGen-py-compex/GMAT/Mock.py", line 99, in generate_question_with_retry
    question_data = question_generator.generate_question()
                    ^^^^^^^^^^^^^^^^^^^^^^^^^^^^^^^^^^^^^^
  File "/Users/tanmaykumar/Desktop/QGen-py-compex/GMAT/Verbal/files/simpleQuestionGeneration.py", line 26, in generate_question
    questionContent = SimpleQuestion(self.llm, self.system_instructions, self.global_state, self.lock, self.prompt)
                      ^^^^^^^^^^^^^^
Error: name 'SimpleQuestion' is not defined

Attempt 2 failed, retrying: name 'SimpleQuestion' is not defined
Prompt: <literature> - <CR> - <evaluate the conclusion> - <difficulty_level: 2>



Attempt 3 failed:
Error type: NameError
Error message: name 'SimpleQuestion' is not defined
Generator class: SimpleQuestionGeneration
Traceback:
  File "/Users/tanmaykumar/Desktop/QGen-py-compex/GMAT/Mock.py", line 99, in generate_question_with_retry
    question_data = question_generator.generate_question()
                    ^^^^^^^^^^^^^^^^^^^^^^^^^^^^^^^^^^^^^^
  File "/Users/tanmaykumar/Desktop/QGen-py-compex/GMAT/Verbal/files/simpleQuestionGeneration.py", line 26, in generate_question
    questionContent = SimpleQuestion(self.llm, self.system_instructions, self.global_state, self.lock, self.prompt)
                      ^^^^^^^^^^^^^^
Error: name 'SimpleQuestion' is not defined

Failed after 3 attempts for:
Section: GMAT_V
Generator: V_S_gen
Prompt: <literature> - <CR> - <evaluate the conclusion> - <difficulty_level: 2>
Task failed during final execution: object of type 'NoneType' has no len()
GMAT paper saved successfully: papers/GMAT/GMAT_paper-25-06-22-36-difficulty-4.json
sectionNumber: section0
sectionNumber: section0
sectionNumber: section0
GMAT questions registered in database successfully
GMAT paper generation completed successfully
Sleeping for 60 seconds for API rate limit reset
Starting GRE paper generation - Difficulty: 4

Attempt 1 failed:
Attempt 1 failed:
Attempt 1 failed:
Attempt 1 failed:



Attempt 1 failed:
Attempt 1 failed:Error type: AttributeErrorError type: AttributeError
Error type: AttributeError


Attempt 1 failed:
Attempt 1 failed:

Error message: MULTIPLE_CHOICE

Error message: MULTIPLE_CHOICEError message: MULTIPLE_CHOICE
Error type: AttributeError


Error type: AttributeError
Error message: MULTIPLE_CHOICEGenerator class: SimpleQuestionGenerationError type: AttributeErrorError type: QuestionGenerationExceptionError type: AttributeError




Generator class: NumericEntryQuestionGenerationGenerator class: SimpleQuestionGenerationError message: MULTIPLE_CHOICEGenerator class: SimpleQuestionGenerationTraceback:




Error message: MULTIPLE_CHOICE
Generator class: SimpleQuestionGenerationTraceback:
Traceback:Traceback:Error message: Invalid prompt format: <unlocked _thread.lock object at 0x10c380d00>Generator class: SimpleQuestionGeneration

Error message: MULTIPLE_CHOICE




Generator class: DataSufficiencyQuestionGenerationGenerator class: SimpleQuestionGenerationTraceback:  File "/Users/tanmaykumar/Desktop/QGen-py-compex/GRE/Mock.py", line 85, in generate_question_with_retry
    question_data = question_generator.generate_question()
                    ^^^^^^^^^^^^^^^^^^^^^^^^^^^^^^^^^^^^^^
  File "/Users/tanmaykumar/Desktop/QGen-py-compex/GRE/Mock.py", line 85, in generate_question_with_retry
    question_data = question_generator.generate_question()
                    ^^^^^^^^^^^^^^^^^^^^^^^^^^^^^^^^^^^^^^
  File "/Users/tanmaykumar/Desktop/QGen-py-compex/GRE/Mock.py", line 85, in generate_question_with_retry
    question_data = question_generator.generate_question()
                    ^^^^^^^^^^^^^^^^^^^^^^^^^^^^^^^^^^^^^^
Traceback:  File "/Users/tanmaykumar/Desktop/QGen-py-compex/GRE/Mock.py", line 85, in generate_question_with_retry
    question_data = question_generator.generate_question()
                    ^^^^^^^^^^^^^^^^^^^^^^^^^^^^^^^^^^^^^^
  File "/Users/tanmaykumar/Desktop/QGen-py-compex/GRE/Quants/files/numericEntryQuestionGeneration.py", line 43, in generate_question
    simple_component = create_question_component(
                       ^^^^^^^^^^^^^^^^^^^^^^^^^^



  File "/Users/tanmaykumar/Desktop/QGen-py-compex/GRE/Quants/files/simpleQuestionGeneration.py", line 35, in generate_question
    component = create_question_component(
                ^^^^^^^^^^^^^^^^^^^^^^^^^^
  File "/Users/tanmaykumar/Desktop/QGen-py-compex/GRE/Mock.py", line 85, in generate_question_with_retry
    question_data = question_generator.generate_question()
                    ^^^^^^^^^^^^^^^^^^^^^^^^^^^^^^^^^^^^^^
Traceback:  File "/Users/tanmaykumar/Desktop/QGen-py-compex/GRE/Quants/files/simpleQuestionGeneration.py", line 35, in generate_question
    component = create_question_component(
                ^^^^^^^^^^^^^^^^^^^^^^^^^^
  File "/Users/tanmaykumar/Desktop/QGen-py-compex/core/components/question_components.py", line 1348, in create_question_component
    QuestionType.MULTIPLE_CHOICE: SimpleQuestion,
    ^^^^^^^^^^^^^^^^^^^^^^^^^^^^

  File "/Users/tanmaykumar/Desktop/QGen-py-compex/core/components/question_components.py", line 1348, in create_question_component
    QuestionType.MULTIPLE_CHOICE: SimpleQuestion,
    ^^^^^^^^^^^^^^^^^^^^^^^^^^^^

  File "/Users/tanmaykumar/Desktop/QGen-py-compex/GRE/Quants/files/simpleQuestionGeneration.py", line 35, in generate_question
    component = create_question_component(
                ^^^^^^^^^^^^^^^^^^^^^^^^^^
  File "/Library/Frameworks/Python.framework/Versions/3.11/lib/python3.11/enum.py", line 786, in __getattr__
    raise AttributeError(name) from None
Traceback:  File "/Users/tanmaykumar/Desktop/QGen-py-compex/GRE/Mock.py", line 85, in generate_question_with_retry
    question_data = question_generator.generate_question()
                    ^^^^^^^^^^^^^^^^^^^^^^^^^^^^^^^^^^^^^^
  File "/Library/Frameworks/Python.framework/Versions/3.11/lib/python3.11/enum.py", line 786, in __getattr__
    raise AttributeError(name) from None
  File "/Users/tanmaykumar/Desktop/QGen-py-compex/core/components/question_components.py", line 1348, in create_question_component
    QuestionType.MULTIPLE_CHOICE: SimpleQuestion,
    ^^^^^^^^^^^^^^^^^^^^^^^^^^^^
  File "/Users/tanmaykumar/Desktop/QGen-py-compex/GRE/Quants/files/simpleQuestionGeneration.py", line 35, in generate_question
    component = create_question_component(
                ^^^^^^^^^^^^^^^^^^^^^^^^^^
  File "/Users/tanmaykumar/Desktop/QGen-py-compex/GRE/Mock.py", line 85, in generate_question_with_retry
    question_data = question_generator.generate_question()
                    ^^^^^^^^^^^^^^^^^^^^^^^^^^^^^^^^^^^^^^
  File "/Library/Frameworks/Python.framework/Versions/3.11/lib/python3.11/enum.py", line 786, in __getattr__
    raise AttributeError(name) from None
  File "/Users/tanmaykumar/Desktop/QGen-py-compex/core/components/question_components.py", line 1348, in create_question_component
    QuestionType.MULTIPLE_CHOICE: SimpleQuestion,
    ^^^^^^^^^^^^^^^^^^^^^^^^^^^^
  File "/Users/tanmaykumar/Desktop/QGen-py-compex/GRE/Quants/files/simpleQuestionGeneration.py", line 35, in generate_question
    component = create_question_component(
                ^^^^^^^^^^^^^^^^^^^^^^^^^^

  File "/Users/tanmaykumar/Desktop/QGen-py-compex/GRE/Quants/files/simpleQuestionGeneration.py", line 35, in generate_question
    component = create_question_component(
                ^^^^^^^^^^^^^^^^^^^^^^^^^^

Attempt 1 failed, retrying: MULTIPLE_CHOICE
Prompt: <profit, loss and discount>- <difficulty-level: 2> (multi-correct MCQ)


Attempt 1 failed, retrying: MULTIPLE_CHOICE
Prompt: <fractions/decimals and Unitary method>- <difficulty-level: 2>


  File "/Users/tanmaykumar/Desktop/QGen-py-compex/core/components/question_components.py", line 1348, in create_question_component
    QuestionType.MULTIPLE_CHOICE: SimpleQuestion,
    ^^^^^^^^^^^^^^^^^^^^^^^^^^^^


Attempt 1 failed, retrying: MULTIPLE_CHOICE
Prompt: <linear inequalities>- <difficulty-level: 4> (multi-correct MCQ)

  File "/Users/tanmaykumar/Desktop/QGen-py-compex/core/components/question_components.py", line 1348, in create_question_component
    QuestionType.MULTIPLE_CHOICE: SimpleQuestion,
    ^^^^^^^^^^^^^^^^^^^^^^^^^^^^
  File "/Users/tanmaykumar/Desktop/QGen-py-compex/core/components/question_components.py", line 1348, in create_question_component
    QuestionType.MULTIPLE_CHOICE: SimpleQuestion,
    ^^^^^^^^^^^^^^^^^^^^^^^^^^^^

  File "/Users/tanmaykumar/Desktop/QGen-py-compex/GRE/Mock.py", line 85, in generate_question_with_retry
    question_data = question_generator.generate_question()
                    ^^^^^^^^^^^^^^^^^^^^^^^^^^^^^^^^^^^^^^
  File "/Library/Frameworks/Python.framework/Versions/3.11/lib/python3.11/enum.py", line 786, in __getattr__
    raise AttributeError(name) from None
  File "/Library/Frameworks/Python.framework/Versions/3.11/lib/python3.11/enum.py", line 786, in __getattr__
    raise AttributeError(name) from None
  File "/Users/tanmaykumar/Desktop/QGen-py-compex/GRE/Quants/files/dataSufficiencyQuestionGeneration.py", line 34, in generate_question
    base_component = DataSufficiencyQuestion(self.llm, self.system_instructions, self.global_state, self.prompt, self.lock)
                     ^^^^^^^^^^^^^^^^^^^^^^^^^^^^^^^^^^^^^^^^^^^^^^^^^^^^^^^^^^^^^^^^^^^^^^^^^^^^^^^^^^^^^^^^^^^^^^^^^^^^^^
  File "/Users/tanmaykumar/Desktop/QGen-py-compex/core/components/question_components.py", line 449, in __init__
    super().__init__(*args, **kwargs)

Attempt 1 failed, retrying: MULTIPLE_CHOICE
Prompt: <mean median mode>- <difficulty-level: 4>


Attempt 2 failed:  File "/Library/Frameworks/Python.framework/Versions/3.11/lib/python3.11/enum.py", line 786, in __getattr__
    raise AttributeError(name) from None

Attempt 2 failed:

  File "/Users/tanmaykumar/Desktop/QGen-py-compex/core/components/question_components.py", line 119, in __init__
    raise QuestionGenerationException(f"Invalid prompt format: {prompt}")

Attempt 2 failed:Error type: AttributeError

Attempt 1 failed, retrying: MULTIPLE_CHOICE
Prompt: <linear inequalities>- <difficulty-level: 5>


Attempt 1 failed, retrying: MULTIPLE_CHOICE
Prompt: <ratio and proportion>- <difficulty-level: 2>



Error type: AttributeError
Attempt 1 failed, retrying: Invalid prompt format: <unlocked _thread.lock object at 0x10c380d00>
Prompt: <geometry>- <difficulty-level: 4>

Error message: MULTIPLE_CHOICE
Attempt 2 failed:
Error message: MULTIPLE_CHOICE



  File "/Library/Frameworks/Python.framework/Versions/3.11/lib/python3.11/enum.py", line 786, in __getattr__
    raise AttributeError(name) from None
Error type: AttributeError
Attempt 2 failed:


Attempt 1 failed, retrying: MULTIPLE_CHOICE
Prompt: <mean median mode>- <difficulty-level: 2>

Generator class: SimpleQuestionGeneration

Attempt 2 failed:
Error type: AttributeErrorTraceback:
Generator class: SimpleQuestionGeneration

Error type: AttributeError
Error message: MULTIPLE_CHOICEError type: QuestionGenerationException

Error message: MULTIPLE_CHOICE
Attempt 2 failed:
Attempt 2 failed:Error message: Invalid prompt format: <unlocked _thread.lock object at 0x10c380d00>


Error type: AttributeError
Error message: MULTIPLE_CHOICEGenerator class: NumericEntryQuestionGeneration


Error message: MULTIPLE_CHOICEGenerator class: DataSufficiencyQuestionGeneration
Traceback:Error type: AttributeError
Error message: MULTIPLE_CHOICE  File "/Users/tanmaykumar/Desktop/QGen-py-compex/GRE/Mock.py", line 85, in generate_question_with_retry
    question_data = question_generator.generate_question()
                    ^^^^^^^^^^^^^^^^^^^^^^^^^^^^^^^^^^^^^^



Generator class: SimpleQuestionGeneration


Traceback:
Generator class: SimpleQuestionGenerationGenerator class: SimpleQuestionGeneration
Generator class: SimpleQuestionGeneration

Traceback:
Traceback:  File "/Users/tanmaykumar/Desktop/QGen-py-compex/GRE/Mock.py", line 85, in generate_question_with_retry
    question_data = question_generator.generate_question()
                    ^^^^^^^^^^^^^^^^^^^^^^^^^^^^^^^^^^^^^^
  File "/Users/tanmaykumar/Desktop/QGen-py-compex/GRE/Mock.py", line 85, in generate_question_with_retry
    question_data = question_generator.generate_question()
                    ^^^^^^^^^^^^^^^^^^^^^^^^^^^^^^^^^^^^^^

Traceback:  File "/Users/tanmaykumar/Desktop/QGen-py-compex/GRE/Quants/files/numericEntryQuestionGeneration.py", line 43, in generate_question
    simple_component = create_question_component(
                       ^^^^^^^^^^^^^^^^^^^^^^^^^^
Traceback:  File "/Users/tanmaykumar/Desktop/QGen-py-compex/GRE/Mock.py", line 85, in generate_question_with_retry
    question_data = question_generator.generate_question()
                    ^^^^^^^^^^^^^^^^^^^^^^^^^^^^^^^^^^^^^^
Traceback:
  File "/Users/tanmaykumar/Desktop/QGen-py-compex/GRE/Quants/files/simpleQuestionGeneration.py", line 35, in generate_question
    component = create_question_component(
                ^^^^^^^^^^^^^^^^^^^^^^^^^^

  File "/Users/tanmaykumar/Desktop/QGen-py-compex/GRE/Quants/files/simpleQuestionGeneration.py", line 35, in generate_question
    component = create_question_component(
                ^^^^^^^^^^^^^^^^^^^^^^^^^^
  File "/Users/tanmaykumar/Desktop/QGen-py-compex/core/components/question_components.py", line 1348, in create_question_component
    QuestionType.MULTIPLE_CHOICE: SimpleQuestion,
    ^^^^^^^^^^^^^^^^^^^^^^^^^^^^

  File "/Users/tanmaykumar/Desktop/QGen-py-compex/GRE/Mock.py", line 85, in generate_question_with_retry
    question_data = question_generator.generate_question()
                    ^^^^^^^^^^^^^^^^^^^^^^^^^^^^^^^^^^^^^^
  File "/Users/tanmaykumar/Desktop/QGen-py-compex/GRE/Mock.py", line 85, in generate_question_with_retry
    question_data = question_generator.generate_question()
                    ^^^^^^^^^^^^^^^^^^^^^^^^^^^^^^^^^^^^^^
  File "/Library/Frameworks/Python.framework/Versions/3.11/lib/python3.11/enum.py", line 786, in __getattr__
    raise AttributeError(name) from None
  File "/Users/tanmaykumar/Desktop/QGen-py-compex/GRE/Quants/files/simpleQuestionGeneration.py", line 35, in generate_question
    component = create_question_component(
                ^^^^^^^^^^^^^^^^^^^^^^^^^^
  File "/Users/tanmaykumar/Desktop/QGen-py-compex/core/components/question_components.py", line 1348, in create_question_component
    QuestionType.MULTIPLE_CHOICE: SimpleQuestion,
    ^^^^^^^^^^^^^^^^^^^^^^^^^^^^
  File "/Users/tanmaykumar/Desktop/QGen-py-compex/GRE/Quants/files/simpleQuestionGeneration.py", line 35, in generate_question
    component = create_question_component(
                ^^^^^^^^^^^^^^^^^^^^^^^^^^
  File "/Users/tanmaykumar/Desktop/QGen-py-compex/GRE/Quants/files/simpleQuestionGeneration.py", line 35, in generate_question
    component = create_question_component(
                ^^^^^^^^^^^^^^^^^^^^^^^^^^
  File "/Users/tanmaykumar/Desktop/QGen-py-compex/core/components/question_components.py", line 1348, in create_question_component
    QuestionType.MULTIPLE_CHOICE: SimpleQuestion,
    ^^^^^^^^^^^^^^^^^^^^^^^^^^^^
  File "/Users/tanmaykumar/Desktop/QGen-py-compex/core/components/question_components.py", line 1348, in create_question_component
    QuestionType.MULTIPLE_CHOICE: SimpleQuestion,
    ^^^^^^^^^^^^^^^^^^^^^^^^^^^^
  File "/Users/tanmaykumar/Desktop/QGen-py-compex/core/components/question_components.py", line 1348, in create_question_component
    QuestionType.MULTIPLE_CHOICE: SimpleQuestion,
    ^^^^^^^^^^^^^^^^^^^^^^^^^^^^

Attempt 2 failed, retrying: MULTIPLE_CHOICE
Prompt: <ratio and proportion>- <difficulty-level: 2>

  File "/Users/tanmaykumar/Desktop/QGen-py-compex/core/components/question_components.py", line 1348, in create_question_component
    QuestionType.MULTIPLE_CHOICE: SimpleQuestion,
    ^^^^^^^^^^^^^^^^^^^^^^^^^^^^
  File "/Library/Frameworks/Python.framework/Versions/3.11/lib/python3.11/enum.py", line 786, in __getattr__
    raise AttributeError(name) from None

Attempt 2 failed, retrying: MULTIPLE_CHOICE
Prompt: <linear inequalities>- <difficulty-level: 5>


  File "/Library/Frameworks/Python.framework/Versions/3.11/lib/python3.11/enum.py", line 786, in __getattr__
    raise AttributeError(name) from None
  File "/Users/tanmaykumar/Desktop/QGen-py-compex/GRE/Mock.py", line 85, in generate_question_with_retry
    question_data = question_generator.generate_question()
                    ^^^^^^^^^^^^^^^^^^^^^^^^^^^^^^^^^^^^^^


  File "/Library/Frameworks/Python.framework/Versions/3.11/lib/python3.11/enum.py", line 786, in __getattr__
    raise AttributeError(name) from None
  File "/Users/tanmaykumar/Desktop/QGen-py-compex/GRE/Quants/files/simpleQuestionGeneration.py", line 35, in generate_question
    component = create_question_component(
                ^^^^^^^^^^^^^^^^^^^^^^^^^^
  File "/Users/tanmaykumar/Desktop/QGen-py-compex/GRE/Mock.py", line 85, in generate_question_with_retry
    question_data = question_generator.generate_question()
                    ^^^^^^^^^^^^^^^^^^^^^^^^^^^^^^^^^^^^^^

Attempt 3 failed:  File "/Library/Frameworks/Python.framework/Versions/3.11/lib/python3.11/enum.py", line 786, in __getattr__
    raise AttributeError(name) from None

Attempt 2 failed, retrying: MULTIPLE_CHOICE
Prompt: <linear inequalities>- <difficulty-level: 4> (multi-correct MCQ)

  File "/Library/Frameworks/Python.framework/Versions/3.11/lib/python3.11/enum.py", line 786, in __getattr__
    raise AttributeError(name) from None


Attempt 3 failed:

Attempt 2 failed, retrying: MULTIPLE_CHOICE
Prompt: <profit, loss and discount>- <difficulty-level: 2> (multi-correct MCQ)




Attempt 2 failed, retrying: MULTIPLE_CHOICE
Prompt: <fractions/decimals and Unitary method>- <difficulty-level: 2>

  File "/Users/tanmaykumar/Desktop/QGen-py-compex/core/components/question_components.py", line 1348, in create_question_component
    QuestionType.MULTIPLE_CHOICE: SimpleQuestion,
    ^^^^^^^^^^^^^^^^^^^^^^^^^^^^
  File "/Users/tanmaykumar/Desktop/QGen-py-compex/GRE/Quants/files/dataSufficiencyQuestionGeneration.py", line 34, in generate_question
    base_component = DataSufficiencyQuestion(self.llm, self.system_instructions, self.global_state, self.prompt, self.lock)
                     ^^^^^^^^^^^^^^^^^^^^^^^^^^^^^^^^^^^^^^^^^^^^^^^^^^^^^^^^^^^^^^^^^^^^^^^^^^^^^^^^^^^^^^^^^^^^^^^^^^^^^^
Error type: AttributeError  File "/Library/Frameworks/Python.framework/Versions/3.11/lib/python3.11/enum.py", line 786, in __getattr__
    raise AttributeError(name) from None
  File "/Users/tanmaykumar/Desktop/QGen-py-compex/core/components/question_components.py", line 449, in __init__
    super().__init__(*args, **kwargs)



Attempt 2 failed, retrying: MULTIPLE_CHOICE
Prompt: <mean median mode>- <difficulty-level: 4>

  File "/Users/tanmaykumar/Desktop/QGen-py-compex/core/components/question_components.py", line 119, in __init__
    raise QuestionGenerationException(f"Invalid prompt format: {prompt}")

Attempt 3 failed:Error type: AttributeError
Attempt 3 failed:
Error message: MULTIPLE_CHOICE
Error message: MULTIPLE_CHOICE
Generator class: SimpleQuestionGeneration

Attempt 2 failed, retrying: Invalid prompt format: <unlocked _thread.lock object at 0x10c380d00>
Prompt: <geometry>- <difficulty-level: 4>



Error type: AttributeErrorTraceback:

Attempt 3 failed:Error type: AttributeError

Attempt 2 failed, retrying: MULTIPLE_CHOICE
Prompt: <mean median mode>- <difficulty-level: 2>




Error message: MULTIPLE_CHOICE



Attempt 3 failed:
Error type: AttributeError  File "/Users/tanmaykumar/Desktop/QGen-py-compex/GRE/Mock.py", line 85, in generate_question_with_retry
    question_data = question_generator.generate_question()
                    ^^^^^^^^^^^^^^^^^^^^^^^^^^^^^^^^^^^^^^

Attempt 3 failed:Error type: AttributeErrorGenerator class: NumericEntryQuestionGeneration
  File "/Users/tanmaykumar/Desktop/QGen-py-compex/GRE/Quants/files/simpleQuestionGeneration.py", line 35, in generate_question
    component = create_question_component(
                ^^^^^^^^^^^^^^^^^^^^^^^^^^

Error message: MULTIPLE_CHOICETraceback:

Error type: QuestionGenerationException

Attempt 3 failed:
Error type: AttributeError
Error message: MULTIPLE_CHOICE
Generator class: SimpleQuestionGenerationError message: Invalid prompt format: <unlocked _thread.lock object at 0x10c380d00>Generator class: SimpleQuestionGeneration
  File "/Users/tanmaykumar/Desktop/QGen-py-compex/core/components/question_components.py", line 1348, in create_question_component
    QuestionType.MULTIPLE_CHOICE: SimpleQuestion,
    ^^^^^^^^^^^^^^^^^^^^^^^^^^^^
Error message: MULTIPLE_CHOICE
Generator class: SimpleQuestionGeneration



  File "/Library/Frameworks/Python.framework/Versions/3.11/lib/python3.11/enum.py", line 786, in __getattr__
    raise AttributeError(name) from None

  File "/Users/tanmaykumar/Desktop/QGen-py-compex/GRE/Mock.py", line 85, in generate_question_with_retry
    question_data = question_generator.generate_question()
                    ^^^^^^^^^^^^^^^^^^^^^^^^^^^^^^^^^^^^^^
Traceback:
Error message: MULTIPLE_CHOICE
  File "/Users/tanmaykumar/Desktop/QGen-py-compex/GRE/Quants/files/numericEntryQuestionGeneration.py", line 43, in generate_question
    simple_component = create_question_component(
                       ^^^^^^^^^^^^^^^^^^^^^^^^^^
Traceback:
Failed after 3 attempts for:
Generator class: DataSufficiencyQuestionGenerationGenerator class: SimpleQuestionGeneration
  File "/Users/tanmaykumar/Desktop/QGen-py-compex/GRE/Mock.py", line 85, in generate_question_with_retry
    question_data = question_generator.generate_question()
                    ^^^^^^^^^^^^^^^^^^^^^^^^^^^^^^^^^^^^^^
  File "/Users/tanmaykumar/Desktop/QGen-py-compex/GRE/Quants/files/simpleQuestionGeneration.py", line 35, in generate_question
    component = create_question_component(
                ^^^^^^^^^^^^^^^^^^^^^^^^^^

Traceback:  File "/Users/tanmaykumar/Desktop/QGen-py-compex/core/components/question_components.py", line 1348, in create_question_component
    QuestionType.MULTIPLE_CHOICE: SimpleQuestion,
    ^^^^^^^^^^^^^^^^^^^^^^^^^^^^
Generator class: SimpleQuestionGenerationSection: GRE_Q  File "/Library/Frameworks/Python.framework/Versions/3.11/lib/python3.11/enum.py", line 786, in __getattr__
    raise AttributeError(name) from None


Traceback:

Generator: Q_S_gen

Failed after 3 attempts for:  File "/Users/tanmaykumar/Desktop/QGen-py-compex/GRE/Mock.py", line 85, in generate_question_with_retry
    question_data = question_generator.generate_question()
                    ^^^^^^^^^^^^^^^^^^^^^^^^^^^^^^^^^^^^^^
  File "/Users/tanmaykumar/Desktop/QGen-py-compex/GRE/Mock.py", line 85, in generate_question_with_retry
    question_data = question_generator.generate_question()
                    ^^^^^^^^^^^^^^^^^^^^^^^^^^^^^^^^^^^^^^
Prompt: <linear inequalities>- <difficulty-level: 5>Traceback:

Section: GRE_QTraceback:
  File "/Users/tanmaykumar/Desktop/QGen-py-compex/GRE/Mock.py", line 85, in generate_question_with_retry
    question_data = question_generator.generate_question()
                    ^^^^^^^^^^^^^^^^^^^^^^^^^^^^^^^^^^^^^^
  File "/Users/tanmaykumar/Desktop/QGen-py-compex/GRE/Quants/files/simpleQuestionGeneration.py", line 35, in generate_question
    component = create_question_component(
                ^^^^^^^^^^^^^^^^^^^^^^^^^^

Generator: Q_NE_gen  File "/Users/tanmaykumar/Desktop/QGen-py-compex/GRE/Mock.py", line 85, in generate_question_with_retry
    question_data = question_generator.generate_question()
                    ^^^^^^^^^^^^^^^^^^^^^^^^^^^^^^^^^^^^^^
  File "/Users/tanmaykumar/Desktop/QGen-py-compex/GRE/Quants/files/simpleQuestionGeneration.py", line 35, in generate_question
    component = create_question_component(
                ^^^^^^^^^^^^^^^^^^^^^^^^^^
  File "/Users/tanmaykumar/Desktop/QGen-py-compex/core/components/question_components.py", line 1348, in create_question_component
    QuestionType.MULTIPLE_CHOICE: SimpleQuestion,
    ^^^^^^^^^^^^^^^^^^^^^^^^^^^^
  File "/Users/tanmaykumar/Desktop/QGen-py-compex/GRE/Quants/files/simpleQuestionGeneration.py", line 35, in generate_question
    component = create_question_component(
                ^^^^^^^^^^^^^^^^^^^^^^^^^^

Prompt: <ratio and proportion>- <difficulty-level: 2>
  File "/Users/tanmaykumar/Desktop/QGen-py-compex/core/components/question_components.py", line 1348, in create_question_component
    QuestionType.MULTIPLE_CHOICE: SimpleQuestion,
    ^^^^^^^^^^^^^^^^^^^^^^^^^^^^
  File "/Library/Frameworks/Python.framework/Versions/3.11/lib/python3.11/enum.py", line 786, in __getattr__
    raise AttributeError(name) from None


  File "/Users/tanmaykumar/Desktop/QGen-py-compex/core/components/question_components.py", line 1348, in create_question_component
    QuestionType.MULTIPLE_CHOICE: SimpleQuestion,
    ^^^^^^^^^^^^^^^^^^^^^^^^^^^^

Failed after 3 attempts for:  File "/Users/tanmaykumar/Desktop/QGen-py-compex/GRE/Mock.py", line 85, in generate_question_with_retry
    question_data = question_generator.generate_question()
                    ^^^^^^^^^^^^^^^^^^^^^^^^^^^^^^^^^^^^^^
  File "/Library/Frameworks/Python.framework/Versions/3.11/lib/python3.11/enum.py", line 786, in __getattr__
    raise AttributeError(name) from None
  File "/Users/tanmaykumar/Desktop/QGen-py-compex/GRE/Quants/files/dataSufficiencyQuestionGeneration.py", line 34, in generate_question
    base_component = DataSufficiencyQuestion(self.llm, self.system_instructions, self.global_state, self.prompt, self.lock)
                     ^^^^^^^^^^^^^^^^^^^^^^^^^^^^^^^^^^^^^^^^^^^^^^^^^^^^^^^^^^^^^^^^^^^^^^^^^^^^^^^^^^^^^^^^^^^^^^^^^^^^^^
  File "/Library/Frameworks/Python.framework/Versions/3.11/lib/python3.11/enum.py", line 786, in __getattr__
    raise AttributeError(name) from None
  File "/Users/tanmaykumar/Desktop/QGen-py-compex/core/components/question_components.py", line 1348, in create_question_component
    QuestionType.MULTIPLE_CHOICE: SimpleQuestion,
    ^^^^^^^^^^^^^^^^^^^^^^^^^^^^
  File "/Users/tanmaykumar/Desktop/QGen-py-compex/core/components/question_components.py", line 449, in __init__
    super().__init__(*args, **kwargs)
  File "/Users/tanmaykumar/Desktop/QGen-py-compex/GRE/Quants/files/simpleQuestionGeneration.py", line 35, in generate_question
    component = create_question_component(
                ^^^^^^^^^^^^^^^^^^^^^^^^^^


Failed after 3 attempts for:
Failed after 3 attempts for:  File "/Library/Frameworks/Python.framework/Versions/3.11/lib/python3.11/enum.py", line 786, in __getattr__
    raise AttributeError(name) from None
Section: GRE_Q


Failed after 3 attempts for:  File "/Users/tanmaykumar/Desktop/QGen-py-compex/core/components/question_components.py", line 119, in __init__
    raise QuestionGenerationException(f"Invalid prompt format: {prompt}")
Section: GRE_Q


Generator: Q_S_gen
Section: GRE_Q
Failed after 3 attempts for:
Section: GRE_QGenerator: Q_S_genSection: GRE_Q
Prompt: <linear inequalities>- <difficulty-level: 4> (multi-correct MCQ)  File "/Users/tanmaykumar/Desktop/QGen-py-compex/core/components/question_components.py", line 1348, in create_question_component
    QuestionType.MULTIPLE_CHOICE: SimpleQuestion,
    ^^^^^^^^^^^^^^^^^^^^^^^^^^^^


Prompt: <mean median mode>- <difficulty-level: 4>
  File "/Library/Frameworks/Python.framework/Versions/3.11/lib/python3.11/enum.py", line 786, in __getattr__
    raise AttributeError(name) from None

Generator: Q_S_genGenerator: Q_S_gen

Failed after 3 attempts for:

Section: GRE_Q
Generator: Q_DS_genPrompt: <fractions/decimals and Unitary method>- <difficulty-level: 2>Prompt: <profit, loss and discount>- <difficulty-level: 2> (multi-correct MCQ)


Generator: Q_S_gen

Prompt: <mean median mode>- <difficulty-level: 2>
Prompt: <geometry>- <difficulty-level: 4>
Task execution failed: object of type 'NoneType' has no len()
Task execution failed: object of type 'NoneType' has no len()
Task execution failed: object of type 'NoneType' has no len()
Task execution failed: object of type 'NoneType' has no len()
Task execution failed: object of type 'NoneType' has no len()
Task execution failed: object of type 'NoneType' has no len()
Task execution failed: object of type 'NoneType' has no len()
Task execution failed: object of type 'NoneType' has no len()

Attempt 1 failed:

Attempt 1 failed:
Attempt 1 failed:Error type: QuestionGenerationException

Attempt 1 failed:
Attempt 1 failed:

Attempt 1 failed:
Attempt 1 failed:Error type: AttributeError

Error message: Invalid prompt format: <unlocked _thread.lock object at 0x10c381d40>

Error message: MULTIPLE_CHOICE

Error type: AttributeErrorError type: QuestionGenerationException
Error type: QuestionGenerationExceptionError type: QuestionGenerationException
Error type: AttributeError


Attempt 1 failed:
Generator class: SimpleQuestionGeneration
Generator class: ParentChildQuestionGenerationError message: MULTIPLE_CHOICEError message: Invalid prompt format: <unlocked _thread.lock object at 0x10c381600>Error message: Invalid prompt format: <unlocked _thread.lock object at 0x10c380d00>

Error message: Invalid prompt format: <unlocked _thread.lock object at 0x10c383dc0>


Error message: MULTIPLE_CHOICE
Error type: AttributeError

Generator class: DataSufficiencyQuestionGeneration
Error message: MULTIPLE_CHOICE
Generator class: ParentChildQuestionGeneration
Traceback:Generator class: DataSufficiencyQuestionGenerationTraceback:Traceback:

Traceback:


Generator class: SimpleQuestionGeneration
Generator class: SimpleQuestionGeneration  File "/Users/tanmaykumar/Desktop/QGen-py-compex/GRE/Mock.py", line 85, in generate_question_with_retry
    question_data = question_generator.generate_question()
                    ^^^^^^^^^^^^^^^^^^^^^^^^^^^^^^^^^^^^^^
  File "/Users/tanmaykumar/Desktop/QGen-py-compex/GRE/Mock.py", line 85, in generate_question_with_retry
    question_data = question_generator.generate_question()
                    ^^^^^^^^^^^^^^^^^^^^^^^^^^^^^^^^^^^^^^
  File "/Users/tanmaykumar/Desktop/QGen-py-compex/GRE/Quants/files/parentChildQuestionGeneration.py", line 43, in generate_question
    base_component = ParentChildQuestion(
                     ^^^^^^^^^^^^^^^^^^^^


Generator class: SimpleQuestionGeneration
Traceback:
  File "/Users/tanmaykumar/Desktop/QGen-py-compex/GRE/Mock.py", line 85, in generate_question_with_retry
    question_data = question_generator.generate_question()
                    ^^^^^^^^^^^^^^^^^^^^^^^^^^^^^^^^^^^^^^
  File "/Users/tanmaykumar/Desktop/QGen-py-compex/core/components/question_components.py", line 620, in __init__
    super().__init__(*args, **kwargs)

Traceback:  File "/Users/tanmaykumar/Desktop/QGen-py-compex/GRE/Quants/files/parentChildQuestionGeneration.py", line 43, in generate_question
    base_component = ParentChildQuestion(
                     ^^^^^^^^^^^^^^^^^^^^
  File "/Users/tanmaykumar/Desktop/QGen-py-compex/core/components/question_components.py", line 620, in __init__
    super().__init__(*args, **kwargs)
  File "/Users/tanmaykumar/Desktop/QGen-py-compex/GRE/Mock.py", line 85, in generate_question_with_retry
    question_data = question_generator.generate_question()
                    ^^^^^^^^^^^^^^^^^^^^^^^^^^^^^^^^^^^^^^

  File "/Users/tanmaykumar/Desktop/QGen-py-compex/GRE/Quants/files/simpleQuestionGeneration.py", line 35, in generate_question
    component = create_question_component(
                ^^^^^^^^^^^^^^^^^^^^^^^^^^
  File "/Users/tanmaykumar/Desktop/QGen-py-compex/core/components/question_components.py", line 119, in __init__
    raise QuestionGenerationException(f"Invalid prompt format: {prompt}")
  File "/Users/tanmaykumar/Desktop/QGen-py-compex/GRE/Quants/files/simpleQuestionGeneration.py", line 35, in generate_question
    component = create_question_component(
                ^^^^^^^^^^^^^^^^^^^^^^^^^^
Traceback:  File "/Users/tanmaykumar/Desktop/QGen-py-compex/GRE/Mock.py", line 85, in generate_question_with_retry
    question_data = question_generator.generate_question()
                    ^^^^^^^^^^^^^^^^^^^^^^^^^^^^^^^^^^^^^^
  File "/Users/tanmaykumar/Desktop/QGen-py-compex/GRE/Quants/files/simpleQuestionGeneration.py", line 35, in generate_question
    component = create_question_component(
                ^^^^^^^^^^^^^^^^^^^^^^^^^^
  File "/Users/tanmaykumar/Desktop/QGen-py-compex/core/components/question_components.py", line 1348, in create_question_component
    QuestionType.MULTIPLE_CHOICE: SimpleQuestion,
    ^^^^^^^^^^^^^^^^^^^^^^^^^^^^
  File "/Library/Frameworks/Python.framework/Versions/3.11/lib/python3.11/enum.py", line 786, in __getattr__
    raise AttributeError(name) from None
  File "/Users/tanmaykumar/Desktop/QGen-py-compex/GRE/Mock.py", line 85, in generate_question_with_retry
    question_data = question_generator.generate_question()
                    ^^^^^^^^^^^^^^^^^^^^^^^^^^^^^^^^^^^^^^
Traceback:  File "/Users/tanmaykumar/Desktop/QGen-py-compex/core/components/question_components.py", line 1348, in create_question_component
    QuestionType.MULTIPLE_CHOICE: SimpleQuestion,
    ^^^^^^^^^^^^^^^^^^^^^^^^^^^^

Attempt 1 failed, retrying: MULTIPLE_CHOICE
Prompt: <integer properties>- <difficulty-level: 1>



  File "/Users/tanmaykumar/Desktop/QGen-py-compex/GRE/Quants/files/dataSufficiencyQuestionGeneration.py", line 34, in generate_question
    base_component = DataSufficiencyQuestion(self.llm, self.system_instructions, self.global_state, self.prompt, self.lock)
                     ^^^^^^^^^^^^^^^^^^^^^^^^^^^^^^^^^^^^^^^^^^^^^^^^^^^^^^^^^^^^^^^^^^^^^^^^^^^^^^^^^^^^^^^^^^^^^^^^^^^^^^
  File "/Users/tanmaykumar/Desktop/QGen-py-compex/core/components/question_components.py", line 1348, in create_question_component
    QuestionType.MULTIPLE_CHOICE: SimpleQuestion,
    ^^^^^^^^^^^^^^^^^^^^^^^^^^^^


Attempt 1 failed, retrying: Invalid prompt format: <unlocked _thread.lock object at 0x10c381d40>
Prompt: parent_child-2:- <profit, loss and discount> - <Pivot Table> - <Human Resources>- <difficulty-level: 3>

  File "/Users/tanmaykumar/Desktop/QGen-py-compex/core/components/question_components.py", line 119, in __init__
    raise QuestionGenerationException(f"Invalid prompt format: {prompt}")
  File "/Users/tanmaykumar/Desktop/QGen-py-compex/GRE/Mock.py", line 85, in generate_question_with_retry
    question_data = question_generator.generate_question()
                    ^^^^^^^^^^^^^^^^^^^^^^^^^^^^^^^^^^^^^^
  File "/Library/Frameworks/Python.framework/Versions/3.11/lib/python3.11/enum.py", line 786, in __getattr__
    raise AttributeError(name) from None
  File "/Users/tanmaykumar/Desktop/QGen-py-compex/core/components/question_components.py", line 449, in __init__
    super().__init__(*args, **kwargs)

Attempt 1 failed, retrying: Invalid prompt format: <unlocked _thread.lock object at 0x10c380d00>
Prompt: parent_child-2:- <data analytics> - <Bar Graph> - <Human Resources>- <difficulty-level: 4>

  File "/Users/tanmaykumar/Desktop/QGen-py-compex/GRE/Mock.py", line 85, in generate_question_with_retry
    question_data = question_generator.generate_question()
                    ^^^^^^^^^^^^^^^^^^^^^^^^^^^^^^^^^^^^^^
  File "/Library/Frameworks/Python.framework/Versions/3.11/lib/python3.11/enum.py", line 786, in __getattr__
    raise AttributeError(name) from None

Attempt 1 failed, retrying: MULTIPLE_CHOICE
Prompt: <properties of shapes>- <difficulty-level: 2>

  File "/Users/tanmaykumar/Desktop/QGen-py-compex/GRE/Quants/files/simpleQuestionGeneration.py", line 35, in generate_question
    component = create_question_component(
                ^^^^^^^^^^^^^^^^^^^^^^^^^^


  File "/Users/tanmaykumar/Desktop/QGen-py-compex/GRE/Quants/files/dataSufficiencyQuestionGeneration.py", line 34, in generate_question
    base_component = DataSufficiencyQuestion(self.llm, self.system_instructions, self.global_state, self.prompt, self.lock)
                     ^^^^^^^^^^^^^^^^^^^^^^^^^^^^^^^^^^^^^^^^^^^^^^^^^^^^^^^^^^^^^^^^^^^^^^^^^^^^^^^^^^^^^^^^^^^^^^^^^^^^^^

Attempt 1 failed, retrying: MULTIPLE_CHOICE
Prompt: <probability>- <difficulty-level: 4>


Attempt 2 failed:  File "/Users/tanmaykumar/Desktop/QGen-py-compex/core/components/question_components.py", line 449, in __init__
    super().__init__(*args, **kwargs)


  File "/Users/tanmaykumar/Desktop/QGen-py-compex/core/components/question_components.py", line 119, in __init__
    raise QuestionGenerationException(f"Invalid prompt format: {prompt}")
  File "/Users/tanmaykumar/Desktop/QGen-py-compex/core/components/question_components.py", line 1348, in create_question_component
    QuestionType.MULTIPLE_CHOICE: SimpleQuestion,
    ^^^^^^^^^^^^^^^^^^^^^^^^^^^^
Error type: AttributeError

Attempt 2 failed:  File "/Library/Frameworks/Python.framework/Versions/3.11/lib/python3.11/enum.py", line 786, in __getattr__
    raise AttributeError(name) from None
  File "/Users/tanmaykumar/Desktop/QGen-py-compex/core/components/question_components.py", line 119, in __init__
    raise QuestionGenerationException(f"Invalid prompt format: {prompt}")

Attempt 2 failed:
Error message: MULTIPLE_CHOICE
Attempt 1 failed, retrying: Invalid prompt format: <unlocked _thread.lock object at 0x10c381600>
Prompt: <profit, loss and discount>- <difficulty-level: 3>


Attempt 2 failed:

Error type: AttributeError
Error message: MULTIPLE_CHOICE
Error type: QuestionGenerationException
Attempt 1 failed, retrying: MULTIPLE_CHOICE
Prompt: <work and time>- <difficulty-level: 3> (multi-correct MCQ)



Generator class: SimpleQuestionGeneration
Generator class: SimpleQuestionGeneration
Error type: QuestionGenerationExceptionError message: Invalid prompt format: <unlocked _thread.lock object at 0x10c381d40>
Traceback:
Attempt 2 failed:

Generator class: ParentChildQuestionGeneration
Attempt 1 failed, retrying: Invalid prompt format: <unlocked _thread.lock object at 0x10c383dc0>
Prompt: <ratio and proportion>- <difficulty-level: 2>

Error type: AttributeError



  File "/Users/tanmaykumar/Desktop/QGen-py-compex/GRE/Mock.py", line 85, in generate_question_with_retry
    question_data = question_generator.generate_question()
                    ^^^^^^^^^^^^^^^^^^^^^^^^^^^^^^^^^^^^^^
Traceback:
Error message: Invalid prompt format: <unlocked _thread.lock object at 0x10c380d00>
Attempt 2 failed:

Attempt 2 failed:
  File "/Users/tanmaykumar/Desktop/QGen-py-compex/GRE/Quants/files/simpleQuestionGeneration.py", line 35, in generate_question
    component = create_question_component(
                ^^^^^^^^^^^^^^^^^^^^^^^^^^
Error type: QuestionGenerationException

Error message: MULTIPLE_CHOICE
  File "/Users/tanmaykumar/Desktop/QGen-py-compex/core/components/question_components.py", line 1348, in create_question_component
    QuestionType.MULTIPLE_CHOICE: SimpleQuestion,
    ^^^^^^^^^^^^^^^^^^^^^^^^^^^^
Error type: AttributeError
Error message: Invalid prompt format: <unlocked _thread.lock object at 0x10c381600>

Traceback:  File "/Users/tanmaykumar/Desktop/QGen-py-compex/GRE/Mock.py", line 85, in generate_question_with_retry
    question_data = question_generator.generate_question()
                    ^^^^^^^^^^^^^^^^^^^^^^^^^^^^^^^^^^^^^^
  File "/Users/tanmaykumar/Desktop/QGen-py-compex/GRE/Quants/files/parentChildQuestionGeneration.py", line 43, in generate_question
    base_component = ParentChildQuestion(
                     ^^^^^^^^^^^^^^^^^^^^
Generator class: SimpleQuestionGeneration

Attempt 2 failed:

Generator class: DataSufficiencyQuestionGenerationError type: QuestionGenerationException  File "/Library/Frameworks/Python.framework/Versions/3.11/lib/python3.11/enum.py", line 786, in __getattr__
    raise AttributeError(name) from None

Error message: MULTIPLE_CHOICE  File "/Users/tanmaykumar/Desktop/QGen-py-compex/core/components/question_components.py", line 620, in __init__
    super().__init__(*args, **kwargs)
Traceback:Traceback:

  File "/Users/tanmaykumar/Desktop/QGen-py-compex/core/components/question_components.py", line 119, in __init__
    raise QuestionGenerationException(f"Invalid prompt format: {prompt}")

  File "/Users/tanmaykumar/Desktop/QGen-py-compex/GRE/Mock.py", line 85, in generate_question_with_retry
    question_data = question_generator.generate_question()
                    ^^^^^^^^^^^^^^^^^^^^^^^^^^^^^^^^^^^^^^
  File "/Users/tanmaykumar/Desktop/QGen-py-compex/GRE/Mock.py", line 85, in generate_question_with_retry
    question_data = question_generator.generate_question()
                    ^^^^^^^^^^^^^^^^^^^^^^^^^^^^^^^^^^^^^^


Attempt 2 failed, retrying: Invalid prompt format: <unlocked _thread.lock object at 0x10c381d40>
Prompt: parent_child-2:- <profit, loss and discount> - <Pivot Table> - <Human Resources>- <difficulty-level: 3>


  File "/Users/tanmaykumar/Desktop/QGen-py-compex/GRE/Quants/files/simpleQuestionGeneration.py", line 35, in generate_question
    component = create_question_component(
                ^^^^^^^^^^^^^^^^^^^^^^^^^^
  File "/Users/tanmaykumar/Desktop/QGen-py-compex/GRE/Quants/files/dataSufficiencyQuestionGeneration.py", line 34, in generate_question
    base_component = DataSufficiencyQuestion(self.llm, self.system_instructions, self.global_state, self.prompt, self.lock)
                     ^^^^^^^^^^^^^^^^^^^^^^^^^^^^^^^^^^^^^^^^^^^^^^^^^^^^^^^^^^^^^^^^^^^^^^^^^^^^^^^^^^^^^^^^^^^^^^^^^^^^^^

Error message: Invalid prompt format: <unlocked _thread.lock object at 0x10c383dc0>Generator class: ParentChildQuestionGeneration  File "/Users/tanmaykumar/Desktop/QGen-py-compex/core/components/question_components.py", line 449, in __init__
    super().__init__(*args, **kwargs)


Generator class: DataSufficiencyQuestionGeneration  File "/Users/tanmaykumar/Desktop/QGen-py-compex/core/components/question_components.py", line 1348, in create_question_component
    QuestionType.MULTIPLE_CHOICE: SimpleQuestion,
    ^^^^^^^^^^^^^^^^^^^^^^^^^^^^

Traceback:  File "/Users/tanmaykumar/Desktop/QGen-py-compex/core/components/question_components.py", line 119, in __init__
    raise QuestionGenerationException(f"Invalid prompt format: {prompt}")

Attempt 3 failed:

Attempt 2 failed, retrying: Invalid prompt format: <unlocked _thread.lock object at 0x10c381600>
Prompt: <profit, loss and discount>- <difficulty-level: 3>


  File "/Users/tanmaykumar/Desktop/QGen-py-compex/GRE/Mock.py", line 85, in generate_question_with_retry
    question_data = question_generator.generate_question()
                    ^^^^^^^^^^^^^^^^^^^^^^^^^^^^^^^^^^^^^^
Error type: QuestionGenerationException
  File "/Library/Frameworks/Python.framework/Versions/3.11/lib/python3.11/enum.py", line 786, in __getattr__
    raise AttributeError(name) from None
  File "/Users/tanmaykumar/Desktop/QGen-py-compex/GRE/Quants/files/simpleQuestionGeneration.py", line 35, in generate_question
    component = create_question_component(
                ^^^^^^^^^^^^^^^^^^^^^^^^^^
  File "/Users/tanmaykumar/Desktop/QGen-py-compex/core/components/question_components.py", line 1348, in create_question_component
    QuestionType.MULTIPLE_CHOICE: SimpleQuestion,
    ^^^^^^^^^^^^^^^^^^^^^^^^^^^^

Traceback:
Attempt 2 failed, retrying: MULTIPLE_CHOICE
Prompt: <integer properties>- <difficulty-level: 1>



Attempt 2 failed, retrying: MULTIPLE_CHOICE
Prompt: <properties of shapes>- <difficulty-level: 2>


Attempt 3 failed:
Generator class: SimpleQuestionGeneration

Error type: QuestionGenerationException

  File "/Users/tanmaykumar/Desktop/QGen-py-compex/GRE/Mock.py", line 85, in generate_question_with_retry
    question_data = question_generator.generate_question()
                    ^^^^^^^^^^^^^^^^^^^^^^^^^^^^^^^^^^^^^^

Traceback:  File "/Library/Frameworks/Python.framework/Versions/3.11/lib/python3.11/enum.py", line 786, in __getattr__
    raise AttributeError(name) from None
  File "/Users/tanmaykumar/Desktop/QGen-py-compex/GRE/Quants/files/dataSufficiencyQuestionGeneration.py", line 34, in generate_question
    base_component = DataSufficiencyQuestion(self.llm, self.system_instructions, self.global_state, self.prompt, self.lock)
                     ^^^^^^^^^^^^^^^^^^^^^^^^^^^^^^^^^^^^^^^^^^^^^^^^^^^^^^^^^^^^^^^^^^^^^^^^^^^^^^^^^^^^^^^^^^^^^^^^^^^^^^
  File "/Users/tanmaykumar/Desktop/QGen-py-compex/GRE/Mock.py", line 85, in generate_question_with_retry
    question_data = question_generator.generate_question()
                    ^^^^^^^^^^^^^^^^^^^^^^^^^^^^^^^^^^^^^^
Error message: Invalid prompt format: <unlocked _thread.lock object at 0x10c381d40>

Attempt 3 failed:
Error message: Invalid prompt format: <unlocked _thread.lock object at 0x10c381600>
  File "/Users/tanmaykumar/Desktop/QGen-py-compex/GRE/Mock.py", line 85, in generate_question_with_retry
    question_data = question_generator.generate_question()
                    ^^^^^^^^^^^^^^^^^^^^^^^^^^^^^^^^^^^^^^
  File "/Users/tanmaykumar/Desktop/QGen-py-compex/GRE/Quants/files/parentChildQuestionGeneration.py", line 43, in generate_question
    base_component = ParentChildQuestion(
                     ^^^^^^^^^^^^^^^^^^^^

Attempt 3 failed:Error type: AttributeError  File "/Users/tanmaykumar/Desktop/QGen-py-compex/GRE/Quants/files/simpleQuestionGeneration.py", line 35, in generate_question
    component = create_question_component(
                ^^^^^^^^^^^^^^^^^^^^^^^^^^

Attempt 2 failed, retrying: MULTIPLE_CHOICE
Prompt: <probability>- <difficulty-level: 4>

  File "/Users/tanmaykumar/Desktop/QGen-py-compex/core/components/question_components.py", line 620, in __init__
    super().__init__(*args, **kwargs)
  File "/Users/tanmaykumar/Desktop/QGen-py-compex/core/components/question_components.py", line 119, in __init__
    raise QuestionGenerationException(f"Invalid prompt format: {prompt}")
  File "/Users/tanmaykumar/Desktop/QGen-py-compex/core/components/question_components.py", line 449, in __init__
    super().__init__(*args, **kwargs)


Generator class: ParentChildQuestionGeneration

Attempt 2 failed, retrying: Invalid prompt format: <unlocked _thread.lock object at 0x10c380d00>
Prompt: parent_child-2:- <data analytics> - <Bar Graph> - <Human Resources>- <difficulty-level: 4>

Error message: MULTIPLE_CHOICE

Generator class: DataSufficiencyQuestionGeneration  File "/Users/tanmaykumar/Desktop/QGen-py-compex/core/components/question_components.py", line 1348, in create_question_component
    QuestionType.MULTIPLE_CHOICE: SimpleQuestion,
    ^^^^^^^^^^^^^^^^^^^^^^^^^^^^

Traceback:
  File "/Library/Frameworks/Python.framework/Versions/3.11/lib/python3.11/enum.py", line 786, in __getattr__
    raise AttributeError(name) from None
Generator class: SimpleQuestionGenerationError type: AttributeError  File "/Users/tanmaykumar/Desktop/QGen-py-compex/core/components/question_components.py", line 119, in __init__
    raise QuestionGenerationException(f"Invalid prompt format: {prompt}")

Attempt 2 failed, retrying: Invalid prompt format: <unlocked _thread.lock object at 0x10c383dc0>
Prompt: <ratio and proportion>- <difficulty-level: 2>





Error message: MULTIPLE_CHOICE
  File "/Users/tanmaykumar/Desktop/QGen-py-compex/GRE/Mock.py", line 85, in generate_question_with_retry
    question_data = question_generator.generate_question()
                    ^^^^^^^^^^^^^^^^^^^^^^^^^^^^^^^^^^^^^^
  File "/Users/tanmaykumar/Desktop/QGen-py-compex/GRE/Quants/files/parentChildQuestionGeneration.py", line 43, in generate_question
    base_component = ParentChildQuestion(
                     ^^^^^^^^^^^^^^^^^^^^

Attempt 2 failed, retrying: MULTIPLE_CHOICE
Prompt: <work and time>- <difficulty-level: 3> (multi-correct MCQ)



Attempt 3 failed:
Attempt 3 failed:
  File "/Users/tanmaykumar/Desktop/QGen-py-compex/core/components/question_components.py", line 620, in __init__
    super().__init__(*args, **kwargs)
Traceback:
Generator class: SimpleQuestionGeneration

Attempt 3 failed:Error type: AttributeError  File "/Users/tanmaykumar/Desktop/QGen-py-compex/GRE/Mock.py", line 85, in generate_question_with_retry
    question_data = question_generator.generate_question()
                    ^^^^^^^^^^^^^^^^^^^^^^^^^^^^^^^^^^^^^^
Traceback:

  File "/Users/tanmaykumar/Desktop/QGen-py-compex/GRE/Quants/files/simpleQuestionGeneration.py", line 35, in generate_question
    component = create_question_component(
                ^^^^^^^^^^^^^^^^^^^^^^^^^^

Traceback:Error type: QuestionGenerationException
  File "/Users/tanmaykumar/Desktop/QGen-py-compex/GRE/Mock.py", line 85, in generate_question_with_retry
    question_data = question_generator.generate_question()
                    ^^^^^^^^^^^^^^^^^^^^^^^^^^^^^^^^^^^^^^


Error type: QuestionGenerationException
  File "/Users/tanmaykumar/Desktop/QGen-py-compex/core/components/question_components.py", line 1348, in create_question_component
    QuestionType.MULTIPLE_CHOICE: SimpleQuestion,
    ^^^^^^^^^^^^^^^^^^^^^^^^^^^^
Error message: MULTIPLE_CHOICE
  File "/Users/tanmaykumar/Desktop/QGen-py-compex/GRE/Quants/files/dataSufficiencyQuestionGeneration.py", line 34, in generate_question
    base_component = DataSufficiencyQuestion(self.llm, self.system_instructions, self.global_state, self.prompt, self.lock)
                     ^^^^^^^^^^^^^^^^^^^^^^^^^^^^^^^^^^^^^^^^^^^^^^^^^^^^^^^^^^^^^^^^^^^^^^^^^^^^^^^^^^^^^^^^^^^^^^^^^^^^^^
  File "/Users/tanmaykumar/Desktop/QGen-py-compex/GRE/Mock.py", line 85, in generate_question_with_retry
    question_data = question_generator.generate_question()
                    ^^^^^^^^^^^^^^^^^^^^^^^^^^^^^^^^^^^^^^
Error message: Invalid prompt format: <unlocked _thread.lock object at 0x10c383dc0>
  File "/Users/tanmaykumar/Desktop/QGen-py-compex/core/components/question_components.py", line 449, in __init__
    super().__init__(*args, **kwargs)
  File "/Users/tanmaykumar/Desktop/QGen-py-compex/core/components/question_components.py", line 119, in __init__
    raise QuestionGenerationException(f"Invalid prompt format: {prompt}")
  File "/Library/Frameworks/Python.framework/Versions/3.11/lib/python3.11/enum.py", line 786, in __getattr__
    raise AttributeError(name) from None
Generator class: SimpleQuestionGeneration  File "/Users/tanmaykumar/Desktop/QGen-py-compex/GRE/Quants/files/simpleQuestionGeneration.py", line 35, in generate_question
    component = create_question_component(
                ^^^^^^^^^^^^^^^^^^^^^^^^^^

Error message: Invalid prompt format: <unlocked _thread.lock object at 0x10c380d00>
Generator class: ParentChildQuestionGeneration

Attempt 3 failed:Generator class: DataSufficiencyQuestionGeneration
Failed after 3 attempts for:
Traceback:

Traceback:

Error type: AttributeError

  File "/Users/tanmaykumar/Desktop/QGen-py-compex/core/components/question_components.py", line 119, in __init__
    raise QuestionGenerationException(f"Invalid prompt format: {prompt}")
Traceback:
Error message: MULTIPLE_CHOICE
Generator class: SimpleQuestionGeneration  File "/Users/tanmaykumar/Desktop/QGen-py-compex/core/components/question_components.py", line 1348, in create_question_component
    QuestionType.MULTIPLE_CHOICE: SimpleQuestion,
    ^^^^^^^^^^^^^^^^^^^^^^^^^^^^
  File "/Users/tanmaykumar/Desktop/QGen-py-compex/GRE/Mock.py", line 85, in generate_question_with_retry
    question_data = question_generator.generate_question()
                    ^^^^^^^^^^^^^^^^^^^^^^^^^^^^^^^^^^^^^^
  File "/Users/tanmaykumar/Desktop/QGen-py-compex/GRE/Mock.py", line 85, in generate_question_with_retry
    question_data = question_generator.generate_question()
                    ^^^^^^^^^^^^^^^^^^^^^^^^^^^^^^^^^^^^^^
  File "/Users/tanmaykumar/Desktop/QGen-py-compex/GRE/Mock.py", line 85, in generate_question_with_retry
    question_data = question_generator.generate_question()
                    ^^^^^^^^^^^^^^^^^^^^^^^^^^^^^^^^^^^^^^


Failed after 3 attempts for:
Section: GRE_Q
Traceback:Section: GRE_Q  File "/Users/tanmaykumar/Desktop/QGen-py-compex/GRE/Quants/files/dataSufficiencyQuestionGeneration.py", line 34, in generate_question
    base_component = DataSufficiencyQuestion(self.llm, self.system_instructions, self.global_state, self.prompt, self.lock)
                     ^^^^^^^^^^^^^^^^^^^^^^^^^^^^^^^^^^^^^^^^^^^^^^^^^^^^^^^^^^^^^^^^^^^^^^^^^^^^^^^^^^^^^^^^^^^^^^^^^^^^^^
  File "/Users/tanmaykumar/Desktop/QGen-py-compex/GRE/Quants/files/parentChildQuestionGeneration.py", line 43, in generate_question
    base_component = ParentChildQuestion(
                     ^^^^^^^^^^^^^^^^^^^^

  File "/Library/Frameworks/Python.framework/Versions/3.11/lib/python3.11/enum.py", line 786, in __getattr__
    raise AttributeError(name) from None

Failed after 3 attempts for:
  File "/Users/tanmaykumar/Desktop/QGen-py-compex/GRE/Quants/files/simpleQuestionGeneration.py", line 35, in generate_question
    component = create_question_component(
                ^^^^^^^^^^^^^^^^^^^^^^^^^^
Generator: Q_DS_genGenerator: Q_S_gen
  File "/Users/tanmaykumar/Desktop/QGen-py-compex/core/components/question_components.py", line 1348, in create_question_component
    QuestionType.MULTIPLE_CHOICE: SimpleQuestion,
    ^^^^^^^^^^^^^^^^^^^^^^^^^^^^

Failed after 3 attempts for:  File "/Users/tanmaykumar/Desktop/QGen-py-compex/core/components/question_components.py", line 449, in __init__
    super().__init__(*args, **kwargs)


Prompt: <profit, loss and discount>- <difficulty-level: 3>  File "/Users/tanmaykumar/Desktop/QGen-py-compex/core/components/question_components.py", line 119, in __init__
    raise QuestionGenerationException(f"Invalid prompt format: {prompt}")
  File "/Users/tanmaykumar/Desktop/QGen-py-compex/GRE/Mock.py", line 85, in generate_question_with_retry
    question_data = question_generator.generate_question()
                    ^^^^^^^^^^^^^^^^^^^^^^^^^^^^^^^^^^^^^^
Section: GRE_Q
  File "/Users/tanmaykumar/Desktop/QGen-py-compex/core/components/question_components.py", line 620, in __init__
    super().__init__(*args, **kwargs)
Prompt: <properties of shapes>- <difficulty-level: 2>
Section: GRE_Q
Failed after 3 attempts for:  File "/Users/tanmaykumar/Desktop/QGen-py-compex/core/components/question_components.py", line 119, in __init__
    raise QuestionGenerationException(f"Invalid prompt format: {prompt}")

  File "/Library/Frameworks/Python.framework/Versions/3.11/lib/python3.11/enum.py", line 786, in __getattr__
    raise AttributeError(name) from None
  File "/Users/tanmaykumar/Desktop/QGen-py-compex/GRE/Quants/files/simpleQuestionGeneration.py", line 35, in generate_question
    component = create_question_component(
                ^^^^^^^^^^^^^^^^^^^^^^^^^^
  File "/Users/tanmaykumar/Desktop/QGen-py-compex/core/components/question_components.py", line 1348, in create_question_component
    QuestionType.MULTIPLE_CHOICE: SimpleQuestion,
    ^^^^^^^^^^^^^^^^^^^^^^^^^^^^


Failed after 3 attempts for:
Section: GRE_Q

Generator: Q_S_genGenerator: Q_PC_gen
Generator: Q_S_gen
Prompt: <integer properties>- <difficulty-level: 1>

Failed after 3 attempts for:
Section: GRE_Q
  File "/Library/Frameworks/Python.framework/Versions/3.11/lib/python3.11/enum.py", line 786, in __getattr__
    raise AttributeError(name) from None

Prompt: <probability>- <difficulty-level: 4>Prompt: parent_child-2:- <profit, loss and discount> - <Pivot Table> - <Human Resources>- <difficulty-level: 3>
Section: GRE_Q

Generator: Q_DS_gen
Failed after 3 attempts for:
Section: GRE_Q
Generator: Q_S_gen


Prompt: <ratio and proportion>- <difficulty-level: 2>Generator: Q_PC_gen
Prompt: parent_child-2:- <data analytics> - <Bar Graph> - <Human Resources>- <difficulty-level: 4>Prompt: <work and time>- <difficulty-level: 3> (multi-correct MCQ)


Task execution failed: object of type 'NoneType' has no len()
Task execution failed: object of type 'NoneType' has no len()
Task execution failed: object of type 'NoneType' has no len()
Task execution failed: object of type 'NoneType' has no len()
Task execution failed: object of type 'NoneType' has no len()
Task execution failed: object of type 'NoneType' has no len()
Task execution failed: object of type 'NoneType' has no len()
Task execution failed: object of type 'NoneType' has no len()

Attempt 1 failed:

Attempt 1 failed:
Error type: AttributeError
Attempt 1 failed:

Attempt 1 failed:
Error type: AttributeErrorError type: AttributeError
Attempt 1 failed:

Attempt 1 failed:
Error type: AttributeError

Attempt 1 failed:Error type: QuestionGenerationException
Error type: QuestionGenerationException

Error message: MULTIPLE_CHOICE



Error message: Invalid prompt format: <unlocked _thread.lock object at 0x10c381d40>Error message: MULTIPLE_CHOICE
Generator class: SimpleQuestionGenerationError message: Invalid prompt format: <unlocked _thread.lock object at 0x10c380d00>Generator class: NumericEntryQuestionGenerationError message: MULTIPLE_CHOICEError message: MULTIPLE_CHOICEError type: AttributeError
Generator class: DataSufficiencyQuestionGeneration


Generator class: SimpleQuestionGeneration




Generator class: SimpleQuestionGenerationTraceback:Error message: MULTIPLE_CHOICE
Generator class: SimpleQuestionGeneration
Traceback:Traceback:


Traceback:


Attempt 1 failed:
Error type: QuestionGenerationExceptionTraceback:Traceback:  File "/Users/tanmaykumar/Desktop/QGen-py-compex/GRE/Mock.py", line 85, in generate_question_with_retry
    question_data = question_generator.generate_question()
                    ^^^^^^^^^^^^^^^^^^^^^^^^^^^^^^^^^^^^^^
  File "/Users/tanmaykumar/Desktop/QGen-py-compex/GRE/Quants/files/numericEntryQuestionGeneration.py", line 43, in generate_question
    simple_component = create_question_component(
                       ^^^^^^^^^^^^^^^^^^^^^^^^^^
Generator class: ParentChildQuestionGeneration  File "/Users/tanmaykumar/Desktop/QGen-py-compex/GRE/Mock.py", line 85, in generate_question_with_retry
    question_data = question_generator.generate_question()
                    ^^^^^^^^^^^^^^^^^^^^^^^^^^^^^^^^^^^^^^
  File "/Users/tanmaykumar/Desktop/QGen-py-compex/GRE/Mock.py", line 85, in generate_question_with_retry
    question_data = question_generator.generate_question()
                    ^^^^^^^^^^^^^^^^^^^^^^^^^^^^^^^^^^^^^^



Error message: Invalid prompt format: <unlocked _thread.lock object at 0x10c383540>  File "/Users/tanmaykumar/Desktop/QGen-py-compex/GRE/Mock.py", line 85, in generate_question_with_retry
    question_data = question_generator.generate_question()
                    ^^^^^^^^^^^^^^^^^^^^^^^^^^^^^^^^^^^^^^
Traceback:
  File "/Users/tanmaykumar/Desktop/QGen-py-compex/GRE/Quants/files/simpleQuestionGeneration.py", line 35, in generate_question
    component = create_question_component(
                ^^^^^^^^^^^^^^^^^^^^^^^^^^
  File "/Users/tanmaykumar/Desktop/QGen-py-compex/core/components/question_components.py", line 1348, in create_question_component
    QuestionType.MULTIPLE_CHOICE: SimpleQuestion,
    ^^^^^^^^^^^^^^^^^^^^^^^^^^^^
  File "/Users/tanmaykumar/Desktop/QGen-py-compex/GRE/Quants/files/simpleQuestionGeneration.py", line 35, in generate_question
    component = create_question_component(
                ^^^^^^^^^^^^^^^^^^^^^^^^^^
  File "/Users/tanmaykumar/Desktop/QGen-py-compex/GRE/Mock.py", line 85, in generate_question_with_retry
    question_data = question_generator.generate_question()
                    ^^^^^^^^^^^^^^^^^^^^^^^^^^^^^^^^^^^^^^
  File "/Library/Frameworks/Python.framework/Versions/3.11/lib/python3.11/enum.py", line 786, in __getattr__
    raise AttributeError(name) from None

Generator class: ParentChildQuestionGeneration
  File "/Users/tanmaykumar/Desktop/QGen-py-compex/GRE/Mock.py", line 85, in generate_question_with_retry
    question_data = question_generator.generate_question()
                    ^^^^^^^^^^^^^^^^^^^^^^^^^^^^^^^^^^^^^^
  File "/Users/tanmaykumar/Desktop/QGen-py-compex/core/components/question_components.py", line 1348, in create_question_component
    QuestionType.MULTIPLE_CHOICE: SimpleQuestion,
    ^^^^^^^^^^^^^^^^^^^^^^^^^^^^
  File "/Library/Frameworks/Python.framework/Versions/3.11/lib/python3.11/enum.py", line 786, in __getattr__
    raise AttributeError(name) from None
  File "/Users/tanmaykumar/Desktop/QGen-py-compex/GRE/Quants/files/dataSufficiencyQuestionGeneration.py", line 34, in generate_question
    base_component = DataSufficiencyQuestion(self.llm, self.system_instructions, self.global_state, self.prompt, self.lock)
                     ^^^^^^^^^^^^^^^^^^^^^^^^^^^^^^^^^^^^^^^^^^^^^^^^^^^^^^^^^^^^^^^^^^^^^^^^^^^^^^^^^^^^^^^^^^^^^^^^^^^^^^
  File "/Users/tanmaykumar/Desktop/QGen-py-compex/core/components/question_components.py", line 1348, in create_question_component
    QuestionType.MULTIPLE_CHOICE: SimpleQuestion,
    ^^^^^^^^^^^^^^^^^^^^^^^^^^^^

Attempt 1 failed, retrying: MULTIPLE_CHOICE
Prompt: <ratio and proportion>- <difficulty-level: 1>



Attempt 1 failed, retrying: MULTIPLE_CHOICE
Prompt: <ratio and proportion>- <difficulty-level: 3>

  File "/Users/tanmaykumar/Desktop/QGen-py-compex/GRE/Quants/files/simpleQuestionGeneration.py", line 35, in generate_question
    component = create_question_component(
                ^^^^^^^^^^^^^^^^^^^^^^^^^^
  File "/Users/tanmaykumar/Desktop/QGen-py-compex/core/components/question_components.py", line 449, in __init__
    super().__init__(*args, **kwargs)

  File "/Users/tanmaykumar/Desktop/QGen-py-compex/GRE/Quants/files/simpleQuestionGeneration.py", line 35, in generate_question
    component = create_question_component(
                ^^^^^^^^^^^^^^^^^^^^^^^^^^
  File "/Users/tanmaykumar/Desktop/QGen-py-compex/core/components/question_components.py", line 1348, in create_question_component
    QuestionType.MULTIPLE_CHOICE: SimpleQuestion,
    ^^^^^^^^^^^^^^^^^^^^^^^^^^^^
  File "/Library/Frameworks/Python.framework/Versions/3.11/lib/python3.11/enum.py", line 786, in __getattr__
    raise AttributeError(name) from None
  File "/Library/Frameworks/Python.framework/Versions/3.11/lib/python3.11/enum.py", line 786, in __getattr__
    raise AttributeError(name) from None

Attempt 2 failed:
Traceback:  File "/Users/tanmaykumar/Desktop/QGen-py-compex/core/components/question_components.py", line 119, in __init__
    raise QuestionGenerationException(f"Invalid prompt format: {prompt}")

Attempt 1 failed, retrying: Invalid prompt format: <unlocked _thread.lock object at 0x10c381d40>
Prompt: <permutations and combinations>- <difficulty-level: 3>


  File "/Users/tanmaykumar/Desktop/QGen-py-compex/GRE/Mock.py", line 85, in generate_question_with_retry
    question_data = question_generator.generate_question()
                    ^^^^^^^^^^^^^^^^^^^^^^^^^^^^^^^^^^^^^^

Attempt 1 failed, retrying: MULTIPLE_CHOICE
Prompt: <algebra>- <difficulty-level: 3>



  File "/Users/tanmaykumar/Desktop/QGen-py-compex/GRE/Quants/files/parentChildQuestionGeneration.py", line 43, in generate_question
    base_component = ParentChildQuestion(
                     ^^^^^^^^^^^^^^^^^^^^


Attempt 2 failed:
Attempt 1 failed, retrying: MULTIPLE_CHOICE
Prompt: <algebra>- <difficulty-level: 3>


Attempt 2 failed:
  File "/Users/tanmaykumar/Desktop/QGen-py-compex/core/components/question_components.py", line 1348, in create_question_component
    QuestionType.MULTIPLE_CHOICE: SimpleQuestion,
    ^^^^^^^^^^^^^^^^^^^^^^^^^^^^

Error type: AttributeError
Error type: QuestionGenerationException

Error message: MULTIPLE_CHOICE
Generator class: SimpleQuestionGeneration  File "/Users/tanmaykumar/Desktop/QGen-py-compex/core/components/question_components.py", line 620, in __init__
    super().__init__(*args, **kwargs)
  File "/Users/tanmaykumar/Desktop/QGen-py-compex/core/components/question_components.py", line 119, in __init__
    raise QuestionGenerationException(f"Invalid prompt format: {prompt}")

Attempt 2 failed:
Attempt 2 failed:Error type: AttributeError  File "/Users/tanmaykumar/Desktop/QGen-py-compex/GRE/Mock.py", line 85, in generate_question_with_retry
    question_data = question_generator.generate_question()
                    ^^^^^^^^^^^^^^^^^^^^^^^^^^^^^^^^^^^^^^


Error message: Invalid prompt format: <unlocked _thread.lock object at 0x10c381d40>Error type: AttributeError
Attempt 1 failed, retrying: Invalid prompt format: <unlocked _thread.lock object at 0x10c380d00>
Prompt: parent_child-2:- <statistics> - <Line Graph> - <Business and Finance>- <difficulty-level: 2>

Traceback:  File "/Library/Frameworks/Python.framework/Versions/3.11/lib/python3.11/enum.py", line 786, in __getattr__
    raise AttributeError(name) from None
  File "/Users/tanmaykumar/Desktop/QGen-py-compex/GRE/Verbal/files/parentChildQuestionGeneration.py", line 56, in generate_question
    base_component = ParentChildQuestion(self.llm, self.system_instructions, self.global_state, self.prompt, self.lock)
                     ^^^^^^^^^^^^^^^^^^^^^^^^^^^^^^^^^^^^^^^^^^^^^^^^^^^^^^^^^^^^^^^^^^^^^^^^^^^^^^^^^^^^^^^^^^^^^^^^^^




  File "/Users/tanmaykumar/Desktop/QGen-py-compex/core/components/question_components.py", line 620, in __init__
    super().__init__(*args, **kwargs)

Generator class: DataSufficiencyQuestionGeneration
Error type: AttributeError  File "/Users/tanmaykumar/Desktop/QGen-py-compex/core/components/question_components.py", line 119, in __init__
    raise QuestionGenerationException(f"Invalid prompt format: {prompt}")

  File "/Users/tanmaykumar/Desktop/QGen-py-compex/GRE/Mock.py", line 85, in generate_question_with_retry
    question_data = question_generator.generate_question()
                    ^^^^^^^^^^^^^^^^^^^^^^^^^^^^^^^^^^^^^^
Error message: MULTIPLE_CHOICETraceback:  File "/Users/tanmaykumar/Desktop/QGen-py-compex/GRE/Quants/files/simpleQuestionGeneration.py", line 35, in generate_question
    component = create_question_component(
                ^^^^^^^^^^^^^^^^^^^^^^^^^^
Error message: MULTIPLE_CHOICE
Error message: MULTIPLE_CHOICE


Attempt 1 failed, retrying: Invalid prompt format: <unlocked _thread.lock object at 0x10c383540>
Prompt: <Economics> - <RC-M> - <difficulty-level: 4>



Attempt 2 failed:Generator class: NumericEntryQuestionGeneration
Attempt 1 failed, retrying: MULTIPLE_CHOICE
Prompt: <properties of shapes>- <difficulty-level: 3>

  File "/Users/tanmaykumar/Desktop/QGen-py-compex/GRE/Mock.py", line 85, in generate_question_with_retry
    question_data = question_generator.generate_question()
                    ^^^^^^^^^^^^^^^^^^^^^^^^^^^^^^^^^^^^^^




Traceback:
Generator class: SimpleQuestionGeneration  File "/Users/tanmaykumar/Desktop/QGen-py-compex/GRE/Quants/files/dataSufficiencyQuestionGeneration.py", line 34, in generate_question
    base_component = DataSufficiencyQuestion(self.llm, self.system_instructions, self.global_state, self.prompt, self.lock)
                     ^^^^^^^^^^^^^^^^^^^^^^^^^^^^^^^^^^^^^^^^^^^^^^^^^^^^^^^^^^^^^^^^^^^^^^^^^^^^^^^^^^^^^^^^^^^^^^^^^^^^^^
Generator class: SimpleQuestionGeneration  File "/Users/tanmaykumar/Desktop/QGen-py-compex/core/components/question_components.py", line 1348, in create_question_component
    QuestionType.MULTIPLE_CHOICE: SimpleQuestion,
    ^^^^^^^^^^^^^^^^^^^^^^^^^^^^

Attempt 2 failed:
Attempt 2 failed:
  File "/Users/tanmaykumar/Desktop/QGen-py-compex/core/components/question_components.py", line 449, in __init__
    super().__init__(*args, **kwargs)

Error type: QuestionGenerationException  File "/Library/Frameworks/Python.framework/Versions/3.11/lib/python3.11/enum.py", line 786, in __getattr__
    raise AttributeError(name) from None
  File "/Users/tanmaykumar/Desktop/QGen-py-compex/core/components/question_components.py", line 119, in __init__
    raise QuestionGenerationException(f"Invalid prompt format: {prompt}")


Traceback:

Traceback:

Attempt 2 failed, retrying: Invalid prompt format: <unlocked _thread.lock object at 0x10c381d40>
Prompt: <permutations and combinations>- <difficulty-level: 3>


Attempt 2 failed, retrying: MULTIPLE_CHOICE
Prompt: <ratio and proportion>- <difficulty-level: 1>


  File "/Users/tanmaykumar/Desktop/QGen-py-compex/GRE/Mock.py", line 85, in generate_question_with_retry
    question_data = question_generator.generate_question()
                    ^^^^^^^^^^^^^^^^^^^^^^^^^^^^^^^^^^^^^^
Error message: Invalid prompt format: <unlocked _thread.lock object at 0x10c383540>

Error type: QuestionGenerationException  File "/Users/tanmaykumar/Desktop/QGen-py-compex/GRE/Mock.py", line 85, in generate_question_with_retry
    question_data = question_generator.generate_question()
                    ^^^^^^^^^^^^^^^^^^^^^^^^^^^^^^^^^^^^^^
  File "/Users/tanmaykumar/Desktop/QGen-py-compex/GRE/Mock.py", line 85, in generate_question_with_retry
    question_data = question_generator.generate_question()
                    ^^^^^^^^^^^^^^^^^^^^^^^^^^^^^^^^^^^^^^
Error type: AttributeError
  File "/Users/tanmaykumar/Desktop/QGen-py-compex/GRE/Quants/files/simpleQuestionGeneration.py", line 35, in generate_question
    component = create_question_component(
                ^^^^^^^^^^^^^^^^^^^^^^^^^^

Attempt 3 failed:
Error message: Invalid prompt format: <unlocked _thread.lock object at 0x10c380d00>


Attempt 3 failed:  File "/Users/tanmaykumar/Desktop/QGen-py-compex/GRE/Quants/files/numericEntryQuestionGeneration.py", line 43, in generate_question
    simple_component = create_question_component(
                       ^^^^^^^^^^^^^^^^^^^^^^^^^^
  File "/Users/tanmaykumar/Desktop/QGen-py-compex/core/components/question_components.py", line 1348, in create_question_component
    QuestionType.MULTIPLE_CHOICE: SimpleQuestion,
    ^^^^^^^^^^^^^^^^^^^^^^^^^^^^
Error type: AttributeError
  File "/Users/tanmaykumar/Desktop/QGen-py-compex/core/components/question_components.py", line 1348, in create_question_component
    QuestionType.MULTIPLE_CHOICE: SimpleQuestion,
    ^^^^^^^^^^^^^^^^^^^^^^^^^^^^

  File "/Users/tanmaykumar/Desktop/QGen-py-compex/GRE/Quants/files/simpleQuestionGeneration.py", line 35, in generate_question
    component = create_question_component(
                ^^^^^^^^^^^^^^^^^^^^^^^^^^
Generator class: ParentChildQuestionGeneration  File "/Library/Frameworks/Python.framework/Versions/3.11/lib/python3.11/enum.py", line 786, in __getattr__
    raise AttributeError(name) from None

Error message: MULTIPLE_CHOICEError message: MULTIPLE_CHOICEError type: QuestionGenerationException
Traceback:  File "/Library/Frameworks/Python.framework/Versions/3.11/lib/python3.11/enum.py", line 786, in __getattr__
    raise AttributeError(name) from None

Attempt 2 failed, retrying: MULTIPLE_CHOICE
Prompt: <ratio and proportion>- <difficulty-level: 3>



Error message: Invalid prompt format: <unlocked _thread.lock object at 0x10c381d40>
  File "/Users/tanmaykumar/Desktop/QGen-py-compex/core/components/question_components.py", line 1348, in create_question_component
    QuestionType.MULTIPLE_CHOICE: SimpleQuestion,
    ^^^^^^^^^^^^^^^^^^^^^^^^^^^^
Generator class: ParentChildQuestionGeneration

Generator class: SimpleQuestionGeneration
Traceback:
  File "/Library/Frameworks/Python.framework/Versions/3.11/lib/python3.11/enum.py", line 786, in __getattr__
    raise AttributeError(name) from None

Generator class: SimpleQuestionGeneration

Attempt 2 failed, retrying: MULTIPLE_CHOICE
Prompt: <algebra>- <difficulty-level: 3>


Generator class: DataSufficiencyQuestionGeneration

Attempt 3 failed:Traceback:
Traceback:  File "/Users/tanmaykumar/Desktop/QGen-py-compex/GRE/Mock.py", line 85, in generate_question_with_retry
    question_data = question_generator.generate_question()
                    ^^^^^^^^^^^^^^^^^^^^^^^^^^^^^^^^^^^^^^


  File "/Users/tanmaykumar/Desktop/QGen-py-compex/GRE/Mock.py", line 85, in generate_question_with_retry
    question_data = question_generator.generate_question()
                    ^^^^^^^^^^^^^^^^^^^^^^^^^^^^^^^^^^^^^^

Attempt 3 failed:

Attempt 2 failed, retrying: MULTIPLE_CHOICE
Prompt: <algebra>- <difficulty-level: 3>


Error type: AttributeError
Traceback:  File "/Users/tanmaykumar/Desktop/QGen-py-compex/GRE/Verbal/files/parentChildQuestionGeneration.py", line 56, in generate_question
    base_component = ParentChildQuestion(self.llm, self.system_instructions, self.global_state, self.prompt, self.lock)
                     ^^^^^^^^^^^^^^^^^^^^^^^^^^^^^^^^^^^^^^^^^^^^^^^^^^^^^^^^^^^^^^^^^^^^^^^^^^^^^^^^^^^^^^^^^^^^^^^^^^
  File "/Users/tanmaykumar/Desktop/QGen-py-compex/GRE/Mock.py", line 85, in generate_question_with_retry
    question_data = question_generator.generate_question()
                    ^^^^^^^^^^^^^^^^^^^^^^^^^^^^^^^^^^^^^^
Error type: AttributeErrorError message: MULTIPLE_CHOICE
  File "/Users/tanmaykumar/Desktop/QGen-py-compex/GRE/Quants/files/parentChildQuestionGeneration.py", line 43, in generate_question
    base_component = ParentChildQuestion(
                     ^^^^^^^^^^^^^^^^^^^^




Attempt 3 failed:  File "/Users/tanmaykumar/Desktop/QGen-py-compex/core/components/question_components.py", line 620, in __init__
    super().__init__(*args, **kwargs)
  File "/Users/tanmaykumar/Desktop/QGen-py-compex/GRE/Mock.py", line 85, in generate_question_with_retry
    question_data = question_generator.generate_question()
                    ^^^^^^^^^^^^^^^^^^^^^^^^^^^^^^^^^^^^^^
  File "/Users/tanmaykumar/Desktop/QGen-py-compex/core/components/question_components.py", line 620, in __init__
    super().__init__(*args, **kwargs)

  File "/Users/tanmaykumar/Desktop/QGen-py-compex/core/components/question_components.py", line 119, in __init__
    raise QuestionGenerationException(f"Invalid prompt format: {prompt}")
  File "/Users/tanmaykumar/Desktop/QGen-py-compex/GRE/Mock.py", line 85, in generate_question_with_retry
    question_data = question_generator.generate_question()
                    ^^^^^^^^^^^^^^^^^^^^^^^^^^^^^^^^^^^^^^
  File "/Users/tanmaykumar/Desktop/QGen-py-compex/GRE/Quants/files/simpleQuestionGeneration.py", line 35, in generate_question
    component = create_question_component(
                ^^^^^^^^^^^^^^^^^^^^^^^^^^
Error type: AttributeError
Attempt 2 failed, retrying: Invalid prompt format: <unlocked _thread.lock object at 0x10c383540>
Prompt: <Economics> - <RC-M> - <difficulty-level: 4>

Error message: MULTIPLE_CHOICE  File "/Users/tanmaykumar/Desktop/QGen-py-compex/GRE/Quants/files/simpleQuestionGeneration.py", line 35, in generate_question
    component = create_question_component(
                ^^^^^^^^^^^^^^^^^^^^^^^^^^
Generator class: NumericEntryQuestionGeneration  File "/Users/tanmaykumar/Desktop/QGen-py-compex/core/components/question_components.py", line 1348, in create_question_component
    QuestionType.MULTIPLE_CHOICE: SimpleQuestion,
    ^^^^^^^^^^^^^^^^^^^^^^^^^^^^


  File "/Users/tanmaykumar/Desktop/QGen-py-compex/GRE/Quants/files/dataSufficiencyQuestionGeneration.py", line 34, in generate_question
    base_component = DataSufficiencyQuestion(self.llm, self.system_instructions, self.global_state, self.prompt, self.lock)
                     ^^^^^^^^^^^^^^^^^^^^^^^^^^^^^^^^^^^^^^^^^^^^^^^^^^^^^^^^^^^^^^^^^^^^^^^^^^^^^^^^^^^^^^^^^^^^^^^^^^^^^^
  File "/Library/Frameworks/Python.framework/Versions/3.11/lib/python3.11/enum.py", line 786, in __getattr__
    raise AttributeError(name) from None

  File "/Users/tanmaykumar/Desktop/QGen-py-compex/core/components/question_components.py", line 119, in __init__
    raise QuestionGenerationException(f"Invalid prompt format: {prompt}")
  File "/Users/tanmaykumar/Desktop/QGen-py-compex/core/components/question_components.py", line 1348, in create_question_component
    QuestionType.MULTIPLE_CHOICE: SimpleQuestion,
    ^^^^^^^^^^^^^^^^^^^^^^^^^^^^
Error message: MULTIPLE_CHOICE

Generator class: SimpleQuestionGeneration
Generator class: SimpleQuestionGeneration  File "/Users/tanmaykumar/Desktop/QGen-py-compex/core/components/question_components.py", line 449, in __init__
    super().__init__(*args, **kwargs)
Traceback:

Attempt 3 failed:Traceback:  File "/Library/Frameworks/Python.framework/Versions/3.11/lib/python3.11/enum.py", line 786, in __getattr__
    raise AttributeError(name) from None

Traceback:  File "/Users/tanmaykumar/Desktop/QGen-py-compex/core/components/question_components.py", line 119, in __init__
    raise QuestionGenerationException(f"Invalid prompt format: {prompt}")

Attempt 2 failed, retrying: Invalid prompt format: <unlocked _thread.lock object at 0x10c380d00>
Prompt: parent_child-2:- <statistics> - <Line Graph> - <Business and Finance>- <difficulty-level: 2>


  File "/Users/tanmaykumar/Desktop/QGen-py-compex/GRE/Mock.py", line 85, in generate_question_with_retry
    question_data = question_generator.generate_question()
                    ^^^^^^^^^^^^^^^^^^^^^^^^^^^^^^^^^^^^^^
  File "/Users/tanmaykumar/Desktop/QGen-py-compex/GRE/Quants/files/numericEntryQuestionGeneration.py", line 43, in generate_question
    simple_component = create_question_component(
                       ^^^^^^^^^^^^^^^^^^^^^^^^^^


  File "/Users/tanmaykumar/Desktop/QGen-py-compex/GRE/Mock.py", line 85, in generate_question_with_retry
    question_data = question_generator.generate_question()
                    ^^^^^^^^^^^^^^^^^^^^^^^^^^^^^^^^^^^^^^


Attempt 2 failed, retrying: MULTIPLE_CHOICE
Prompt: <properties of shapes>- <difficulty-level: 3>

Error type: QuestionGenerationException
Failed after 3 attempts for:  File "/Users/tanmaykumar/Desktop/QGen-py-compex/core/components/question_components.py", line 1348, in create_question_component
    QuestionType.MULTIPLE_CHOICE: SimpleQuestion,
    ^^^^^^^^^^^^^^^^^^^^^^^^^^^^

  File "/Users/tanmaykumar/Desktop/QGen-py-compex/GRE/Quants/files/simpleQuestionGeneration.py", line 35, in generate_question
    component = create_question_component(
                ^^^^^^^^^^^^^^^^^^^^^^^^^^

Error message: Invalid prompt format: <unlocked _thread.lock object at 0x10c383540>
Section: GRE_Q
Generator class: ParentChildQuestionGeneration  File "/Library/Frameworks/Python.framework/Versions/3.11/lib/python3.11/enum.py", line 786, in __getattr__
    raise AttributeError(name) from None

Attempt 3 failed:

Failed after 3 attempts for:
Attempt 3 failed:  File "/Users/tanmaykumar/Desktop/QGen-py-compex/core/components/question_components.py", line 1348, in create_question_component
    QuestionType.MULTIPLE_CHOICE: SimpleQuestion,
    ^^^^^^^^^^^^^^^^^^^^^^^^^^^^

  File "/Users/tanmaykumar/Desktop/QGen-py-compex/GRE/Mock.py", line 85, in generate_question_with_retry
    question_data = question_generator.generate_question()
                    ^^^^^^^^^^^^^^^^^^^^^^^^^^^^^^^^^^^^^^

Failed after 3 attempts for:

Generator: Q_DS_gen

Section: GRE_QError type: AttributeErrorPrompt: <permutations and combinations>- <difficulty-level: 3>Error type: QuestionGenerationException
  File "/Library/Frameworks/Python.framework/Versions/3.11/lib/python3.11/enum.py", line 786, in __getattr__
    raise AttributeError(name) from None


  File "/Users/tanmaykumar/Desktop/QGen-py-compex/GRE/Quants/files/simpleQuestionGeneration.py", line 35, in generate_question
    component = create_question_component(
                ^^^^^^^^^^^^^^^^^^^^^^^^^^
Generator: Q_S_gen
Error message: Invalid prompt format: <unlocked _thread.lock object at 0x10c380d00>
Failed after 3 attempts for:Traceback:Error message: MULTIPLE_CHOICE

Generator class: ParentChildQuestionGeneration

Section: GRE_Q

  File "/Users/tanmaykumar/Desktop/QGen-py-compex/core/components/question_components.py", line 1348, in create_question_component
    QuestionType.MULTIPLE_CHOICE: SimpleQuestion,
    ^^^^^^^^^^^^^^^^^^^^^^^^^^^^

Generator class: SimpleQuestionGeneration  File "/Library/Frameworks/Python.framework/Versions/3.11/lib/python3.11/enum.py", line 786, in __getattr__
    raise AttributeError(name) from None
Prompt: <ratio and proportion>- <difficulty-level: 1>
Traceback:

Failed after 3 attempts for:
  File "/Users/tanmaykumar/Desktop/QGen-py-compex/GRE/Mock.py", line 85, in generate_question_with_retry
    question_data = question_generator.generate_question()
                    ^^^^^^^^^^^^^^^^^^^^^^^^^^^^^^^^^^^^^^
  File "/Users/tanmaykumar/Desktop/QGen-py-compex/GRE/Mock.py", line 85, in generate_question_with_retry
    question_data = question_generator.generate_question()
                    ^^^^^^^^^^^^^^^^^^^^^^^^^^^^^^^^^^^^^^

Section: GRE_Q
Traceback:

Generator: Q_S_gen
  File "/Users/tanmaykumar/Desktop/QGen-py-compex/GRE/Quants/files/parentChildQuestionGeneration.py", line 43, in generate_question
    base_component = ParentChildQuestion(
                     ^^^^^^^^^^^^^^^^^^^^
Generator: Q_S_gen
  File "/Users/tanmaykumar/Desktop/QGen-py-compex/GRE/Mock.py", line 85, in generate_question_with_retry
    question_data = question_generator.generate_question()
                    ^^^^^^^^^^^^^^^^^^^^^^^^^^^^^^^^^^^^^^
  File "/Users/tanmaykumar/Desktop/QGen-py-compex/GRE/Verbal/files/parentChildQuestionGeneration.py", line 56, in generate_question
    base_component = ParentChildQuestion(self.llm, self.system_instructions, self.global_state, self.prompt, self.lock)
                     ^^^^^^^^^^^^^^^^^^^^^^^^^^^^^^^^^^^^^^^^^^^^^^^^^^^^^^^^^^^^^^^^^^^^^^^^^^^^^^^^^^^^^^^^^^^^^^^^^^
  File "/Users/tanmaykumar/Desktop/QGen-py-compex/GRE/Quants/files/simpleQuestionGeneration.py", line 35, in generate_question
    component = create_question_component(
                ^^^^^^^^^^^^^^^^^^^^^^^^^^
Section: GRE_QPrompt: <algebra>- <difficulty-level: 3>  File "/Users/tanmaykumar/Desktop/QGen-py-compex/core/components/question_components.py", line 620, in __init__
    super().__init__(*args, **kwargs)

  File "/Users/tanmaykumar/Desktop/QGen-py-compex/core/components/question_components.py", line 620, in __init__
    super().__init__(*args, **kwargs)
  File "/Users/tanmaykumar/Desktop/QGen-py-compex/core/components/question_components.py", line 119, in __init__
    raise QuestionGenerationException(f"Invalid prompt format: {prompt}")

  File "/Users/tanmaykumar/Desktop/QGen-py-compex/core/components/question_components.py", line 119, in __init__
    raise QuestionGenerationException(f"Invalid prompt format: {prompt}")
Prompt: <algebra>- <difficulty-level: 3>

Failed after 3 attempts for:
Generator: Q_NE_gen
Failed after 3 attempts for:  File "/Users/tanmaykumar/Desktop/QGen-py-compex/core/components/question_components.py", line 1348, in create_question_component
    QuestionType.MULTIPLE_CHOICE: SimpleQuestion,
    ^^^^^^^^^^^^^^^^^^^^^^^^^^^^
Section: GRE_Q

Section: GRE_V
  File "/Library/Frameworks/Python.framework/Versions/3.11/lib/python3.11/enum.py", line 786, in __getattr__
    raise AttributeError(name) from None
Generator: Q_PC_gen
Prompt: <ratio and proportion>- <difficulty-level: 3>

Generator: V_PC_gen

Failed after 3 attempts for:Prompt: parent_child-2:- <statistics> - <Line Graph> - <Business and Finance>- <difficulty-level: 2>Prompt: <Economics> - <RC-M> - <difficulty-level: 4>


Section: GRE_Q
Generator: Q_S_gen
Prompt: <properties of shapes>- <difficulty-level: 3>
Task execution failed: object of type 'NoneType' has no len()
Task execution failed: object of type 'NoneType' has no len()
Task execution failed: object of type 'NoneType' has no len()
Task execution failed: object of type 'NoneType' has no len()
Task execution failed: object of type 'NoneType' has no len()
Task execution failed: object of type 'NoneType' has no len()
Task execution failed: object of type 'NoneType' has no len()
Task execution failed: object of type 'NoneType' has no len()

Attempt 1 failed:
Error type: QuestionGenerationException
Attempt 1 failed:

Attempt 1 failed:
Attempt 1 failed:
Attempt 1 failed:
Error message: Invalid prompt format: <unlocked _thread.lock object at 0x10c382780>

Error type: QuestionGenerationException
Error type: QuestionGenerationExceptionError type: QuestionGenerationException


Attempt 1 failed:
Attempt 1 failed:
Generator class: SimpleQuestionGeneration

Attempt 1 failed:
Error type: QuestionGenerationException
Error type: QuestionGenerationException
Error type: QuestionGenerationExceptionError message: Invalid prompt format: <unlocked _thread.lock object at 0x10c381600>Error message: Invalid prompt format: <unlocked _thread.lock object at 0x10c381d40>
Error type: QuestionGenerationException


Traceback:
Error message: Invalid prompt format: <unlocked _thread.lock object at 0x10c383540>Generator class: SimpleQuestionGeneration
Error message: Invalid prompt format: <unlocked _thread.lock object at 0x10c380d00>Error message: Invalid prompt format: <unlocked _thread.lock object at 0x10c383600>

Error message: Invalid prompt format: <unlocked _thread.lock object at 0x10c383a40>




Generator class: ParentChildQuestionGenerationGenerator class: SimpleQuestionGenerationGenerator class: SimpleQuestionGenerationError message: Invalid prompt format: <unlocked _thread.lock object at 0x10c383dc0>Generator class: ParentChildQuestionGeneration



Generator class: SimpleQuestionGenerationTraceback:Traceback:Traceback:  File "/Users/tanmaykumar/Desktop/QGen-py-compex/GRE/Mock.py", line 85, in generate_question_with_retry
    question_data = question_generator.generate_question()
                    ^^^^^^^^^^^^^^^^^^^^^^^^^^^^^^^^^^^^^^
Traceback:

Traceback:


  File "/Users/tanmaykumar/Desktop/QGen-py-compex/GRE/Mock.py", line 85, in generate_question_with_retry
    question_data = question_generator.generate_question()
                    ^^^^^^^^^^^^^^^^^^^^^^^^^^^^^^^^^^^^^^
  File "/Users/tanmaykumar/Desktop/QGen-py-compex/GRE/Mock.py", line 85, in generate_question_with_retry
    question_data = question_generator.generate_question()
                    ^^^^^^^^^^^^^^^^^^^^^^^^^^^^^^^^^^^^^^
Traceback:Generator class: SimpleQuestionGeneration  File "/Users/tanmaykumar/Desktop/QGen-py-compex/GRE/Verbal/files/simpleQuestionGeneration.py", line 38, in generate_question
    base_component = SimpleQuestion(self.llm, self.system_instructions, self.global_state, self.prompt, self.lock)
                     ^^^^^^^^^^^^^^^^^^^^^^^^^^^^^^^^^^^^^^^^^^^^^^^^^^^^^^^^^^^^^^^^^^^^^^^^^^^^^^^^^^^^^^^^^^^^^



  File "/Users/tanmaykumar/Desktop/QGen-py-compex/core/components/question_components.py", line 309, in __init__
    super().__init__(*args, **kwargs)
  File "/Users/tanmaykumar/Desktop/QGen-py-compex/GRE/Mock.py", line 85, in generate_question_with_retry
    question_data = question_generator.generate_question()
                    ^^^^^^^^^^^^^^^^^^^^^^^^^^^^^^^^^^^^^^
Traceback:  File "/Users/tanmaykumar/Desktop/QGen-py-compex/GRE/Verbal/files/parentChildQuestionGeneration.py", line 56, in generate_question
    base_component = ParentChildQuestion(self.llm, self.system_instructions, self.global_state, self.prompt, self.lock)
                     ^^^^^^^^^^^^^^^^^^^^^^^^^^^^^^^^^^^^^^^^^^^^^^^^^^^^^^^^^^^^^^^^^^^^^^^^^^^^^^^^^^^^^^^^^^^^^^^^^^

  File "/Users/tanmaykumar/Desktop/QGen-py-compex/GRE/Verbal/files/parentChildQuestionGeneration.py", line 56, in generate_question
    base_component = ParentChildQuestion(self.llm, self.system_instructions, self.global_state, self.prompt, self.lock)
                     ^^^^^^^^^^^^^^^^^^^^^^^^^^^^^^^^^^^^^^^^^^^^^^^^^^^^^^^^^^^^^^^^^^^^^^^^^^^^^^^^^^^^^^^^^^^^^^^^^^
  File "/Users/tanmaykumar/Desktop/QGen-py-compex/GRE/Mock.py", line 85, in generate_question_with_retry
    question_data = question_generator.generate_question()
                    ^^^^^^^^^^^^^^^^^^^^^^^^^^^^^^^^^^^^^^
  File "/Users/tanmaykumar/Desktop/QGen-py-compex/GRE/Verbal/files/simpleQuestionGeneration.py", line 38, in generate_question
    base_component = SimpleQuestion(self.llm, self.system_instructions, self.global_state, self.prompt, self.lock)
                     ^^^^^^^^^^^^^^^^^^^^^^^^^^^^^^^^^^^^^^^^^^^^^^^^^^^^^^^^^^^^^^^^^^^^^^^^^^^^^^^^^^^^^^^^^^^^^
  File "/Users/tanmaykumar/Desktop/QGen-py-compex/GRE/Mock.py", line 85, in generate_question_with_retry
    question_data = question_generator.generate_question()
                    ^^^^^^^^^^^^^^^^^^^^^^^^^^^^^^^^^^^^^^
  File "/Users/tanmaykumar/Desktop/QGen-py-compex/core/components/question_components.py", line 620, in __init__
    super().__init__(*args, **kwargs)
  File "/Users/tanmaykumar/Desktop/QGen-py-compex/core/components/question_components.py", line 309, in __init__
    super().__init__(*args, **kwargs)

  File "/Users/tanmaykumar/Desktop/QGen-py-compex/core/components/question_components.py", line 620, in __init__
    super().__init__(*args, **kwargs)
  File "/Users/tanmaykumar/Desktop/QGen-py-compex/core/components/question_components.py", line 119, in __init__
    raise QuestionGenerationException(f"Invalid prompt format: {prompt}")
  File "/Users/tanmaykumar/Desktop/QGen-py-compex/GRE/Mock.py", line 85, in generate_question_with_retry
    question_data = question_generator.generate_question()
                    ^^^^^^^^^^^^^^^^^^^^^^^^^^^^^^^^^^^^^^
  File "/Users/tanmaykumar/Desktop/QGen-py-compex/GRE/Verbal/files/simpleQuestionGeneration.py", line 38, in generate_question
    base_component = SimpleQuestion(self.llm, self.system_instructions, self.global_state, self.prompt, self.lock)
                     ^^^^^^^^^^^^^^^^^^^^^^^^^^^^^^^^^^^^^^^^^^^^^^^^^^^^^^^^^^^^^^^^^^^^^^^^^^^^^^^^^^^^^^^^^^^^^
  File "/Users/tanmaykumar/Desktop/QGen-py-compex/core/components/question_components.py", line 119, in __init__
    raise QuestionGenerationException(f"Invalid prompt format: {prompt}")
  File "/Users/tanmaykumar/Desktop/QGen-py-compex/core/components/question_components.py", line 119, in __init__
    raise QuestionGenerationException(f"Invalid prompt format: {prompt}")
  File "/Users/tanmaykumar/Desktop/QGen-py-compex/core/components/question_components.py", line 119, in __init__
    raise QuestionGenerationException(f"Invalid prompt format: {prompt}")
  File "/Users/tanmaykumar/Desktop/QGen-py-compex/core/components/question_components.py", line 309, in __init__
    super().__init__(*args, **kwargs)
  File "/Users/tanmaykumar/Desktop/QGen-py-compex/GRE/Verbal/files/simpleQuestionGeneration.py", line 38, in generate_question
    base_component = SimpleQuestion(self.llm, self.system_instructions, self.global_state, self.prompt, self.lock)
                     ^^^^^^^^^^^^^^^^^^^^^^^^^^^^^^^^^^^^^^^^^^^^^^^^^^^^^^^^^^^^^^^^^^^^^^^^^^^^^^^^^^^^^^^^^^^^^
  File "/Users/tanmaykumar/Desktop/QGen-py-compex/GRE/Verbal/files/simpleQuestionGeneration.py", line 38, in generate_question
    base_component = SimpleQuestion(self.llm, self.system_instructions, self.global_state, self.prompt, self.lock)
                     ^^^^^^^^^^^^^^^^^^^^^^^^^^^^^^^^^^^^^^^^^^^^^^^^^^^^^^^^^^^^^^^^^^^^^^^^^^^^^^^^^^^^^^^^^^^^^
  File "/Users/tanmaykumar/Desktop/QGen-py-compex/core/components/question_components.py", line 119, in __init__
    raise QuestionGenerationException(f"Invalid prompt format: {prompt}")
  File "/Users/tanmaykumar/Desktop/QGen-py-compex/core/components/question_components.py", line 309, in __init__
    super().__init__(*args, **kwargs)
  File "/Users/tanmaykumar/Desktop/QGen-py-compex/GRE/Mock.py", line 85, in generate_question_with_retry
    question_data = question_generator.generate_question()
                    ^^^^^^^^^^^^^^^^^^^^^^^^^^^^^^^^^^^^^^
  File "/Users/tanmaykumar/Desktop/QGen-py-compex/core/components/question_components.py", line 309, in __init__
    super().__init__(*args, **kwargs)
  File "/Users/tanmaykumar/Desktop/QGen-py-compex/core/components/question_components.py", line 119, in __init__
    raise QuestionGenerationException(f"Invalid prompt format: {prompt}")

Attempt 1 failed, retrying: Invalid prompt format: <unlocked _thread.lock object at 0x10c383a40>
Prompt: <History> - <RC-L> - <difficulty-level: 1>


Attempt 1 failed, retrying: Invalid prompt format: <unlocked _thread.lock object at 0x10c382780>
Prompt: <Philosophy> - <TC-3> - <difficulty-level: 3> - <vocabulary-level:3>

  File "/Users/tanmaykumar/Desktop/QGen-py-compex/core/components/question_components.py", line 119, in __init__
    raise QuestionGenerationException(f"Invalid prompt format: {prompt}")
  File "/Users/tanmaykumar/Desktop/QGen-py-compex/GRE/Verbal/files/simpleQuestionGeneration.py", line 38, in generate_question
    base_component = SimpleQuestion(self.llm, self.system_instructions, self.global_state, self.prompt, self.lock)
                     ^^^^^^^^^^^^^^^^^^^^^^^^^^^^^^^^^^^^^^^^^^^^^^^^^^^^^^^^^^^^^^^^^^^^^^^^^^^^^^^^^^^^^^^^^^^^^

Attempt 1 failed, retrying: Invalid prompt format: <unlocked _thread.lock object at 0x10c380d00>
Prompt: <Economics> - <RC-L> - <difficulty-level: 3>


Attempt 1 failed, retrying: Invalid prompt format: <unlocked _thread.lock object at 0x10c383540>
Prompt: <Literature> - <SE> - <difficulty-level: 1> - <vocabulary-level:1>


Attempt 1 failed, retrying: Invalid prompt format: <unlocked _thread.lock object at 0x10c383600>
Prompt: <Literature> - <SE> - <difficulty-level: 2> - <vocabulary-level:2>


Attempt 1 failed, retrying: Invalid prompt format: <unlocked _thread.lock object at 0x10c381600>
Prompt: <Literature> - <TC-2> - <difficulty-level: 3> - <vocabulary-level:1>







  File "/Users/tanmaykumar/Desktop/QGen-py-compex/core/components/question_components.py", line 309, in __init__
    super().__init__(*args, **kwargs)

Attempt 1 failed, retrying: Invalid prompt format: <unlocked _thread.lock object at 0x10c381d40>
Prompt: <Science> - <TC-2> - <difficulty-level: 3> - <vocabulary-level:2>

  File "/Users/tanmaykumar/Desktop/QGen-py-compex/core/components/question_components.py", line 119, in __init__
    raise QuestionGenerationException(f"Invalid prompt format: {prompt}")


Attempt 2 failed:
Attempt 2 failed:

Attempt 2 failed:

Attempt 2 failed:
Attempt 2 failed:
Error type: QuestionGenerationException

Attempt 2 failed:
Attempt 1 failed, retrying: Invalid prompt format: <unlocked _thread.lock object at 0x10c383dc0>
Prompt: <Politics> - <TC-1> - <difficulty-level: 4> - <vocabulary-level:2>

Error type: QuestionGenerationException
Attempt 2 failed:




Error type: QuestionGenerationExceptionError type: QuestionGenerationException
Error type: QuestionGenerationException
Error message: Invalid prompt format: <unlocked _thread.lock object at 0x10c383a40>

Error message: Invalid prompt format: <unlocked _thread.lock object at 0x10c382780>Error message: Invalid prompt format: <unlocked _thread.lock object at 0x10c380d00>Error type: QuestionGenerationException
Error message: Invalid prompt format: <unlocked _thread.lock object at 0x10c383600>

Error message: Invalid prompt format: <unlocked _thread.lock object at 0x10c381d40>
Generator class: SimpleQuestionGeneration


Generator class: ParentChildQuestionGenerationError type: QuestionGenerationException
Attempt 2 failed:Error message: Invalid prompt format: <unlocked _thread.lock object at 0x10c381600>Generator class: ParentChildQuestionGenerationGenerator class: SimpleQuestionGenerationTraceback:Generator class: SimpleQuestionGeneration






Traceback:Generator class: SimpleQuestionGenerationTraceback:Error type: QuestionGenerationExceptionTraceback:Error message: Invalid prompt format: <unlocked _thread.lock object at 0x10c383540>Traceback:


Traceback:
Error message: Invalid prompt format: <unlocked _thread.lock object at 0x10c383dc0>


  File "/Users/tanmaykumar/Desktop/QGen-py-compex/GRE/Mock.py", line 85, in generate_question_with_retry
    question_data = question_generator.generate_question()
                    ^^^^^^^^^^^^^^^^^^^^^^^^^^^^^^^^^^^^^^

  File "/Users/tanmaykumar/Desktop/QGen-py-compex/GRE/Mock.py", line 85, in generate_question_with_retry
    question_data = question_generator.generate_question()
                    ^^^^^^^^^^^^^^^^^^^^^^^^^^^^^^^^^^^^^^
  File "/Users/tanmaykumar/Desktop/QGen-py-compex/GRE/Mock.py", line 85, in generate_question_with_retry
    question_data = question_generator.generate_question()
                    ^^^^^^^^^^^^^^^^^^^^^^^^^^^^^^^^^^^^^^


Generator class: SimpleQuestionGeneration
Generator class: SimpleQuestionGeneration
  File "/Users/tanmaykumar/Desktop/QGen-py-compex/GRE/Mock.py", line 85, in generate_question_with_retry
    question_data = question_generator.generate_question()
                    ^^^^^^^^^^^^^^^^^^^^^^^^^^^^^^^^^^^^^^
  File "/Users/tanmaykumar/Desktop/QGen-py-compex/GRE/Verbal/files/simpleQuestionGeneration.py", line 38, in generate_question
    base_component = SimpleQuestion(self.llm, self.system_instructions, self.global_state, self.prompt, self.lock)
                     ^^^^^^^^^^^^^^^^^^^^^^^^^^^^^^^^^^^^^^^^^^^^^^^^^^^^^^^^^^^^^^^^^^^^^^^^^^^^^^^^^^^^^^^^^^^^^
  File "/Users/tanmaykumar/Desktop/QGen-py-compex/GRE/Verbal/files/parentChildQuestionGeneration.py", line 56, in generate_question
    base_component = ParentChildQuestion(self.llm, self.system_instructions, self.global_state, self.prompt, self.lock)
                     ^^^^^^^^^^^^^^^^^^^^^^^^^^^^^^^^^^^^^^^^^^^^^^^^^^^^^^^^^^^^^^^^^^^^^^^^^^^^^^^^^^^^^^^^^^^^^^^^^^
  File "/Users/tanmaykumar/Desktop/QGen-py-compex/GRE/Verbal/files/simpleQuestionGeneration.py", line 38, in generate_question
    base_component = SimpleQuestion(self.llm, self.system_instructions, self.global_state, self.prompt, self.lock)
                     ^^^^^^^^^^^^^^^^^^^^^^^^^^^^^^^^^^^^^^^^^^^^^^^^^^^^^^^^^^^^^^^^^^^^^^^^^^^^^^^^^^^^^^^^^^^^^
  File "/Users/tanmaykumar/Desktop/QGen-py-compex/core/components/question_components.py", line 309, in __init__
    super().__init__(*args, **kwargs)
  File "/Users/tanmaykumar/Desktop/QGen-py-compex/GRE/Verbal/files/simpleQuestionGeneration.py", line 38, in generate_question
    base_component = SimpleQuestion(self.llm, self.system_instructions, self.global_state, self.prompt, self.lock)
                     ^^^^^^^^^^^^^^^^^^^^^^^^^^^^^^^^^^^^^^^^^^^^^^^^^^^^^^^^^^^^^^^^^^^^^^^^^^^^^^^^^^^^^^^^^^^^^
Traceback:  File "/Users/tanmaykumar/Desktop/QGen-py-compex/GRE/Mock.py", line 85, in generate_question_with_retry
    question_data = question_generator.generate_question()
                    ^^^^^^^^^^^^^^^^^^^^^^^^^^^^^^^^^^^^^^
  File "/Users/tanmaykumar/Desktop/QGen-py-compex/GRE/Mock.py", line 85, in generate_question_with_retry
    question_data = question_generator.generate_question()
                    ^^^^^^^^^^^^^^^^^^^^^^^^^^^^^^^^^^^^^^
Traceback:

  File "/Users/tanmaykumar/Desktop/QGen-py-compex/GRE/Verbal/files/simpleQuestionGeneration.py", line 38, in generate_question
    base_component = SimpleQuestion(self.llm, self.system_instructions, self.global_state, self.prompt, self.lock)
                     ^^^^^^^^^^^^^^^^^^^^^^^^^^^^^^^^^^^^^^^^^^^^^^^^^^^^^^^^^^^^^^^^^^^^^^^^^^^^^^^^^^^^^^^^^^^^^
  File "/Users/tanmaykumar/Desktop/QGen-py-compex/core/components/question_components.py", line 309, in __init__
    super().__init__(*args, **kwargs)
  File "/Users/tanmaykumar/Desktop/QGen-py-compex/core/components/question_components.py", line 119, in __init__
    raise QuestionGenerationException(f"Invalid prompt format: {prompt}")
  File "/Users/tanmaykumar/Desktop/QGen-py-compex/GRE/Mock.py", line 85, in generate_question_with_retry
    question_data = question_generator.generate_question()
                    ^^^^^^^^^^^^^^^^^^^^^^^^^^^^^^^^^^^^^^
  File "/Users/tanmaykumar/Desktop/QGen-py-compex/GRE/Verbal/files/parentChildQuestionGeneration.py", line 56, in generate_question
    base_component = ParentChildQuestion(self.llm, self.system_instructions, self.global_state, self.prompt, self.lock)
                     ^^^^^^^^^^^^^^^^^^^^^^^^^^^^^^^^^^^^^^^^^^^^^^^^^^^^^^^^^^^^^^^^^^^^^^^^^^^^^^^^^^^^^^^^^^^^^^^^^^
  File "/Users/tanmaykumar/Desktop/QGen-py-compex/GRE/Mock.py", line 85, in generate_question_with_retry
    question_data = question_generator.generate_question()
                    ^^^^^^^^^^^^^^^^^^^^^^^^^^^^^^^^^^^^^^
  File "/Users/tanmaykumar/Desktop/QGen-py-compex/core/components/question_components.py", line 620, in __init__
    super().__init__(*args, **kwargs)
  File "/Users/tanmaykumar/Desktop/QGen-py-compex/core/components/question_components.py", line 119, in __init__
    raise QuestionGenerationException(f"Invalid prompt format: {prompt}")
  File "/Users/tanmaykumar/Desktop/QGen-py-compex/core/components/question_components.py", line 620, in __init__
    super().__init__(*args, **kwargs)

Attempt 2 failed, retrying: Invalid prompt format: <unlocked _thread.lock object at 0x10c381600>
Prompt: <Literature> - <TC-2> - <difficulty-level: 3> - <vocabulary-level:1>


  File "/Users/tanmaykumar/Desktop/QGen-py-compex/GRE/Verbal/files/simpleQuestionGeneration.py", line 38, in generate_question
    base_component = SimpleQuestion(self.llm, self.system_instructions, self.global_state, self.prompt, self.lock)
                     ^^^^^^^^^^^^^^^^^^^^^^^^^^^^^^^^^^^^^^^^^^^^^^^^^^^^^^^^^^^^^^^^^^^^^^^^^^^^^^^^^^^^^^^^^^^^^
  File "/Users/tanmaykumar/Desktop/QGen-py-compex/core/components/question_components.py", line 119, in __init__
    raise QuestionGenerationException(f"Invalid prompt format: {prompt}")
  File "/Users/tanmaykumar/Desktop/QGen-py-compex/core/components/question_components.py", line 309, in __init__
    super().__init__(*args, **kwargs)
  File "/Users/tanmaykumar/Desktop/QGen-py-compex/core/components/question_components.py", line 309, in __init__
    super().__init__(*args, **kwargs)
  File "/Users/tanmaykumar/Desktop/QGen-py-compex/GRE/Verbal/files/simpleQuestionGeneration.py", line 38, in generate_question
    base_component = SimpleQuestion(self.llm, self.system_instructions, self.global_state, self.prompt, self.lock)
                     ^^^^^^^^^^^^^^^^^^^^^^^^^^^^^^^^^^^^^^^^^^^^^^^^^^^^^^^^^^^^^^^^^^^^^^^^^^^^^^^^^^^^^^^^^^^^^
  File "/Users/tanmaykumar/Desktop/QGen-py-compex/core/components/question_components.py", line 309, in __init__
    super().__init__(*args, **kwargs)
  File "/Users/tanmaykumar/Desktop/QGen-py-compex/core/components/question_components.py", line 309, in __init__
    super().__init__(*args, **kwargs)
  File "/Users/tanmaykumar/Desktop/QGen-py-compex/core/components/question_components.py", line 119, in __init__
    raise QuestionGenerationException(f"Invalid prompt format: {prompt}")

Attempt 2 failed, retrying: Invalid prompt format: <unlocked _thread.lock object at 0x10c381d40>
Prompt: <Science> - <TC-2> - <difficulty-level: 3> - <vocabulary-level:2>



Attempt 2 failed, retrying: Invalid prompt format: <unlocked _thread.lock object at 0x10c380d00>
Prompt: <Economics> - <RC-L> - <difficulty-level: 3>


Attempt 2 failed, retrying: Invalid prompt format: <unlocked _thread.lock object at 0x10c383600>
Prompt: <Literature> - <SE> - <difficulty-level: 2> - <vocabulary-level:2>


Attempt 3 failed:
  File "/Users/tanmaykumar/Desktop/QGen-py-compex/core/components/question_components.py", line 119, in __init__
    raise QuestionGenerationException(f"Invalid prompt format: {prompt}")
  File "/Users/tanmaykumar/Desktop/QGen-py-compex/core/components/question_components.py", line 119, in __init__
    raise QuestionGenerationException(f"Invalid prompt format: {prompt}")
Error type: QuestionGenerationException

Attempt 2 failed, retrying: Invalid prompt format: <unlocked _thread.lock object at 0x10c383a40>
Prompt: <History> - <RC-L> - <difficulty-level: 1>


Attempt 2 failed, retrying: Invalid prompt format: <unlocked _thread.lock object at 0x10c382780>
Prompt: <Philosophy> - <TC-3> - <difficulty-level: 3> - <vocabulary-level:3>


Error message: Invalid prompt format: <unlocked _thread.lock object at 0x10c381600>  File "/Users/tanmaykumar/Desktop/QGen-py-compex/core/components/question_components.py", line 119, in __init__
    raise QuestionGenerationException(f"Invalid prompt format: {prompt}")

Attempt 3 failed:


Error type: QuestionGenerationExceptionGenerator class: SimpleQuestionGeneration


  File "/Users/tanmaykumar/Desktop/QGen-py-compex/core/components/question_components.py", line 119, in __init__
    raise QuestionGenerationException(f"Invalid prompt format: {prompt}")

Attempt 2 failed, retrying: Invalid prompt format: <unlocked _thread.lock object at 0x10c383dc0>
Prompt: <Politics> - <TC-1> - <difficulty-level: 4> - <vocabulary-level:2>


Attempt 3 failed:
Error message: Invalid prompt format: <unlocked _thread.lock object at 0x10c381d40>

Attempt 2 failed, retrying: Invalid prompt format: <unlocked _thread.lock object at 0x10c383540>
Prompt: <Literature> - <SE> - <difficulty-level: 1> - <vocabulary-level:1>

Traceback:

Attempt 3 failed:

Attempt 3 failed:Generator class: SimpleQuestionGeneration

Attempt 3 failed:Error type: QuestionGenerationException
  File "/Users/tanmaykumar/Desktop/QGen-py-compex/GRE/Mock.py", line 85, in generate_question_with_retry
    question_data = question_generator.generate_question()
                    ^^^^^^^^^^^^^^^^^^^^^^^^^^^^^^^^^^^^^^


Error type: QuestionGenerationException
  File "/Users/tanmaykumar/Desktop/QGen-py-compex/GRE/Verbal/files/simpleQuestionGeneration.py", line 38, in generate_question
    base_component = SimpleQuestion(self.llm, self.system_instructions, self.global_state, self.prompt, self.lock)
                     ^^^^^^^^^^^^^^^^^^^^^^^^^^^^^^^^^^^^^^^^^^^^^^^^^^^^^^^^^^^^^^^^^^^^^^^^^^^^^^^^^^^^^^^^^^^^^

Error message: Invalid prompt format: <unlocked _thread.lock object at 0x10c380d00>
Error type: QuestionGenerationException


Attempt 3 failed:Error type: QuestionGenerationExceptionGenerator class: ParentChildQuestionGeneration  File "/Users/tanmaykumar/Desktop/QGen-py-compex/core/components/question_components.py", line 309, in __init__
    super().__init__(*args, **kwargs)


Error type: QuestionGenerationException
Error message: Invalid prompt format: <unlocked _thread.lock object at 0x10c383600>
Generator class: SimpleQuestionGenerationTraceback:
Attempt 3 failed:
Error message: Invalid prompt format: <unlocked _thread.lock object at 0x10c383dc0>Error message: Invalid prompt format: <unlocked _thread.lock object at 0x10c383a40>





Generator class: ParentChildQuestionGenerationTraceback:Generator class: SimpleQuestionGeneration  File "/Users/tanmaykumar/Desktop/QGen-py-compex/core/components/question_components.py", line 119, in __init__
    raise QuestionGenerationException(f"Invalid prompt format: {prompt}")

Error type: QuestionGenerationExceptionError message: Invalid prompt format: <unlocked _thread.lock object at 0x10c382780>

  File "/Users/tanmaykumar/Desktop/QGen-py-compex/GRE/Mock.py", line 85, in generate_question_with_retry
    question_data = question_generator.generate_question()
                    ^^^^^^^^^^^^^^^^^^^^^^^^^^^^^^^^^^^^^^
Traceback:
Traceback:  File "/Users/tanmaykumar/Desktop/QGen-py-compex/GRE/Verbal/files/simpleQuestionGeneration.py", line 38, in generate_question
    base_component = SimpleQuestion(self.llm, self.system_instructions, self.global_state, self.prompt, self.lock)
                     ^^^^^^^^^^^^^^^^^^^^^^^^^^^^^^^^^^^^^^^^^^^^^^^^^^^^^^^^^^^^^^^^^^^^^^^^^^^^^^^^^^^^^^^^^^^^^
Traceback:


  File "/Users/tanmaykumar/Desktop/QGen-py-compex/core/components/question_components.py", line 309, in __init__
    super().__init__(*args, **kwargs)

Failed after 3 attempts for:
  File "/Users/tanmaykumar/Desktop/QGen-py-compex/GRE/Mock.py", line 85, in generate_question_with_retry
    question_data = question_generator.generate_question()
                    ^^^^^^^^^^^^^^^^^^^^^^^^^^^^^^^^^^^^^^
Generator class: SimpleQuestionGeneration  File "/Users/tanmaykumar/Desktop/QGen-py-compex/GRE/Mock.py", line 85, in generate_question_with_retry
    question_data = question_generator.generate_question()
                    ^^^^^^^^^^^^^^^^^^^^^^^^^^^^^^^^^^^^^^
  File "/Users/tanmaykumar/Desktop/QGen-py-compex/GRE/Mock.py", line 85, in generate_question_with_retry
    question_data = question_generator.generate_question()
                    ^^^^^^^^^^^^^^^^^^^^^^^^^^^^^^^^^^^^^^
Error message: Invalid prompt format: <unlocked _thread.lock object at 0x10c383540>
  File "/Users/tanmaykumar/Desktop/QGen-py-compex/core/components/question_components.py", line 119, in __init__
    raise QuestionGenerationException(f"Invalid prompt format: {prompt}")
  File "/Users/tanmaykumar/Desktop/QGen-py-compex/GRE/Verbal/files/parentChildQuestionGeneration.py", line 56, in generate_question
    base_component = ParentChildQuestion(self.llm, self.system_instructions, self.global_state, self.prompt, self.lock)
                     ^^^^^^^^^^^^^^^^^^^^^^^^^^^^^^^^^^^^^^^^^^^^^^^^^^^^^^^^^^^^^^^^^^^^^^^^^^^^^^^^^^^^^^^^^^^^^^^^^^

Section: GRE_V  File "/Users/tanmaykumar/Desktop/QGen-py-compex/GRE/Verbal/files/simpleQuestionGeneration.py", line 38, in generate_question
    base_component = SimpleQuestion(self.llm, self.system_instructions, self.global_state, self.prompt, self.lock)
                     ^^^^^^^^^^^^^^^^^^^^^^^^^^^^^^^^^^^^^^^^^^^^^^^^^^^^^^^^^^^^^^^^^^^^^^^^^^^^^^^^^^^^^^^^^^^^^
Generator class: SimpleQuestionGeneration  File "/Users/tanmaykumar/Desktop/QGen-py-compex/core/components/question_components.py", line 620, in __init__
    super().__init__(*args, **kwargs)

  File "/Users/tanmaykumar/Desktop/QGen-py-compex/GRE/Mock.py", line 85, in generate_question_with_retry
    question_data = question_generator.generate_question()
                    ^^^^^^^^^^^^^^^^^^^^^^^^^^^^^^^^^^^^^^
  File "/Users/tanmaykumar/Desktop/QGen-py-compex/GRE/Verbal/files/parentChildQuestionGeneration.py", line 56, in generate_question
    base_component = ParentChildQuestion(self.llm, self.system_instructions, self.global_state, self.prompt, self.lock)
                     ^^^^^^^^^^^^^^^^^^^^^^^^^^^^^^^^^^^^^^^^^^^^^^^^^^^^^^^^^^^^^^^^^^^^^^^^^^^^^^^^^^^^^^^^^^^^^^^^^^

Traceback:  File "/Users/tanmaykumar/Desktop/QGen-py-compex/core/components/question_components.py", line 119, in __init__
    raise QuestionGenerationException(f"Invalid prompt format: {prompt}")
Traceback:

  File "/Users/tanmaykumar/Desktop/QGen-py-compex/GRE/Verbal/files/simpleQuestionGeneration.py", line 38, in generate_question
    base_component = SimpleQuestion(self.llm, self.system_instructions, self.global_state, self.prompt, self.lock)
                     ^^^^^^^^^^^^^^^^^^^^^^^^^^^^^^^^^^^^^^^^^^^^^^^^^^^^^^^^^^^^^^^^^^^^^^^^^^^^^^^^^^^^^^^^^^^^^

Failed after 3 attempts for:  File "/Users/tanmaykumar/Desktop/QGen-py-compex/core/components/question_components.py", line 620, in __init__
    super().__init__(*args, **kwargs)
Generator: V_S_gen

Failed after 3 attempts for:  File "/Users/tanmaykumar/Desktop/QGen-py-compex/core/components/question_components.py", line 309, in __init__
    super().__init__(*args, **kwargs)

  File "/Users/tanmaykumar/Desktop/QGen-py-compex/GRE/Mock.py", line 85, in generate_question_with_retry
    question_data = question_generator.generate_question()
                    ^^^^^^^^^^^^^^^^^^^^^^^^^^^^^^^^^^^^^^

  File "/Users/tanmaykumar/Desktop/QGen-py-compex/core/components/question_components.py", line 309, in __init__
    super().__init__(*args, **kwargs)
  File "/Users/tanmaykumar/Desktop/QGen-py-compex/GRE/Mock.py", line 85, in generate_question_with_retry
    question_data = question_generator.generate_question()
                    ^^^^^^^^^^^^^^^^^^^^^^^^^^^^^^^^^^^^^^

Prompt: <Literature> - <TC-2> - <difficulty-level: 3> - <vocabulary-level:1>Section: GRE_V  File "/Users/tanmaykumar/Desktop/QGen-py-compex/GRE/Verbal/files/simpleQuestionGeneration.py", line 38, in generate_question
    base_component = SimpleQuestion(self.llm, self.system_instructions, self.global_state, self.prompt, self.lock)
                     ^^^^^^^^^^^^^^^^^^^^^^^^^^^^^^^^^^^^^^^^^^^^^^^^^^^^^^^^^^^^^^^^^^^^^^^^^^^^^^^^^^^^^^^^^^^^^

  File "/Users/tanmaykumar/Desktop/QGen-py-compex/core/components/question_components.py", line 119, in __init__
    raise QuestionGenerationException(f"Invalid prompt format: {prompt}")
  File "/Users/tanmaykumar/Desktop/QGen-py-compex/core/components/question_components.py", line 119, in __init__
    raise QuestionGenerationException(f"Invalid prompt format: {prompt}")
Section: GRE_V
  File "/Users/tanmaykumar/Desktop/QGen-py-compex/core/components/question_components.py", line 309, in __init__
    super().__init__(*args, **kwargs)
  File "/Users/tanmaykumar/Desktop/QGen-py-compex/GRE/Verbal/files/simpleQuestionGeneration.py", line 38, in generate_question
    base_component = SimpleQuestion(self.llm, self.system_instructions, self.global_state, self.prompt, self.lock)
                     ^^^^^^^^^^^^^^^^^^^^^^^^^^^^^^^^^^^^^^^^^^^^^^^^^^^^^^^^^^^^^^^^^^^^^^^^^^^^^^^^^^^^^^^^^^^^^
Generator: V_PC_gen
  File "/Users/tanmaykumar/Desktop/QGen-py-compex/core/components/question_components.py", line 119, in __init__
    raise QuestionGenerationException(f"Invalid prompt format: {prompt}")
  File "/Users/tanmaykumar/Desktop/QGen-py-compex/core/components/question_components.py", line 309, in __init__
    super().__init__(*args, **kwargs)
  File "/Users/tanmaykumar/Desktop/QGen-py-compex/core/components/question_components.py", line 119, in __init__
    raise QuestionGenerationException(f"Invalid prompt format: {prompt}")

Failed after 3 attempts for:
Section: GRE_V

Failed after 3 attempts for:  File "/Users/tanmaykumar/Desktop/QGen-py-compex/core/components/question_components.py", line 119, in __init__
    raise QuestionGenerationException(f"Invalid prompt format: {prompt}")
Generator: V_PC_gen
Failed after 3 attempts for:
Generator: V_S_genPrompt: <Economics> - <RC-L> - <difficulty-level: 3>

Failed after 3 attempts for:



Prompt: <History> - <RC-L> - <difficulty-level: 1>
Section: GRE_VSection: GRE_V

Failed after 3 attempts for:
Prompt: <Science> - <TC-2> - <difficulty-level: 3> - <vocabulary-level:2>Generator: V_S_gen
Section: GRE_V



Prompt: <Philosophy> - <TC-3> - <difficulty-level: 3> - <vocabulary-level:3>Generator: V_S_genSection: GRE_VGenerator: V_S_gen

Prompt: <Literature> - <SE> - <difficulty-level: 2> - <vocabulary-level:2>
Prompt: <Politics> - <TC-1> - <difficulty-level: 4> - <vocabulary-level:2>
Generator: V_S_gen
Prompt: <Literature> - <SE> - <difficulty-level: 1> - <vocabulary-level:1>


Task execution failed: object of type 'NoneType' has no len()
Task execution failed: object of type 'NoneType' has no len()
Task execution failed: object of type 'NoneType' has no len()
Task execution failed: object of type 'NoneType' has no len()
Task execution failed: object of type 'NoneType' has no len()
Task execution failed: object of type 'NoneType' has no len()
Task execution failed: object of type 'NoneType' has no len()
Task execution failed: object of type 'NoneType' has no len()

Attempt 1 failed:

Attempt 1 failed:Error type: QuestionGenerationException

Attempt 1 failed:

Attempt 1 failed:
Error message: Invalid prompt format: <unlocked _thread.lock object at 0x10c383a40>
Error type: QuestionGenerationException

Error type: QuestionGenerationExceptionError message: Invalid prompt format: <unlocked _thread.lock object at 0x10c383dc0>
Generator class: ParentChildQuestionGeneration
Error type: QuestionGenerationException
Traceback:
Error message: Invalid prompt format: <unlocked _thread.lock object at 0x10c381d40>
Error message: Invalid prompt format: <unlocked _thread.lock object at 0x10c382780>

Generator class: SimpleQuestionGenerationGenerator class: SimpleQuestionGeneration
Traceback:
Generator class: SimpleQuestionGenerationTraceback:

  File "/Users/tanmaykumar/Desktop/QGen-py-compex/GRE/Mock.py", line 85, in generate_question_with_retry
    question_data = question_generator.generate_question()
                    ^^^^^^^^^^^^^^^^^^^^^^^^^^^^^^^^^^^^^^
  File "/Users/tanmaykumar/Desktop/QGen-py-compex/GRE/Mock.py", line 85, in generate_question_with_retry
    question_data = question_generator.generate_question()
                    ^^^^^^^^^^^^^^^^^^^^^^^^^^^^^^^^^^^^^^
Traceback:
  File "/Users/tanmaykumar/Desktop/QGen-py-compex/GRE/Verbal/files/simpleQuestionGeneration.py", line 38, in generate_question
    base_component = SimpleQuestion(self.llm, self.system_instructions, self.global_state, self.prompt, self.lock)
                     ^^^^^^^^^^^^^^^^^^^^^^^^^^^^^^^^^^^^^^^^^^^^^^^^^^^^^^^^^^^^^^^^^^^^^^^^^^^^^^^^^^^^^^^^^^^^^
  File "/Users/tanmaykumar/Desktop/QGen-py-compex/GRE/Verbal/files/parentChildQuestionGeneration.py", line 56, in generate_question
    base_component = ParentChildQuestion(self.llm, self.system_instructions, self.global_state, self.prompt, self.lock)
                     ^^^^^^^^^^^^^^^^^^^^^^^^^^^^^^^^^^^^^^^^^^^^^^^^^^^^^^^^^^^^^^^^^^^^^^^^^^^^^^^^^^^^^^^^^^^^^^^^^^

  File "/Users/tanmaykumar/Desktop/QGen-py-compex/core/components/question_components.py", line 309, in __init__
    super().__init__(*args, **kwargs)
  File "/Users/tanmaykumar/Desktop/QGen-py-compex/GRE/Mock.py", line 85, in generate_question_with_retry
    question_data = question_generator.generate_question()
                    ^^^^^^^^^^^^^^^^^^^^^^^^^^^^^^^^^^^^^^
  File "/Users/tanmaykumar/Desktop/QGen-py-compex/core/components/question_components.py", line 620, in __init__
    super().__init__(*args, **kwargs)
  File "/Users/tanmaykumar/Desktop/QGen-py-compex/GRE/Mock.py", line 85, in generate_question_with_retry
    question_data = question_generator.generate_question()
                    ^^^^^^^^^^^^^^^^^^^^^^^^^^^^^^^^^^^^^^
  File "/Users/tanmaykumar/Desktop/QGen-py-compex/core/components/question_components.py", line 119, in __init__
    raise QuestionGenerationException(f"Invalid prompt format: {prompt}")
  File "/Users/tanmaykumar/Desktop/QGen-py-compex/core/components/question_components.py", line 119, in __init__
    raise QuestionGenerationException(f"Invalid prompt format: {prompt}")

Attempt 1 failed, retrying: Invalid prompt format: <unlocked _thread.lock object at 0x10c383a40>
Prompt: <Psychology> - <RC-S> - <difficulty-level: 3>

  File "/Users/tanmaykumar/Desktop/QGen-py-compex/GRE/Verbal/files/simpleQuestionGeneration.py", line 38, in generate_question
    base_component = SimpleQuestion(self.llm, self.system_instructions, self.global_state, self.prompt, self.lock)
                     ^^^^^^^^^^^^^^^^^^^^^^^^^^^^^^^^^^^^^^^^^^^^^^^^^^^^^^^^^^^^^^^^^^^^^^^^^^^^^^^^^^^^^^^^^^^^^
  File "/Users/tanmaykumar/Desktop/QGen-py-compex/GRE/Verbal/files/simpleQuestionGeneration.py", line 38, in generate_question
    base_component = SimpleQuestion(self.llm, self.system_instructions, self.global_state, self.prompt, self.lock)
                     ^^^^^^^^^^^^^^^^^^^^^^^^^^^^^^^^^^^^^^^^^^^^^^^^^^^^^^^^^^^^^^^^^^^^^^^^^^^^^^^^^^^^^^^^^^^^^

  File "/Users/tanmaykumar/Desktop/QGen-py-compex/core/components/question_components.py", line 309, in __init__
    super().__init__(*args, **kwargs)

Attempt 1 failed, retrying: Invalid prompt format: <unlocked _thread.lock object at 0x10c381d40>
Prompt: <Politics> - <SE> - <difficulty-level: 1> - <vocabulary-level:1>

  File "/Users/tanmaykumar/Desktop/QGen-py-compex/core/components/question_components.py", line 309, in __init__
    super().__init__(*args, **kwargs)

  File "/Users/tanmaykumar/Desktop/QGen-py-compex/core/components/question_components.py", line 119, in __init__
    raise QuestionGenerationException(f"Invalid prompt format: {prompt}")
  File "/Users/tanmaykumar/Desktop/QGen-py-compex/core/components/question_components.py", line 119, in __init__
    raise QuestionGenerationException(f"Invalid prompt format: {prompt}")

Attempt 1 failed, retrying: Invalid prompt format: <unlocked _thread.lock object at 0x10c383dc0>
Prompt: <History> - <TC-3> - <difficulty-level: 4> - <vocabulary-level:3>



Attempt 1 failed, retrying: Invalid prompt format: <unlocked _thread.lock object at 0x10c382780>
Prompt: <Philosophy> - <TC-1> - <difficulty-level: 5> - <vocabulary-level:2>


Attempt 2 failed:

Error type: QuestionGenerationException
Error message: Invalid prompt format: <unlocked _thread.lock object at 0x10c383a40>
Generator class: ParentChildQuestionGeneration
Attempt 2 failed:

Attempt 2 failed:
Traceback:

Attempt 2 failed:Error type: QuestionGenerationException


Error type: QuestionGenerationExceptionError type: QuestionGenerationException

Error message: Invalid prompt format: <unlocked _thread.lock object at 0x10c382780>
Generator class: SimpleQuestionGenerationError message: Invalid prompt format: <unlocked _thread.lock object at 0x10c383dc0>
  File "/Users/tanmaykumar/Desktop/QGen-py-compex/GRE/Mock.py", line 85, in generate_question_with_retry
    question_data = question_generator.generate_question()
                    ^^^^^^^^^^^^^^^^^^^^^^^^^^^^^^^^^^^^^^

Traceback:Generator class: SimpleQuestionGenerationError message: Invalid prompt format: <unlocked _thread.lock object at 0x10c381d40>
  File "/Users/tanmaykumar/Desktop/QGen-py-compex/GRE/Verbal/files/parentChildQuestionGeneration.py", line 56, in generate_question
    base_component = ParentChildQuestion(self.llm, self.system_instructions, self.global_state, self.prompt, self.lock)
                     ^^^^^^^^^^^^^^^^^^^^^^^^^^^^^^^^^^^^^^^^^^^^^^^^^^^^^^^^^^^^^^^^^^^^^^^^^^^^^^^^^^^^^^^^^^^^^^^^^^
Generator class: SimpleQuestionGeneration


Traceback:
  File "/Users/tanmaykumar/Desktop/QGen-py-compex/GRE/Mock.py", line 85, in generate_question_with_retry
    question_data = question_generator.generate_question()
                    ^^^^^^^^^^^^^^^^^^^^^^^^^^^^^^^^^^^^^^
Traceback:  File "/Users/tanmaykumar/Desktop/QGen-py-compex/GRE/Verbal/files/simpleQuestionGeneration.py", line 38, in generate_question
    base_component = SimpleQuestion(self.llm, self.system_instructions, self.global_state, self.prompt, self.lock)
                     ^^^^^^^^^^^^^^^^^^^^^^^^^^^^^^^^^^^^^^^^^^^^^^^^^^^^^^^^^^^^^^^^^^^^^^^^^^^^^^^^^^^^^^^^^^^^^
  File "/Users/tanmaykumar/Desktop/QGen-py-compex/core/components/question_components.py", line 620, in __init__
    super().__init__(*args, **kwargs)
  File "/Users/tanmaykumar/Desktop/QGen-py-compex/GRE/Mock.py", line 85, in generate_question_with_retry
    question_data = question_generator.generate_question()
                    ^^^^^^^^^^^^^^^^^^^^^^^^^^^^^^^^^^^^^^

  File "/Users/tanmaykumar/Desktop/QGen-py-compex/core/components/question_components.py", line 309, in __init__
    super().__init__(*args, **kwargs)
  File "/Users/tanmaykumar/Desktop/QGen-py-compex/GRE/Mock.py", line 85, in generate_question_with_retry
    question_data = question_generator.generate_question()
                    ^^^^^^^^^^^^^^^^^^^^^^^^^^^^^^^^^^^^^^
  File "/Users/tanmaykumar/Desktop/QGen-py-compex/core/components/question_components.py", line 119, in __init__
    raise QuestionGenerationException(f"Invalid prompt format: {prompt}")
  File "/Users/tanmaykumar/Desktop/QGen-py-compex/GRE/Verbal/files/simpleQuestionGeneration.py", line 38, in generate_question
    base_component = SimpleQuestion(self.llm, self.system_instructions, self.global_state, self.prompt, self.lock)
                     ^^^^^^^^^^^^^^^^^^^^^^^^^^^^^^^^^^^^^^^^^^^^^^^^^^^^^^^^^^^^^^^^^^^^^^^^^^^^^^^^^^^^^^^^^^^^^
  File "/Users/tanmaykumar/Desktop/QGen-py-compex/core/components/question_components.py", line 309, in __init__
    super().__init__(*args, **kwargs)

Attempt 2 failed, retrying: Invalid prompt format: <unlocked _thread.lock object at 0x10c382780>
Prompt: <Philosophy> - <TC-1> - <difficulty-level: 5> - <vocabulary-level:2>


  File "/Users/tanmaykumar/Desktop/QGen-py-compex/GRE/Verbal/files/simpleQuestionGeneration.py", line 38, in generate_question
    base_component = SimpleQuestion(self.llm, self.system_instructions, self.global_state, self.prompt, self.lock)
                     ^^^^^^^^^^^^^^^^^^^^^^^^^^^^^^^^^^^^^^^^^^^^^^^^^^^^^^^^^^^^^^^^^^^^^^^^^^^^^^^^^^^^^^^^^^^^^
  File "/Users/tanmaykumar/Desktop/QGen-py-compex/core/components/question_components.py", line 309, in __init__
    super().__init__(*args, **kwargs)
  File "/Users/tanmaykumar/Desktop/QGen-py-compex/core/components/question_components.py", line 119, in __init__
    raise QuestionGenerationException(f"Invalid prompt format: {prompt}")
  File "/Users/tanmaykumar/Desktop/QGen-py-compex/core/components/question_components.py", line 119, in __init__
    raise QuestionGenerationException(f"Invalid prompt format: {prompt}")

Attempt 2 failed, retrying: Invalid prompt format: <unlocked _thread.lock object at 0x10c383a40>
Prompt: <Psychology> - <RC-S> - <difficulty-level: 3>


Attempt 3 failed:  File "/Users/tanmaykumar/Desktop/QGen-py-compex/core/components/question_components.py", line 119, in __init__
    raise QuestionGenerationException(f"Invalid prompt format: {prompt}")

Attempt 2 failed, retrying: Invalid prompt format: <unlocked _thread.lock object at 0x10c383dc0>
Prompt: <History> - <TC-3> - <difficulty-level: 4> - <vocabulary-level:3>



Attempt 2 failed, retrying: Invalid prompt format: <unlocked _thread.lock object at 0x10c381d40>
Prompt: <Politics> - <SE> - <difficulty-level: 1> - <vocabulary-level:1>



Error type: QuestionGenerationException

Error message: Invalid prompt format: <unlocked _thread.lock object at 0x10c382780>
Generator class: SimpleQuestionGeneration
Attempt 3 failed:


Attempt 3 failed:Traceback:
Error type: QuestionGenerationException
Attempt 3 failed:

Error message: Invalid prompt format: <unlocked _thread.lock object at 0x10c383a40>Error type: QuestionGenerationException
  File "/Users/tanmaykumar/Desktop/QGen-py-compex/GRE/Mock.py", line 85, in generate_question_with_retry
    question_data = question_generator.generate_question()
                    ^^^^^^^^^^^^^^^^^^^^^^^^^^^^^^^^^^^^^^
Error type: QuestionGenerationException
Generator class: ParentChildQuestionGeneration  File "/Users/tanmaykumar/Desktop/QGen-py-compex/GRE/Verbal/files/simpleQuestionGeneration.py", line 38, in generate_question
    base_component = SimpleQuestion(self.llm, self.system_instructions, self.global_state, self.prompt, self.lock)
                     ^^^^^^^^^^^^^^^^^^^^^^^^^^^^^^^^^^^^^^^^^^^^^^^^^^^^^^^^^^^^^^^^^^^^^^^^^^^^^^^^^^^^^^^^^^^^^

Error message: Invalid prompt format: <unlocked _thread.lock object at 0x10c381d40>


Generator class: SimpleQuestionGeneration  File "/Users/tanmaykumar/Desktop/QGen-py-compex/core/components/question_components.py", line 309, in __init__
    super().__init__(*args, **kwargs)

Traceback:  File "/Users/tanmaykumar/Desktop/QGen-py-compex/core/components/question_components.py", line 119, in __init__
    raise QuestionGenerationException(f"Invalid prompt format: {prompt}")
Traceback:Error message: Invalid prompt format: <unlocked _thread.lock object at 0x10c383dc0>

Failed after 3 attempts for:

Section: GRE_V
  File "/Users/tanmaykumar/Desktop/QGen-py-compex/GRE/Mock.py", line 85, in generate_question_with_retry
    question_data = question_generator.generate_question()
                    ^^^^^^^^^^^^^^^^^^^^^^^^^^^^^^^^^^^^^^
  File "/Users/tanmaykumar/Desktop/QGen-py-compex/GRE/Mock.py", line 85, in generate_question_with_retry
    question_data = question_generator.generate_question()
                    ^^^^^^^^^^^^^^^^^^^^^^^^^^^^^^^^^^^^^^

  File "/Users/tanmaykumar/Desktop/QGen-py-compex/GRE/Verbal/files/simpleQuestionGeneration.py", line 38, in generate_question
    base_component = SimpleQuestion(self.llm, self.system_instructions, self.global_state, self.prompt, self.lock)
                     ^^^^^^^^^^^^^^^^^^^^^^^^^^^^^^^^^^^^^^^^^^^^^^^^^^^^^^^^^^^^^^^^^^^^^^^^^^^^^^^^^^^^^^^^^^^^^
Generator class: SimpleQuestionGeneration
Traceback:  File "/Users/tanmaykumar/Desktop/QGen-py-compex/core/components/question_components.py", line 309, in __init__
    super().__init__(*args, **kwargs)
  File "/Users/tanmaykumar/Desktop/QGen-py-compex/GRE/Verbal/files/parentChildQuestionGeneration.py", line 56, in generate_question
    base_component = ParentChildQuestion(self.llm, self.system_instructions, self.global_state, self.prompt, self.lock)
                     ^^^^^^^^^^^^^^^^^^^^^^^^^^^^^^^^^^^^^^^^^^^^^^^^^^^^^^^^^^^^^^^^^^^^^^^^^^^^^^^^^^^^^^^^^^^^^^^^^^
Generator: V_S_gen
  File "/Users/tanmaykumar/Desktop/QGen-py-compex/core/components/question_components.py", line 620, in __init__
    super().__init__(*args, **kwargs)
  File "/Users/tanmaykumar/Desktop/QGen-py-compex/core/components/question_components.py", line 119, in __init__
    raise QuestionGenerationException(f"Invalid prompt format: {prompt}")
  File "/Users/tanmaykumar/Desktop/QGen-py-compex/GRE/Mock.py", line 85, in generate_question_with_retry
    question_data = question_generator.generate_question()
                    ^^^^^^^^^^^^^^^^^^^^^^^^^^^^^^^^^^^^^^
  File "/Users/tanmaykumar/Desktop/QGen-py-compex/core/components/question_components.py", line 119, in __init__
    raise QuestionGenerationException(f"Invalid prompt format: {prompt}")

Failed after 3 attempts for:
  File "/Users/tanmaykumar/Desktop/QGen-py-compex/GRE/Verbal/files/simpleQuestionGeneration.py", line 38, in generate_question
    base_component = SimpleQuestion(self.llm, self.system_instructions, self.global_state, self.prompt, self.lock)
                     ^^^^^^^^^^^^^^^^^^^^^^^^^^^^^^^^^^^^^^^^^^^^^^^^^^^^^^^^^^^^^^^^^^^^^^^^^^^^^^^^^^^^^^^^^^^^^

Section: GRE_V
Failed after 3 attempts for:Prompt: <Philosophy> - <TC-1> - <difficulty-level: 5> - <vocabulary-level:2>
  File "/Users/tanmaykumar/Desktop/QGen-py-compex/core/components/question_components.py", line 309, in __init__
    super().__init__(*args, **kwargs)
Section: GRE_V
  File "/Users/tanmaykumar/Desktop/QGen-py-compex/core/components/question_components.py", line 119, in __init__
    raise QuestionGenerationException(f"Invalid prompt format: {prompt}")

Generator: V_S_gen
Failed after 3 attempts for:
Generator: V_PC_gen
Section: GRE_VTask failed during final execution: object of type 'NoneType' has no len()



Prompt: <Politics> - <SE> - <difficulty-level: 1> - <vocabulary-level:1>Generator: V_S_genPrompt: <Psychology> - <RC-S> - <difficulty-level: 3>
Prompt: <History> - <TC-3> - <difficulty-level: 4> - <vocabulary-level:3>


Task failed during final execution: object of type 'NoneType' has no len()
Task failed during final execution: object of type 'NoneType' has no len()
Task failed during final execution: object of type 'NoneType' has no len()
GRE paper saved successfully: papers/GRE/GRE_paper-25-06-22-37-difficulty-4.json
sectionNumber: section1
sectionNumber: section2
sectionNumber: section1
sectionNumber: section2
GRE questions registered in database successfully
GRE paper generation completed successfully
Updated difficulty to 5, mock: False
================================================================================
PAPER GENERATION SESSION SUMMARY
GMAT Paper: SUCCESS
GRE Paper: SUCCESS
Total Time: 65.16 seconds
================================================================================
Time taken: 65.16 seconds
================================================================================
=== Question Generation Session Ended ===
Timestamp: 2025-06-25 22:37:44
================================================================================
